split,clip,window_index,first_frame,last_frame,true_label,fight_probability
carve,train/Train_Fight/1tU4kxa51vw_1.avi,0,0,15,Fight,0.001498
carve,train/Train_Fight/1tU4kxa51vw_1.avi,1,8,23,Fight,0.089340
carve,train/Train_Fight/1tU4kxa51vw_1.avi,2,16,31,Fight,0.007167
carve,train/Train_Fight/1tU4kxa51vw_1.avi,3,24,39,Fight,0.008716
carve,train/Train_Fight/1tU4kxa51vw_1.avi,4,32,47,Fight,0.019968
carve,train/Train_Fight/1tU4kxa51vw_1.avi,5,40,55,Fight,0.215259
carve,train/Train_Fight/1tU4kxa51vw_1.avi,6,48,63,Fight,0.903101
carve,train/Train_Fight/1tU4kxa51vw_1.avi,7,56,71,Fight,0.987565
carve,train/Train_Fight/1tU4kxa51vw_1.avi,8,64,79,Fight,0.973096
carve,train/Train_Fight/1tU4kxa51vw_1.avi,9,72,87,Fight,0.576967
carve,train/Train_Fight/1tU4kxa51vw_1.avi,10,80,95,Fight,0.061659
carve,train/Train_Fight/1tU4kxa51vw_1.avi,11,88,103,Fight,0.007001
carve,train/Train_Fight/1tU4kxa51vw_1.avi,12,96,111,Fight,0.001888
carve,train/Train_Fight/1tU4kxa51vw_1.avi,13,104,119,Fight,0.002988
carve,train/Train_Fight/1tU4kxa51vw_1.avi,14,112,127,Fight,0.001710
carve,train/Train_Fight/1tU4kxa51vw_1.avi,15,120,135,Fight,0.016631
carve,train/Train_Fight/1tU4kxa51vw_1.avi,16,128,143,Fight,0.025131
carve,train/Train_Fight/3CQi0ZCCHvc_0.avi,0,0,15,Fight,0.000442
carve,train/Train_Fight/3CQi0ZCCHvc_0.avi,1,8,23,Fight,0.002527
carve,train/Train_Fight/3CQi0ZCCHvc_0.avi,2,16,31,Fight,0.002889
carve,train/Train_Fight/3CQi0ZCCHvc_0.avi,3,24,39,Fight,0.003617
carve,train/Train_Fight/3CQi0ZCCHvc_0.avi,4,32,47,Fight,0.001876
carve,train/Train_Fight/3CQi0ZCCHvc_0.avi,5,40,55,Fight,0.002965
carve,train/Train_Fight/3CQi0ZCCHvc_0.avi,6,48,63,Fight,0.002954
carve,train/Train_Fight/3CQi0ZCCHvc_0.avi,7,56,71,Fight,0.030942
carve,train/Train_Fight/3CQi0ZCCHvc_0.avi,8,64,79,Fight,0.963652
carve,train/Train_Fight/3CQi0ZCCHvc_0.avi,9,72,87,Fight,0.968532
carve,train/Train_Fight/3CQi0ZCCHvc_0.avi,10,80,95,Fight,0.943301
carve,train/Train_Fight/3CQi0ZCCHvc_0.avi,11,88,103,Fight,0.599633
carve,train/Train_Fight/3CQi0ZCCHvc_0.avi,12,96,111,Fight,0.404719
carve,train/Train_Fight/3CQi0ZCCHvc_0.avi,13,104,119,Fight,0.901858
carve,train/Train_Fight/3CQi0ZCCHvc_0.avi,14,112,127,Fight,0.981325
carve,train/Train_Fight/3CQi0ZCCHvc_0.avi,15,120,135,Fight,0.991781
carve,train/Train_Fight/3CQi0ZCCHvc_0.avi,16,128,143,Fight,0.941931
carve,train/Train_Fight/3CQi0ZCCHvc_1.avi,0,0,15,Fight,0.996533
carve,train/Train_Fight/3CQi0ZCCHvc_1.avi,1,8,23,Fight,0.771824
carve,train/Train_Fight/3CQi0ZCCHvc_1.avi,2,16,31,Fight,0.885164
carve,train/Train_Fight/3CQi0ZCCHvc_1.avi,3,24,39,Fight,0.159387
carve,train/Train_Fight/3CQi0ZCCHvc_1.avi,4,32,47,Fight,0.646834
carve,train/Train_Fight/3CQi0ZCCHvc_1.avi,5,40,55,Fight,0.990828
carve,train/Train_Fight/3CQi0ZCCHvc_1.avi,6,48,63,Fight,0.977441
carve,train/Train_Fight/3CQi0ZCCHvc_1.avi,7,56,71,Fight,0.967948
carve,train/Train_Fight/3CQi0ZCCHvc_1.avi,8,64,79,Fight,0.755256
carve,train/Train_Fight/3CQi0ZCCHvc_1.avi,9,72,87,Fight,0.544061
carve,train/Train_Fight/3CQi0ZCCHvc_1.avi,10,80,95,Fight,0.547443
carve,train/Train_Fight/3CQi0ZCCHvc_1.avi,11,88,103,Fight,0.986269
carve,train/Train_Fight/3CQi0ZCCHvc_1.avi,12,96,111,Fight,0.992219
carve,train/Train_Fight/3CQi0ZCCHvc_1.avi,13,104,119,Fight,0.944139
carve,train/Train_Fight/3CQi0ZCCHvc_1.avi,14,112,127,Fight,0.718220
carve,train/Train_Fight/3CQi0ZCCHvc_1.avi,15,120,135,Fight,0.305817
carve,train/Train_Fight/3CQi0ZCCHvc_1.avi,16,128,143,Fight,0.913446
carve,train/Train_Fight/3CQi0ZCCHvc_2.avi,0,0,15,Fight,0.143757
carve,train/Train_Fight/3CQi0ZCCHvc_2.avi,1,8,23,Fight,0.095643
carve,train/Train_Fight/3CQi0ZCCHvc_2.avi,2,16,31,Fight,0.082965
carve,train/Train_Fight/3CQi0ZCCHvc_2.avi,3,24,39,Fight,0.067403
carve,train/Train_Fight/3CQi0ZCCHvc_2.avi,4,32,47,Fight,0.094568
carve,train/Train_Fight/3CQi0ZCCHvc_2.avi,5,40,55,Fight,0.089027
carve,train/Train_Fight/3CQi0ZCCHvc_2.avi,6,48,63,Fight,0.068419
carve,train/Train_Fight/3CQi0ZCCHvc_2.avi,7,56,71,Fight,0.155144
carve,train/Train_Fight/3CQi0ZCCHvc_2.avi,8,64,79,Fight,0.216859
carve,train/Train_Fight/3CQi0ZCCHvc_2.avi,9,72,87,Fight,0.026531
carve,train/Train_Fight/3CQi0ZCCHvc_2.avi,10,80,95,Fight,0.029609
carve,train/Train_Fight/3CQi0ZCCHvc_2.avi,11,88,103,Fight,0.033953
carve,train/Train_Fight/3CQi0ZCCHvc_2.avi,12,96,111,Fight,0.034304
carve,train/Train_Fight/3CQi0ZCCHvc_2.avi,13,104,119,Fight,0.013792
carve,train/Train_Fight/3CQi0ZCCHvc_2.avi,14,112,127,Fight,0.009425
carve,train/Train_Fight/3CQi0ZCCHvc_2.avi,15,120,135,Fight,0.016123
carve,train/Train_Fight/3CQi0ZCCHvc_2.avi,16,128,143,Fight,0.029068
carve,train/Train_Fight/6mrIIcAQ2fI_0.avi,0,0,15,Fight,0.078395
carve,train/Train_Fight/6mrIIcAQ2fI_0.avi,1,8,23,Fight,0.120766
carve,train/Train_Fight/6mrIIcAQ2fI_0.avi,2,16,31,Fight,0.056734
carve,train/Train_Fight/6mrIIcAQ2fI_0.avi,3,24,39,Fight,0.138015
carve,train/Train_Fight/6mrIIcAQ2fI_0.avi,4,32,47,Fight,0.137017
carve,train/Train_Fight/6mrIIcAQ2fI_0.avi,5,40,55,Fight,0.077168
carve,train/Train_Fight/6mrIIcAQ2fI_0.avi,6,48,63,Fight,0.198866
carve,train/Train_Fight/6mrIIcAQ2fI_0.avi,7,56,71,Fight,0.411137
carve,train/Train_Fight/6mrIIcAQ2fI_0.avi,8,64,79,Fight,0.400875
carve,train/Train_Fight/6mrIIcAQ2fI_0.avi,9,72,87,Fight,0.246075
carve,train/Train_Fight/6mrIIcAQ2fI_0.avi,10,80,95,Fight,0.383794
carve,train/Train_Fight/6mrIIcAQ2fI_0.avi,11,88,103,Fight,0.190099
carve,train/Train_Fight/6mrIIcAQ2fI_0.avi,12,96,111,Fight,0.133875
carve,train/Train_Fight/6mrIIcAQ2fI_0.avi,13,104,119,Fight,0.270174
carve,train/Train_Fight/6mrIIcAQ2fI_0.avi,14,112,127,Fight,0.188173
carve,train/Train_Fight/6mrIIcAQ2fI_0.avi,15,120,135,Fight,0.076212
carve,train/Train_Fight/6mrIIcAQ2fI_0.avi,16,128,143,Fight,0.045004
carve,train/Train_Fight/6mrIIcAQ2fI_2.avi,0,0,15,Fight,0.130693
carve,train/Train_Fight/6mrIIcAQ2fI_2.avi,1,8,23,Fight,0.154056
carve,train/Train_Fight/6mrIIcAQ2fI_2.avi,2,16,31,Fight,0.188164
carve,train/Train_Fight/6mrIIcAQ2fI_2.avi,3,24,39,Fight,0.134210
carve,train/Train_Fight/6mrIIcAQ2fI_2.avi,4,32,47,Fight,0.210439
carve,train/Train_Fight/6mrIIcAQ2fI_2.avi,5,40,55,Fight,0.288112
carve,train/Train_Fight/6mrIIcAQ2fI_2.avi,6,48,63,Fight,0.152478
carve,train/Train_Fight/6mrIIcAQ2fI_2.avi,7,56,71,Fight,0.125327
carve,train/Train_Fight/6mrIIcAQ2fI_2.avi,8,64,79,Fight,0.117848
carve,train/Train_Fight/6mrIIcAQ2fI_2.avi,9,72,87,Fight,0.091684
carve,train/Train_Fight/6mrIIcAQ2fI_2.avi,10,80,95,Fight,0.144347
carve,train/Train_Fight/6mrIIcAQ2fI_2.avi,11,88,103,Fight,0.115583
carve,train/Train_Fight/6mrIIcAQ2fI_2.avi,12,96,111,Fight,0.064730
carve,train/Train_Fight/6mrIIcAQ2fI_2.avi,13,104,119,Fight,0.054110
carve,train/Train_Fight/6mrIIcAQ2fI_2.avi,14,112,127,Fight,0.068826
carve,train/Train_Fight/6mrIIcAQ2fI_2.avi,15,120,135,Fight,0.133887
carve,train/Train_Fight/6mrIIcAQ2fI_2.avi,16,128,143,Fight,0.108649
carve,train/Train_Fight/6mrIIcAQ2fI_3.avi,0,0,15,Fight,0.083683
carve,train/Train_Fight/6mrIIcAQ2fI_3.avi,1,8,23,Fight,0.071529
carve,train/Train_Fight/6mrIIcAQ2fI_3.avi,2,16,31,Fight,0.039434
carve,train/Train_Fight/6mrIIcAQ2fI_3.avi,3,24,39,Fight,0.055885
carve,train/Train_Fight/6mrIIcAQ2fI_3.avi,4,32,47,Fight,0.029157
carve,train/Train_Fight/6mrIIcAQ2fI_3.avi,5,40,55,Fight,0.040865
carve,train/Train_Fight/6mrIIcAQ2fI_3.avi,6,48,63,Fight,0.047997
carve,train/Train_Fight/6mrIIcAQ2fI_3.avi,7,56,71,Fight,0.213266
carve,train/Train_Fight/6mrIIcAQ2fI_3.avi,8,64,79,Fight,0.240913
carve,train/Train_Fight/6mrIIcAQ2fI_3.avi,9,72,87,Fight,0.278882
carve,train/Train_Fight/6mrIIcAQ2fI_3.avi,10,80,95,Fight,0.172395
carve,train/Train_Fight/6mrIIcAQ2fI_3.avi,11,88,103,Fight,0.074878
carve,train/Train_Fight/6mrIIcAQ2fI_3.avi,12,96,111,Fight,0.065857
carve,train/Train_Fight/6mrIIcAQ2fI_3.avi,13,104,119,Fight,0.143445
carve,train/Train_Fight/6mrIIcAQ2fI_3.avi,14,112,127,Fight,0.181031
carve,train/Train_Fight/6mrIIcAQ2fI_3.avi,15,120,135,Fight,0.258470
carve,train/Train_Fight/6mrIIcAQ2fI_3.avi,16,128,143,Fight,0.233741
carve,train/Train_Fight/7qtRgyFsk3s_0.avi,0,0,15,Fight,0.430263
carve,train/Train_Fight/7qtRgyFsk3s_0.avi,1,8,23,Fight,0.452767
carve,train/Train_Fight/7qtRgyFsk3s_0.avi,2,16,31,Fight,0.442122
carve,train/Train_Fight/7qtRgyFsk3s_0.avi,3,24,39,Fight,0.464070
carve,train/Train_Fight/7qtRgyFsk3s_0.avi,4,32,47,Fight,0.459394
carve,train/Train_Fight/7qtRgyFsk3s_0.avi,5,40,55,Fight,0.449634
carve,train/Train_Fight/7qtRgyFsk3s_0.avi,6,48,63,Fight,0.405383
carve,train/Train_Fight/7qtRgyFsk3s_0.avi,7,56,71,Fight,0.414891
carve,train/Train_Fight/7qtRgyFsk3s_0.avi,8,64,79,Fight,0.449384
carve,train/Train_Fight/7qtRgyFsk3s_0.avi,9,72,87,Fight,0.471188
carve,train/Train_Fight/7qtRgyFsk3s_0.avi,10,80,95,Fight,0.453052
carve,train/Train_Fight/7qtRgyFsk3s_0.avi,11,88,103,Fight,0.446555
carve,train/Train_Fight/7qtRgyFsk3s_0.avi,12,96,111,Fight,0.415864
carve,train/Train_Fight/7qtRgyFsk3s_0.avi,13,104,119,Fight,0.311754
carve,train/Train_Fight/7qtRgyFsk3s_0.avi,14,112,127,Fight,0.999823
carve,train/Train_Fight/7qtRgyFsk3s_0.avi,15,120,135,Fight,0.949226
carve,train/Train_Fight/7qtRgyFsk3s_0.avi,16,128,143,Fight,0.353209
carve,train/Train_Fight/7qtRgyFsk3s_1.avi,0,0,15,Fight,0.191160
carve,train/Train_Fight/7qtRgyFsk3s_1.avi,1,8,23,Fight,0.737031
carve,train/Train_Fight/7qtRgyFsk3s_1.avi,2,16,31,Fight,0.515639
carve,train/Train_Fight/7qtRgyFsk3s_1.avi,3,24,39,Fight,0.150316
carve,train/Train_Fight/7qtRgyFsk3s_1.avi,4,32,47,Fight,0.107342
carve,train/Train_Fight/7qtRgyFsk3s_1.avi,5,40,55,Fight,0.022384
carve,train/Train_Fight/7qtRgyFsk3s_1.avi,6,48,63,Fight,0.011739
carve,train/Train_Fight/7qtRgyFsk3s_1.avi,7,56,71,Fight,0.038929
carve,train/Train_Fight/7qtRgyFsk3s_1.avi,8,64,79,Fight,0.062465
carve,train/Train_Fight/7qtRgyFsk3s_1.avi,9,72,87,Fight,0.021653
carve,train/Train_Fight/7qtRgyFsk3s_1.avi,10,80,95,Fight,0.024380
carve,train/Train_Fight/7qtRgyFsk3s_1.avi,11,88,103,Fight,0.027122
carve,train/Train_Fight/7qtRgyFsk3s_1.avi,12,96,111,Fight,0.072154
carve,train/Train_Fight/7qtRgyFsk3s_1.avi,13,104,119,Fight,0.073989
carve,train/Train_Fight/7qtRgyFsk3s_1.avi,14,112,127,Fight,0.093383
carve,train/Train_Fight/7qtRgyFsk3s_1.avi,15,120,135,Fight,0.023936
carve,train/Train_Fight/7qtRgyFsk3s_1.avi,16,128,143,Fight,0.024555
carve,train/Train_Fight/8SWZq5we_fk_0.avi,0,0,15,Fight,0.147132
carve,train/Train_Fight/8SWZq5we_fk_0.avi,1,8,23,Fight,0.142702
carve,train/Train_Fight/8SWZq5we_fk_0.avi,2,16,31,Fight,0.029869
carve,train/Train_Fight/8SWZq5we_fk_0.avi,3,24,39,Fight,0.232291
carve,train/Train_Fight/8SWZq5we_fk_0.avi,4,32,47,Fight,0.605529
carve,train/Train_Fight/8SWZq5we_fk_0.avi,5,40,55,Fight,0.664429
carve,train/Train_Fight/8SWZq5we_fk_0.avi,6,48,63,Fight,0.883163
carve,train/Train_Fight/8SWZq5we_fk_0.avi,7,56,71,Fight,0.679024
carve,train/Train_Fight/8SWZq5we_fk_0.avi,8,64,79,Fight,0.145957
carve,train/Train_Fight/8SWZq5we_fk_0.avi,9,72,87,Fight,0.028574
carve,train/Train_Fight/8SWZq5we_fk_0.avi,10,80,95,Fight,0.015166
carve,train/Train_Fight/8SWZq5we_fk_0.avi,11,88,103,Fight,0.011264
carve,train/Train_Fight/8SWZq5we_fk_0.avi,12,96,111,Fight,0.002662
carve,train/Train_Fight/8SWZq5we_fk_0.avi,13,104,119,Fight,0.002550
carve,train/Train_Fight/8SWZq5we_fk_0.avi,14,112,127,Fight,0.003509
carve,train/Train_Fight/8SWZq5we_fk_0.avi,15,120,135,Fight,0.004847
carve,train/Train_Fight/8SWZq5we_fk_0.avi,16,128,143,Fight,0.005055
carve,train/Train_Fight/8SWZq5we_fk_1.avi,0,0,15,Fight,0.258946
carve,train/Train_Fight/8SWZq5we_fk_1.avi,1,8,23,Fight,0.269438
carve,train/Train_Fight/8SWZq5we_fk_1.avi,2,16,31,Fight,0.247936
carve,train/Train_Fight/8SWZq5we_fk_1.avi,3,24,39,Fight,0.223513
carve,train/Train_Fight/8SWZq5we_fk_1.avi,4,32,47,Fight,0.080415
carve,train/Train_Fight/8SWZq5we_fk_1.avi,5,40,55,Fight,0.127765
carve,train/Train_Fight/8SWZq5we_fk_1.avi,6,48,63,Fight,0.052452
carve,train/Train_Fight/8SWZq5we_fk_1.avi,7,56,71,Fight,0.162895
carve,train/Train_Fight/8SWZq5we_fk_1.avi,8,64,79,Fight,0.071165
carve,train/Train_Fight/8SWZq5we_fk_1.avi,9,72,87,Fight,0.456959
carve,train/Train_Fight/8SWZq5we_fk_1.avi,10,80,95,Fight,0.271008
carve,train/Train_Fight/8SWZq5we_fk_1.avi,11,88,103,Fight,0.885655
carve,train/Train_Fight/8SWZq5we_fk_1.avi,12,96,111,Fight,0.489082
carve,train/Train_Fight/8SWZq5we_fk_1.avi,13,104,119,Fight,0.538159
carve,train/Train_Fight/8SWZq5we_fk_1.avi,14,112,127,Fight,0.630846
carve,train/Train_Fight/8SWZq5we_fk_1.avi,15,120,135,Fight,0.368070
carve,train/Train_Fight/8SWZq5we_fk_1.avi,16,128,143,Fight,0.209818
carve,train/Train_Fight/ECoMcgjR_0.avi,0,0,15,Fight,0.041406
carve,train/Train_Fight/ECoMcgjR_0.avi,1,8,23,Fight,0.133195
carve,train/Train_Fight/ECoMcgjR_0.avi,2,16,31,Fight,0.003855
carve,train/Train_Fight/ECoMcgjR_0.avi,3,24,39,Fight,0.000897
carve,train/Train_Fight/ECoMcgjR_0.avi,4,32,47,Fight,0.000452
carve,train/Train_Fight/ECoMcgjR_0.avi,5,40,55,Fight,0.000638
carve,train/Train_Fight/ECoMcgjR_0.avi,6,48,63,Fight,0.001985
carve,train/Train_Fight/ECoMcgjR_0.avi,7,56,71,Fight,0.004497
carve,train/Train_Fight/ECoMcgjR_0.avi,8,64,79,Fight,0.021411
carve,train/Train_Fight/ECoMcgjR_0.avi,9,72,87,Fight,0.008836
carve,train/Train_Fight/ECoMcgjR_0.avi,10,80,95,Fight,0.028733
carve,train/Train_Fight/ECoMcgjR_0.avi,11,88,103,Fight,0.006513
carve,train/Train_Fight/ECoMcgjR_0.avi,12,96,111,Fight,0.017082
carve,train/Train_Fight/ECoMcgjR_0.avi,13,104,119,Fight,0.017532
carve,train/Train_Fight/ECoMcgjR_0.avi,14,112,127,Fight,0.005808
carve,train/Train_Fight/ECoMcgjR_0.avi,15,120,135,Fight,0.001304
carve,train/Train_Fight/ECoMcgjR_0.avi,16,128,143,Fight,0.000435
carve,train/Train_Fight/F7W6PQ3V3y8_0.avi,0,0,15,Fight,0.002152
carve,train/Train_Fight/F7W6PQ3V3y8_0.avi,1,8,23,Fight,0.003242
carve,train/Train_Fight/F7W6PQ3V3y8_0.avi,2,16,31,Fight,0.006789
carve,train/Train_Fight/F7W6PQ3V3y8_0.avi,3,24,39,Fight,0.024544
carve,train/Train_Fight/F7W6PQ3V3y8_0.avi,4,32,47,Fight,0.007009
carve,train/Train_Fight/F7W6PQ3V3y8_0.avi,5,40,55,Fight,0.015440
carve,train/Train_Fight/F7W6PQ3V3y8_0.avi,6,48,63,Fight,0.017333
carve,train/Train_Fight/F7W6PQ3V3y8_0.avi,7,56,71,Fight,0.055501
carve,train/Train_Fight/F7W6PQ3V3y8_0.avi,8,64,79,Fight,0.017514
carve,train/Train_Fight/F7W6PQ3V3y8_0.avi,9,72,87,Fight,0.013541
carve,train/Train_Fight/F7W6PQ3V3y8_0.avi,10,80,95,Fight,0.014488
carve,train/Train_Fight/F7W6PQ3V3y8_0.avi,11,88,103,Fight,0.027855
carve,train/Train_Fight/F7W6PQ3V3y8_0.avi,12,96,111,Fight,0.054137
carve,train/Train_Fight/F7W6PQ3V3y8_0.avi,13,104,119,Fight,0.035264
carve,train/Train_Fight/F7W6PQ3V3y8_0.avi,14,112,127,Fight,0.002987
carve,train/Train_Fight/F7W6PQ3V3y8_0.avi,15,120,135,Fight,0.005779
carve,train/Train_Fight/F7W6PQ3V3y8_0.avi,16,128,143,Fight,0.000629
carve,train/Train_Fight/F7W6PQ3V3y8_1.avi,0,0,15,Fight,0.005438
carve,train/Train_Fight/F7W6PQ3V3y8_1.avi,1,8,23,Fight,0.039703
carve,train/Train_Fight/F7W6PQ3V3y8_1.avi,2,16,31,Fight,0.034770
carve,train/Train_Fight/F7W6PQ3V3y8_1.avi,3,24,39,Fight,0.506543
carve,train/Train_Fight/F7W6PQ3V3y8_1.avi,4,32,47,Fight,0.777278
carve,train/Train_Fight/F7W6PQ3V3y8_1.avi,5,40,55,Fight,0.117828
carve,train/Train_Fight/F7W6PQ3V3y8_1.avi,6,48,63,Fight,0.059248
carve,train/Train_Fight/F7W6PQ3V3y8_1.avi,7,56,71,Fight,0.072924
carve,train/Train_Fight/F7W6PQ3V3y8_1.avi,8,64,79,Fight,0.005859
carve,train/Train_Fight/F7W6PQ3V3y8_1.avi,9,72,87,Fight,0.010753
carve,train/Train_Fight/F7W6PQ3V3y8_1.avi,10,80,95,Fight,0.042546
carve,train/Train_Fight/F7W6PQ3V3y8_1.avi,11,88,103,Fight,0.003044
carve,train/Train_Fight/F7W6PQ3V3y8_1.avi,12,96,111,Fight,0.009256
carve,train/Train_Fight/F7W6PQ3V3y8_1.avi,13,104,119,Fight,0.042766
carve,train/Train_Fight/F7W6PQ3V3y8_1.avi,14,112,127,Fight,0.063493
carve,train/Train_Fight/F7W6PQ3V3y8_1.avi,15,120,135,Fight,0.053223
carve,train/Train_Fight/F7W6PQ3V3y8_1.avi,16,128,143,Fight,0.017723
carve,train/Train_Fight/F7W6PQ3V3y8_10.avi,0,0,15,Fight,0.009129
carve,train/Train_Fight/F7W6PQ3V3y8_10.avi,1,8,23,Fight,0.003475
carve,train/Train_Fight/F7W6PQ3V3y8_10.avi,2,16,31,Fight,0.001897
carve,train/Train_Fight/F7W6PQ3V3y8_10.avi,3,24,39,Fight,0.001878
carve,train/Train_Fight/F7W6PQ3V3y8_10.avi,4,32,47,Fight,0.002023
carve,train/Train_Fight/F7W6PQ3V3y8_10.avi,5,40,55,Fight,0.004047
carve,train/Train_Fight/F7W6PQ3V3y8_10.avi,6,48,63,Fight,0.005366
carve,train/Train_Fight/F7W6PQ3V3y8_10.avi,7,56,71,Fight,0.007143
carve,train/Train_Fight/F7W6PQ3V3y8_10.avi,8,64,79,Fight,0.004893
carve,train/Train_Fight/F7W6PQ3V3y8_10.avi,9,72,87,Fight,0.004895
carve,train/Train_Fight/F7W6PQ3V3y8_10.avi,10,80,95,Fight,0.003632
carve,train/Train_Fight/F7W6PQ3V3y8_10.avi,11,88,103,Fight,0.012187
carve,train/Train_Fight/F7W6PQ3V3y8_10.avi,12,96,111,Fight,0.009949
carve,train/Train_Fight/F7W6PQ3V3y8_10.avi,13,104,119,Fight,0.009871
carve,train/Train_Fight/F7W6PQ3V3y8_10.avi,14,112,127,Fight,0.003848
carve,train/Train_Fight/F7W6PQ3V3y8_10.avi,15,120,135,Fight,0.003489
carve,train/Train_Fight/F7W6PQ3V3y8_10.avi,16,128,143,Fight,0.004053
carve,train/Train_Fight/F7W6PQ3V3y8_11.avi,0,0,15,Fight,0.006541
carve,train/Train_Fight/F7W6PQ3V3y8_11.avi,1,8,23,Fight,0.005706
carve,train/Train_Fight/F7W6PQ3V3y8_11.avi,2,16,31,Fight,0.004963
carve,train/Train_Fight/F7W6PQ3V3y8_11.avi,3,24,39,Fight,0.007262
carve,train/Train_Fight/F7W6PQ3V3y8_11.avi,4,32,47,Fight,0.013524
carve,train/Train_Fight/F7W6PQ3V3y8_11.avi,5,40,55,Fight,0.013839
carve,train/Train_Fight/F7W6PQ3V3y8_11.avi,6,48,63,Fight,0.105560
carve,train/Train_Fight/F7W6PQ3V3y8_11.avi,7,56,71,Fight,0.031978
carve,train/Train_Fight/F7W6PQ3V3y8_11.avi,8,64,79,Fight,0.016368
carve,train/Train_Fight/F7W6PQ3V3y8_11.avi,9,72,87,Fight,0.014576
carve,train/Train_Fight/F7W6PQ3V3y8_11.avi,10,80,95,Fight,0.008533
carve,train/Train_Fight/F7W6PQ3V3y8_11.avi,11,88,103,Fight,0.007239
carve,train/Train_Fight/F7W6PQ3V3y8_11.avi,12,96,111,Fight,0.004710
carve,train/Train_Fight/F7W6PQ3V3y8_11.avi,13,104,119,Fight,0.001767
carve,train/Train_Fight/F7W6PQ3V3y8_11.avi,14,112,127,Fight,0.005361
carve,train/Train_Fight/F7W6PQ3V3y8_11.avi,15,120,135,Fight,0.005325
carve,train/Train_Fight/F7W6PQ3V3y8_11.avi,16,128,143,Fight,0.005234
carve,train/Train_Fight/F7W6PQ3V3y8_2.avi,0,0,15,Fight,0.004207
carve,train/Train_Fight/F7W6PQ3V3y8_2.avi,1,8,23,Fight,0.009167
carve,train/Train_Fight/F7W6PQ3V3y8_2.avi,2,16,31,Fight,0.013773
carve,train/Train_Fight/F7W6PQ3V3y8_2.avi,3,24,39,Fight,0.016432
carve,train/Train_Fight/F7W6PQ3V3y8_2.avi,4,32,47,Fight,0.012936
carve,train/Train_Fight/F7W6PQ3V3y8_2.avi,5,40,55,Fight,0.069827
carve,train/Train_Fight/F7W6PQ3V3y8_2.avi,6,48,63,Fight,0.411743
carve,train/Train_Fight/F7W6PQ3V3y8_2.avi,7,56,71,Fight,0.048520
carve,train/Train_Fight/F7W6PQ3V3y8_2.avi,8,64,79,Fight,0.009937
carve,train/Train_Fight/F7W6PQ3V3y8_2.avi,9,72,87,Fight,0.003733
carve,train/Train_Fight/F7W6PQ3V3y8_2.avi,10,80,95,Fight,0.003776
carve,train/Train_Fight/F7W6PQ3V3y8_2.avi,11,88,103,Fight,0.001587
carve,train/Train_Fight/F7W6PQ3V3y8_2.avi,12,96,111,Fight,0.001577
carve,train/Train_Fight/F7W6PQ3V3y8_2.avi,13,104,119,Fight,0.000980
carve,train/Train_Fight/F7W6PQ3V3y8_2.avi,14,112,127,Fight,0.002658
carve,train/Train_Fight/F7W6PQ3V3y8_2.avi,15,120,135,Fight,0.005961
carve,train/Train_Fight/F7W6PQ3V3y8_2.avi,16,128,143,Fight,0.004688
carve,train/Train_Fight/F7W6PQ3V3y8_3.avi,0,0,15,Fight,0.003510
carve,train/Train_Fight/F7W6PQ3V3y8_3.avi,1,8,23,Fight,0.003551
carve,train/Train_Fight/F7W6PQ3V3y8_3.avi,2,16,31,Fight,0.003870
carve,train/Train_Fight/F7W6PQ3V3y8_3.avi,3,24,39,Fight,0.001991
carve,train/Train_Fight/F7W6PQ3V3y8_3.avi,4,32,47,Fight,0.051974
carve,train/Train_Fight/F7W6PQ3V3y8_3.avi,5,40,55,Fight,0.034494
carve,train/Train_Fight/F7W6PQ3V3y8_3.avi,6,48,63,Fight,0.007568
carve,train/Train_Fight/F7W6PQ3V3y8_3.avi,7,56,71,Fight,0.012253
carve,train/Train_Fight/F7W6PQ3V3y8_3.avi,8,64,79,Fight,0.016511
carve,train/Train_Fight/F7W6PQ3V3y8_3.avi,9,72,87,Fight,0.016465
carve,train/Train_Fight/F7W6PQ3V3y8_3.avi,10,80,95,Fight,0.004216
carve,train/Train_Fight/F7W6PQ3V3y8_3.avi,11,88,103,Fight,0.003306
carve,train/Train_Fight/F7W6PQ3V3y8_3.avi,12,96,111,Fight,0.003839
carve,train/Train_Fight/F7W6PQ3V3y8_3.avi,13,104,119,Fight,0.004072
carve,train/Train_Fight/F7W6PQ3V3y8_3.avi,14,112,127,Fight,0.002588
carve,train/Train_Fight/F7W6PQ3V3y8_3.avi,15,120,135,Fight,0.000875
carve,train/Train_Fight/F7W6PQ3V3y8_3.avi,16,128,143,Fight,0.003928
carve,train/Train_Fight/F7W6PQ3V3y8_4.avi,0,0,15,Fight,0.003207
carve,train/Train_Fight/F7W6PQ3V3y8_4.avi,1,8,23,Fight,0.004919
carve,train/Train_Fight/F7W6PQ3V3y8_4.avi,2,16,31,Fight,0.009543
carve,train/Train_Fight/F7W6PQ3V3y8_4.avi,3,24,39,Fight,0.004015
carve,train/Train_Fight/F7W6PQ3V3y8_4.avi,4,32,47,Fight,0.002714
carve,train/Train_Fight/F7W6PQ3V3y8_4.avi,5,40,55,Fight,0.003425
carve,train/Train_Fight/F7W6PQ3V3y8_4.avi,6,48,63,Fight,0.000769
carve,train/Train_Fight/F7W6PQ3V3y8_4.avi,7,56,71,Fight,0.001035
carve,train/Train_Fight/F7W6PQ3V3y8_4.avi,8,64,79,Fight,0.000752
carve,train/Train_Fight/F7W6PQ3V3y8_4.avi,9,72,87,Fight,0.002282
carve,train/Train_Fight/F7W6PQ3V3y8_4.avi,10,80,95,Fight,0.001129
carve,train/Train_Fight/F7W6PQ3V3y8_4.avi,11,88,103,Fight,0.002978
carve,train/Train_Fight/F7W6PQ3V3y8_4.avi,12,96,111,Fight,0.006745
carve,train/Train_Fight/F7W6PQ3V3y8_4.avi,13,104,119,Fight,0.007994
carve,train/Train_Fight/F7W6PQ3V3y8_4.avi,14,112,127,Fight,0.004409
carve,train/Train_Fight/F7W6PQ3V3y8_4.avi,15,120,135,Fight,0.005380
carve,train/Train_Fight/F7W6PQ3V3y8_4.avi,16,128,143,Fight,0.002467
carve,train/Train_Fight/F7W6PQ3V3y8_5.avi,0,0,15,Fight,0.001647
carve,train/Train_Fight/F7W6PQ3V3y8_5.avi,1,8,23,Fight,0.000402
carve,train/Train_Fight/F7W6PQ3V3y8_5.avi,2,16,31,Fight,0.001101
carve,train/Train_Fight/F7W6PQ3V3y8_5.avi,3,24,39,Fight,0.003330
carve,train/Train_Fight/F7W6PQ3V3y8_5.avi,4,32,47,Fight,0.004723
carve,train/Train_Fight/F7W6PQ3V3y8_5.avi,5,40,55,Fight,0.008036
carve,train/Train_Fight/F7W6PQ3V3y8_5.avi,6,48,63,Fight,0.006792
carve,train/Train_Fight/F7W6PQ3V3y8_5.avi,7,56,71,Fight,0.004473
carve,train/Train_Fight/F7W6PQ3V3y8_5.avi,8,64,79,Fight,0.005466
carve,train/Train_Fight/F7W6PQ3V3y8_5.avi,9,72,87,Fight,0.004676
carve,train/Train_Fight/F7W6PQ3V3y8_5.avi,10,80,95,Fight,0.005763
carve,train/Train_Fight/F7W6PQ3V3y8_5.avi,11,88,103,Fight,0.014847
carve,train/Train_Fight/F7W6PQ3V3y8_5.avi,12,96,111,Fight,0.011397
carve,train/Train_Fight/F7W6PQ3V3y8_5.avi,13,104,119,Fight,0.006614
carve,train/Train_Fight/F7W6PQ3V3y8_5.avi,14,112,127,Fight,0.038825
carve,train/Train_Fight/F7W6PQ3V3y8_5.avi,15,120,135,Fight,0.010707
carve,train/Train_Fight/F7W6PQ3V3y8_5.avi,16,128,143,Fight,0.003624
carve,train/Train_Fight/F7W6PQ3V3y8_6.avi,0,0,15,Fight,0.002456
carve,train/Train_Fight/F7W6PQ3V3y8_6.avi,1,8,23,Fight,0.004459
carve,train/Train_Fight/F7W6PQ3V3y8_6.avi,2,16,31,Fight,0.073638
carve,train/Train_Fight/F7W6PQ3V3y8_6.avi,3,24,39,Fight,0.004237
carve,train/Train_Fight/F7W6PQ3V3y8_6.avi,4,32,47,Fight,0.003112
carve,train/Train_Fight/F7W6PQ3V3y8_6.avi,5,40,55,Fight,0.010606
carve,train/Train_Fight/F7W6PQ3V3y8_6.avi,6,48,63,Fight,0.004300
carve,train/Train_Fight/F7W6PQ3V3y8_6.avi,7,56,71,Fight,0.006675
carve,train/Train_Fight/F7W6PQ3V3y8_6.avi,8,64,79,Fight,0.001574
carve,train/Train_Fight/F7W6PQ3V3y8_6.avi,9,72,87,Fight,0.000853
carve,train/Train_Fight/F7W6PQ3V3y8_6.avi,10,80,95,Fight,0.000679
carve,train/Train_Fight/F7W6PQ3V3y8_6.avi,11,88,103,Fight,0.002303
carve,train/Train_Fight/F7W6PQ3V3y8_6.avi,12,96,111,Fight,0.000776
carve,train/Train_Fight/F7W6PQ3V3y8_6.avi,13,104,119,Fight,0.000209
carve,train/Train_Fight/F7W6PQ3V3y8_6.avi,14,112,127,Fight,0.001174
carve,train/Train_Fight/F7W6PQ3V3y8_6.avi,15,120,135,Fight,0.005392
carve,train/Train_Fight/F7W6PQ3V3y8_6.avi,16,128,143,Fight,0.009528
carve,train/Train_Fight/F7W6PQ3V3y8_7.avi,0,0,15,Fight,0.000658
carve,train/Train_Fight/F7W6PQ3V3y8_7.avi,1,8,23,Fight,0.001591
carve,train/Train_Fight/F7W6PQ3V3y8_7.avi,2,16,31,Fight,0.000707
carve,train/Train_Fight/F7W6PQ3V3y8_7.avi,3,24,39,Fight,0.000465
carve,train/Train_Fight/F7W6PQ3V3y8_7.avi,4,32,47,Fight,0.003148
carve,train/Train_Fight/F7W6PQ3V3y8_7.avi,5,40,55,Fight,0.006479
carve,train/Train_Fight/F7W6PQ3V3y8_7.avi,6,48,63,Fight,0.011718
carve,train/Train_Fight/F7W6PQ3V3y8_7.avi,7,56,71,Fight,0.010884
carve,train/Train_Fight/F7W6PQ3V3y8_7.avi,8,64,79,Fight,0.056396
carve,train/Train_Fight/F7W6PQ3V3y8_7.avi,9,72,87,Fight,0.014352
carve,train/Train_Fight/F7W6PQ3V3y8_7.avi,10,80,95,Fight,0.018768
carve,train/Train_Fight/F7W6PQ3V3y8_7.avi,11,88,103,Fight,0.011411
carve,train/Train_Fight/F7W6PQ3V3y8_7.avi,12,96,111,Fight,0.033370
carve,train/Train_Fight/F7W6PQ3V3y8_7.avi,13,104,119,Fight,0.038001
carve,train/Train_Fight/F7W6PQ3V3y8_7.avi,14,112,127,Fight,0.010400
carve,train/Train_Fight/F7W6PQ3V3y8_7.avi,15,120,135,Fight,0.013940
carve,train/Train_Fight/F7W6PQ3V3y8_7.avi,16,128,143,Fight,0.102249
carve,train/Train_Fight/F7W6PQ3V3y8_8.avi,0,0,15,Fight,0.005990
carve,train/Train_Fight/F7W6PQ3V3y8_8.avi,1,8,23,Fight,0.002117
carve,train/Train_Fight/F7W6PQ3V3y8_8.avi,2,16,31,Fight,0.003309
carve,train/Train_Fight/F7W6PQ3V3y8_8.avi,3,24,39,Fight,0.004420
carve,train/Train_Fight/F7W6PQ3V3y8_8.avi,4,32,47,Fight,0.003407
carve,train/Train_Fight/F7W6PQ3V3y8_8.avi,5,40,55,Fight,0.004689
carve,train/Train_Fight/F7W6PQ3V3y8_8.avi,6,48,63,Fight,0.006501
carve,train/Train_Fight/F7W6PQ3V3y8_8.avi,7,56,71,Fight,0.010043
carve,train/Train_Fight/F7W6PQ3V3y8_8.avi,8,64,79,Fight,0.006817
carve,train/Train_Fight/F7W6PQ3V3y8_8.avi,9,72,87,Fight,0.023318
carve,train/Train_Fight/F7W6PQ3V3y8_8.avi,10,80,95,Fight,0.042433
carve,train/Train_Fight/F7W6PQ3V3y8_8.avi,11,88,103,Fight,0.018450
carve,train/Train_Fight/F7W6PQ3V3y8_8.avi,12,96,111,Fight,0.016681
carve,train/Train_Fight/F7W6PQ3V3y8_8.avi,13,104,119,Fight,0.051935
carve,train/Train_Fight/F7W6PQ3V3y8_8.avi,14,112,127,Fight,0.070048
carve,train/Train_Fight/F7W6PQ3V3y8_8.avi,15,120,135,Fight,0.189785
carve,train/Train_Fight/F7W6PQ3V3y8_8.avi,16,128,143,Fight,0.063305
carve,train/Train_Fight/F7W6PQ3V3y8_9.avi,0,0,15,Fight,0.061498
carve,train/Train_Fight/F7W6PQ3V3y8_9.avi,1,8,23,Fight,0.020757
carve,train/Train_Fight/F7W6PQ3V3y8_9.avi,2,16,31,Fight,0.006239
carve,train/Train_Fight/F7W6PQ3V3y8_9.avi,3,24,39,Fight,0.035974
carve,train/Train_Fight/F7W6PQ3V3y8_9.avi,4,32,47,Fight,0.070695
carve,train/Train_Fight/F7W6PQ3V3y8_9.avi,5,40,55,Fight,0.017585
carve,train/Train_Fight/F7W6PQ3V3y8_9.avi,6,48,63,Fight,0.047903
carve,train/Train_Fight/F7W6PQ3V3y8_9.avi,7,56,71,Fight,0.021415
carve,train/Train_Fight/F7W6PQ3V3y8_9.avi,8,64,79,Fight,0.036727
carve,train/Train_Fight/F7W6PQ3V3y8_9.avi,9,72,87,Fight,0.024254
carve,train/Train_Fight/F7W6PQ3V3y8_9.avi,10,80,95,Fight,0.059048
carve,train/Train_Fight/F7W6PQ3V3y8_9.avi,11,88,103,Fight,0.026051
carve,train/Train_Fight/F7W6PQ3V3y8_9.avi,12,96,111,Fight,0.012350
carve,train/Train_Fight/F7W6PQ3V3y8_9.avi,13,104,119,Fight,0.010924
carve,train/Train_Fight/F7W6PQ3V3y8_9.avi,14,112,127,Fight,0.007775
carve,train/Train_Fight/F7W6PQ3V3y8_9.avi,15,120,135,Fight,0.028205
carve,train/Train_Fight/F7W6PQ3V3y8_9.avi,16,128,143,Fight,0.024824
carve,train/Train_Fight/FSaZ8wiFw8Q_0.avi,0,0,15,Fight,0.002687
carve,train/Train_Fight/FSaZ8wiFw8Q_0.avi,1,8,23,Fight,0.005853
carve,train/Train_Fight/FSaZ8wiFw8Q_0.avi,2,16,31,Fight,0.002926
carve,train/Train_Fight/FSaZ8wiFw8Q_0.avi,3,24,39,Fight,0.021291
carve,train/Train_Fight/FSaZ8wiFw8Q_0.avi,4,32,47,Fight,0.041105
carve,train/Train_Fight/FSaZ8wiFw8Q_0.avi,5,40,55,Fight,0.266222
carve,train/Train_Fight/FSaZ8wiFw8Q_0.avi,6,48,63,Fight,0.824305
carve,train/Train_Fight/FSaZ8wiFw8Q_0.avi,7,56,71,Fight,0.903437
carve,train/Train_Fight/FSaZ8wiFw8Q_0.avi,8,64,79,Fight,0.994864
carve,train/Train_Fight/FSaZ8wiFw8Q_0.avi,9,72,87,Fight,0.997107
carve,train/Train_Fight/FSaZ8wiFw8Q_0.avi,10,80,95,Fight,0.787263
carve,train/Train_Fight/FSaZ8wiFw8Q_0.avi,11,88,103,Fight,0.700094
carve,train/Train_Fight/FSaZ8wiFw8Q_0.avi,12,96,111,Fight,0.545240
carve,train/Train_Fight/FSaZ8wiFw8Q_0.avi,13,104,119,Fight,0.526171
carve,train/Train_Fight/FSaZ8wiFw8Q_0.avi,14,112,127,Fight,0.159233
carve,train/Train_Fight/FSaZ8wiFw8Q_0.avi,15,120,135,Fight,0.203061
carve,train/Train_Fight/FSaZ8wiFw8Q_0.avi,16,128,143,Fight,0.501820
carve,train/Train_Fight/Fc45rUKM_0.avi,0,0,15,Fight,0.058507
carve,train/Train_Fight/Fc45rUKM_0.avi,1,8,23,Fight,0.048369
carve,train/Train_Fight/Fc45rUKM_0.avi,2,16,31,Fight,0.057290
carve,train/Train_Fight/Fc45rUKM_0.avi,3,24,39,Fight,0.041658
carve,train/Train_Fight/Fc45rUKM_0.avi,4,32,47,Fight,0.135433
carve,train/Train_Fight/Fc45rUKM_0.avi,5,40,55,Fight,0.501961
carve,train/Train_Fight/Fc45rUKM_0.avi,6,48,63,Fight,0.275479
carve,train/Train_Fight/Fc45rUKM_0.avi,7,56,71,Fight,0.142977
carve,train/Train_Fight/Fc45rUKM_0.avi,8,64,79,Fight,0.349846
carve,train/Train_Fight/Fc45rUKM_0.avi,9,72,87,Fight,0.274481
carve,train/Train_Fight/Fc45rUKM_0.avi,10,80,95,Fight,0.750919
carve,train/Train_Fight/Fc45rUKM_0.avi,11,88,103,Fight,0.456725
carve,train/Train_Fight/Fc45rUKM_0.avi,12,96,111,Fight,0.118600
carve,train/Train_Fight/Fc45rUKM_0.avi,13,104,119,Fight,0.092547
carve,train/Train_Fight/Fc45rUKM_0.avi,14,112,127,Fight,0.092497
carve,train/Train_Fight/Fc45rUKM_0.avi,15,120,135,Fight,0.069566
carve,train/Train_Fight/Fc45rUKM_0.avi,16,128,143,Fight,0.082854
carve,train/Train_Fight/Fc45rUKM_1.avi,0,0,15,Fight,0.108012
carve,train/Train_Fight/Fc45rUKM_1.avi,1,8,23,Fight,0.075757
carve,train/Train_Fight/Fc45rUKM_1.avi,2,16,31,Fight,0.075798
carve,train/Train_Fight/Fc45rUKM_1.avi,3,24,39,Fight,0.054700
carve,train/Train_Fight/Fc45rUKM_1.avi,4,32,47,Fight,0.064016
carve,train/Train_Fight/Fc45rUKM_1.avi,5,40,55,Fight,0.070426
carve,train/Train_Fight/Fc45rUKM_1.avi,6,48,63,Fight,0.066913
carve,train/Train_Fight/Fc45rUKM_1.avi,7,56,71,Fight,0.077447
carve,train/Train_Fight/Fc45rUKM_1.avi,8,64,79,Fight,0.081958
carve,train/Train_Fight/Fc45rUKM_1.avi,9,72,87,Fight,0.082790
carve,train/Train_Fight/Fc45rUKM_1.avi,10,80,95,Fight,0.074940
carve,train/Train_Fight/Fc45rUKM_1.avi,11,88,103,Fight,0.061718
carve,train/Train_Fight/Fc45rUKM_1.avi,12,96,111,Fight,0.070015
carve,train/Train_Fight/Fc45rUKM_1.avi,13,104,119,Fight,0.070087
carve,train/Train_Fight/Fc45rUKM_1.avi,14,112,127,Fight,0.073484
carve,train/Train_Fight/Fc45rUKM_1.avi,15,120,135,Fight,0.051016
carve,train/Train_Fight/Fc45rUKM_1.avi,16,128,143,Fight,0.069810
carve,train/Train_Fight/Fc45rUKM_2.avi,0,0,15,Fight,0.092098
carve,train/Train_Fight/Fc45rUKM_2.avi,1,8,23,Fight,0.074830
carve,train/Train_Fight/Fc45rUKM_2.avi,2,16,31,Fight,0.047235
carve,train/Train_Fight/Fc45rUKM_2.avi,3,24,39,Fight,0.047694
carve,train/Train_Fight/Fc45rUKM_2.avi,4,32,47,Fight,0.072617
carve,train/Train_Fight/Fc45rUKM_2.avi,5,40,55,Fight,0.068145
carve,train/Train_Fight/Fc45rUKM_2.avi,6,48,63,Fight,0.066746
carve,train/Train_Fight/Fc45rUKM_2.avi,7,56,71,Fight,0.013886
carve,train/Train_Fight/Fc45rUKM_2.avi,8,64,79,Fight,0.006797
carve,train/Train_Fight/Fc45rUKM_2.avi,9,72,87,Fight,0.006481
carve,train/Train_Fight/Fc45rUKM_2.avi,10,80,95,Fight,0.010672
carve,train/Train_Fight/Fc45rUKM_2.avi,11,88,103,Fight,0.013232
carve,train/Train_Fight/Fc45rUKM_2.avi,12,96,111,Fight,0.024658
carve,train/Train_Fight/Fc45rUKM_2.avi,13,104,119,Fight,0.036577
carve,train/Train_Fight/Fc45rUKM_2.avi,14,112,127,Fight,0.052452
carve,train/Train_Fight/Fc45rUKM_2.avi,15,120,135,Fight,0.050007
carve,train/Train_Fight/Fc45rUKM_2.avi,16,128,143,Fight,0.053670
carve,train/Train_Fight/Fc45rUKM_3.avi,0,0,15,Fight,0.064731
carve,train/Train_Fight/Fc45rUKM_3.avi,1,8,23,Fight,0.089090
carve,train/Train_Fight/Fc45rUKM_3.avi,2,16,31,Fight,0.089908
carve,train/Train_Fight/Fc45rUKM_3.avi,3,24,39,Fight,0.087867
carve,train/Train_Fight/Fc45rUKM_3.avi,4,32,47,Fight,0.099627
carve,train/Train_Fight/Fc45rUKM_3.avi,5,40,55,Fight,0.133245
carve,train/Train_Fight/Fc45rUKM_3.avi,6,48,63,Fight,0.085661
carve,train/Train_Fight/Fc45rUKM_3.avi,7,56,71,Fight,0.083044
carve,train/Train_Fight/Fc45rUKM_3.avi,8,64,79,Fight,0.088239
carve,train/Train_Fight/Fc45rUKM_3.avi,9,72,87,Fight,0.071300
carve,train/Train_Fight/Fc45rUKM_3.avi,10,80,95,Fight,0.078454
carve,train/Train_Fight/Fc45rUKM_3.avi,11,88,103,Fight,0.106661
carve,train/Train_Fight/Fc45rUKM_3.avi,12,96,111,Fight,0.093187
carve,train/Train_Fight/Fc45rUKM_3.avi,13,104,119,Fight,0.080391
carve,train/Train_Fight/Fc45rUKM_3.avi,14,112,127,Fight,0.143887
carve,train/Train_Fight/Fc45rUKM_3.avi,15,120,135,Fight,0.079067
carve,train/Train_Fight/Fc45rUKM_3.avi,16,128,143,Fight,0.092002
carve,train/Train_Fight/Fc45rUKM_4.avi,0,0,15,Fight,0.207079
carve,train/Train_Fight/Fc45rUKM_4.avi,1,8,23,Fight,0.230368
carve,train/Train_Fight/Fc45rUKM_4.avi,2,16,31,Fight,0.226404
carve,train/Train_Fight/Fc45rUKM_4.avi,3,24,39,Fight,0.112724
carve,train/Train_Fight/Fc45rUKM_4.avi,4,32,47,Fight,0.112310
carve,train/Train_Fight/Fc45rUKM_4.avi,5,40,55,Fight,0.169975
carve,train/Train_Fight/Fc45rUKM_4.avi,6,48,63,Fight,0.169661
carve,train/Train_Fight/Fc45rUKM_4.avi,7,56,71,Fight,0.107857
carve,train/Train_Fight/Fc45rUKM_4.avi,8,64,79,Fight,0.110247
carve,train/Train_Fight/Fc45rUKM_4.avi,9,72,87,Fight,0.221752
carve,train/Train_Fight/Fc45rUKM_4.avi,10,80,95,Fight,0.166025
carve,train/Train_Fight/Fc45rUKM_4.avi,11,88,103,Fight,0.121648
carve,train/Train_Fight/Fc45rUKM_4.avi,12,96,111,Fight,0.127537
carve,train/Train_Fight/Fc45rUKM_4.avi,13,104,119,Fight,0.106415
carve,train/Train_Fight/Fc45rUKM_4.avi,14,112,127,Fight,0.096747
carve,train/Train_Fight/Fc45rUKM_4.avi,15,120,135,Fight,0.086848
carve,train/Train_Fight/Fc45rUKM_4.avi,16,128,143,Fight,0.113511
carve,train/Train_Fight/Fc45rUKM_5.avi,0,0,15,Fight,0.074772
carve,train/Train_Fight/Fc45rUKM_5.avi,1,8,23,Fight,0.068266
carve,train/Train_Fight/Fc45rUKM_5.avi,2,16,31,Fight,0.052505
carve,train/Train_Fight/Fc45rUKM_5.avi,3,24,39,Fight,0.062064
carve,train/Train_Fight/Fc45rUKM_5.avi,4,32,47,Fight,0.079007
carve,train/Train_Fight/Fc45rUKM_5.avi,5,40,55,Fight,0.120741
carve,train/Train_Fight/Fc45rUKM_5.avi,6,48,63,Fight,0.094972
carve,train/Train_Fight/Fc45rUKM_5.avi,7,56,71,Fight,0.060724
carve,train/Train_Fight/Fc45rUKM_5.avi,8,64,79,Fight,0.068333
carve,train/Train_Fight/Fc45rUKM_5.avi,9,72,87,Fight,0.059239
carve,train/Train_Fight/Fc45rUKM_5.avi,10,80,95,Fight,0.067610
carve,train/Train_Fight/Fc45rUKM_5.avi,11,88,103,Fight,0.066444
carve,train/Train_Fight/Fc45rUKM_5.avi,12,96,111,Fight,0.100667
carve,train/Train_Fight/Fc45rUKM_5.avi,13,104,119,Fight,0.148861
carve,train/Train_Fight/Fc45rUKM_5.avi,14,112,127,Fight,0.157482
carve,train/Train_Fight/Fc45rUKM_5.avi,15,120,135,Fight,0.095641
carve,train/Train_Fight/Fc45rUKM_5.avi,16,128,143,Fight,0.087080
carve,train/Train_Fight/Fc45rUKM_6.avi,0,0,15,Fight,0.080692
carve,train/Train_Fight/Fc45rUKM_6.avi,1,8,23,Fight,0.067239
carve,train/Train_Fight/Fc45rUKM_6.avi,2,16,31,Fight,0.070088
carve,train/Train_Fight/Fc45rUKM_6.avi,3,24,39,Fight,0.063887
carve,train/Train_Fight/Fc45rUKM_6.avi,4,32,47,Fight,0.084518
carve,train/Train_Fight/Fc45rUKM_6.avi,5,40,55,Fight,0.073486
carve,train/Train_Fight/Fc45rUKM_6.avi,6,48,63,Fight,0.043072
carve,train/Train_Fight/Fc45rUKM_6.avi,7,56,71,Fight,0.053865
carve,train/Train_Fight/Fc45rUKM_6.avi,8,64,79,Fight,0.173145
carve,train/Train_Fight/Fc45rUKM_6.avi,9,72,87,Fight,0.470572
carve,train/Train_Fight/Fc45rUKM_6.avi,10,80,95,Fight,0.200634
carve,train/Train_Fight/Fc45rUKM_6.avi,11,88,103,Fight,0.087045
carve,train/Train_Fight/Fc45rUKM_6.avi,12,96,111,Fight,0.070786
carve,train/Train_Fight/Fc45rUKM_6.avi,13,104,119,Fight,0.080259
carve,train/Train_Fight/Fc45rUKM_6.avi,14,112,127,Fight,0.089645
carve,train/Train_Fight/Fc45rUKM_6.avi,15,120,135,Fight,0.080640
carve,train/Train_Fight/Fc45rUKM_6.avi,16,128,143,Fight,0.123107
carve,train/Train_Fight/GafFu4IZtIA_0.avi,0,0,15,Fight,0.000073
carve,train/Train_Fight/GafFu4IZtIA_0.avi,1,8,23,Fight,0.001034
carve,train/Train_Fight/GafFu4IZtIA_0.avi,2,16,31,Fight,0.020563
carve,train/Train_Fight/GafFu4IZtIA_0.avi,3,24,39,Fight,0.016024
carve,train/Train_Fight/GafFu4IZtIA_0.avi,4,32,47,Fight,0.003359
carve,train/Train_Fight/GafFu4IZtIA_0.avi,5,40,55,Fight,0.050631
carve,train/Train_Fight/GafFu4IZtIA_0.avi,6,48,63,Fight,0.125563
carve,train/Train_Fight/GafFu4IZtIA_0.avi,7,56,71,Fight,0.019906
carve,train/Train_Fight/GafFu4IZtIA_0.avi,8,64,79,Fight,0.054049
carve,train/Train_Fight/GafFu4IZtIA_0.avi,9,72,87,Fight,0.043365
carve,train/Train_Fight/GafFu4IZtIA_0.avi,10,80,95,Fight,0.030889
carve,train/Train_Fight/GafFu4IZtIA_0.avi,11,88,103,Fight,0.006761
carve,train/Train_Fight/GafFu4IZtIA_0.avi,12,96,111,Fight,0.082990
carve,train/Train_Fight/GafFu4IZtIA_0.avi,13,104,119,Fight,0.091384
carve,train/Train_Fight/GafFu4IZtIA_0.avi,14,112,127,Fight,0.041005
carve,train/Train_Fight/GafFu4IZtIA_0.avi,15,120,135,Fight,0.011311
carve,train/Train_Fight/GafFu4IZtIA_0.avi,16,128,143,Fight,0.074267
carve,train/Train_Fight/GafFu4IZtIA_1.avi,0,0,15,Fight,0.011399
carve,train/Train_Fight/GafFu4IZtIA_1.avi,1,8,23,Fight,0.009556
carve,train/Train_Fight/GafFu4IZtIA_1.avi,2,16,31,Fight,0.012368
carve,train/Train_Fight/GafFu4IZtIA_1.avi,3,24,39,Fight,0.014018
carve,train/Train_Fight/GafFu4IZtIA_1.avi,4,32,47,Fight,0.019649
carve,train/Train_Fight/GafFu4IZtIA_1.avi,5,40,55,Fight,0.070664
carve,train/Train_Fight/GafFu4IZtIA_1.avi,6,48,63,Fight,0.164307
carve,train/Train_Fight/GafFu4IZtIA_1.avi,7,56,71,Fight,0.056431
carve,train/Train_Fight/GafFu4IZtIA_1.avi,8,64,79,Fight,0.013796
carve,train/Train_Fight/GafFu4IZtIA_1.avi,9,72,87,Fight,0.144876
carve,train/Train_Fight/GafFu4IZtIA_1.avi,10,80,95,Fight,0.234490
carve,train/Train_Fight/GafFu4IZtIA_1.avi,11,88,103,Fight,0.621149
carve,train/Train_Fight/GafFu4IZtIA_1.avi,12,96,111,Fight,0.929070
carve,train/Train_Fight/GafFu4IZtIA_1.avi,13,104,119,Fight,0.417256
carve,train/Train_Fight/GafFu4IZtIA_1.avi,14,112,127,Fight,0.267514
carve,train/Train_Fight/GafFu4IZtIA_1.avi,15,120,135,Fight,0.073314
carve,train/Train_Fight/GafFu4IZtIA_1.avi,16,128,143,Fight,0.049464
carve,train/Train_Fight/GafFu4IZtIA_2.avi,0,0,15,Fight,0.001325
carve,train/Train_Fight/GafFu4IZtIA_2.avi,1,8,23,Fight,0.001064
carve,train/Train_Fight/GafFu4IZtIA_2.avi,2,16,31,Fight,0.000526
carve,train/Train_Fight/GafFu4IZtIA_2.avi,3,24,39,Fight,0.000648
carve,train/Train_Fight/GafFu4IZtIA_2.avi,4,32,47,Fight,0.002796
carve,train/Train_Fight/GafFu4IZtIA_2.avi,5,40,55,Fight,0.001090
carve,train/Train_Fight/GafFu4IZtIA_2.avi,6,48,63,Fight,0.005806
carve,train/Train_Fight/GafFu4IZtIA_2.avi,7,56,71,Fight,0.002278
carve,train/Train_Fight/GafFu4IZtIA_2.avi,8,64,79,Fight,0.001735
carve,train/Train_Fight/GafFu4IZtIA_2.avi,9,72,87,Fight,0.002220
carve,train/Train_Fight/GafFu4IZtIA_2.avi,10,80,95,Fight,0.000471
carve,train/Train_Fight/GafFu4IZtIA_2.avi,11,88,103,Fight,0.000176
carve,train/Train_Fight/GafFu4IZtIA_2.avi,12,96,111,Fight,0.003236
carve,train/Train_Fight/GafFu4IZtIA_2.avi,13,104,119,Fight,0.024330
carve,train/Train_Fight/GafFu4IZtIA_2.avi,14,112,127,Fight,0.165804
carve,train/Train_Fight/GafFu4IZtIA_2.avi,15,120,135,Fight,0.054448
carve,train/Train_Fight/GafFu4IZtIA_2.avi,16,128,143,Fight,0.018067
carve,train/Train_Fight/GafFu4IZtIA_3.avi,0,0,15,Fight,0.000195
carve,train/Train_Fight/GafFu4IZtIA_3.avi,1,8,23,Fight,0.000757
carve,train/Train_Fight/GafFu4IZtIA_3.avi,2,16,31,Fight,0.000120
carve,train/Train_Fight/GafFu4IZtIA_3.avi,3,24,39,Fight,0.000524
carve,train/Train_Fight/GafFu4IZtIA_3.avi,4,32,47,Fight,0.000027
carve,train/Train_Fight/GafFu4IZtIA_3.avi,5,40,55,Fight,0.000025
carve,train/Train_Fight/GafFu4IZtIA_3.avi,6,48,63,Fight,0.000850
carve,train/Train_Fight/GafFu4IZtIA_3.avi,7,56,71,Fight,0.000536
carve,train/Train_Fight/GafFu4IZtIA_3.avi,8,64,79,Fight,0.006950
carve,train/Train_Fight/GafFu4IZtIA_3.avi,9,72,87,Fight,0.005399
carve,train/Train_Fight/GafFu4IZtIA_3.avi,10,80,95,Fight,0.002003
carve,train/Train_Fight/GafFu4IZtIA_3.avi,11,88,103,Fight,0.000626
carve,train/Train_Fight/GafFu4IZtIA_3.avi,12,96,111,Fight,0.000288
carve,train/Train_Fight/GafFu4IZtIA_3.avi,13,104,119,Fight,0.000307
carve,train/Train_Fight/GafFu4IZtIA_3.avi,14,112,127,Fight,0.001287
carve,train/Train_Fight/GafFu4IZtIA_3.avi,15,120,135,Fight,0.002969
carve,train/Train_Fight/GafFu4IZtIA_3.avi,16,128,143,Fight,0.002170
carve,train/Train_Fight/GafFu4IZtIA_4.avi,0,0,15,Fight,0.000923
carve,train/Train_Fight/GafFu4IZtIA_4.avi,1,8,23,Fight,0.000508
carve,train/Train_Fight/GafFu4IZtIA_4.avi,2,16,31,Fight,0.001279
carve,train/Train_Fight/GafFu4IZtIA_4.avi,3,24,39,Fight,0.001276
carve,train/Train_Fight/GafFu4IZtIA_4.avi,4,32,47,Fight,0.000078
carve,train/Train_Fight/GafFu4IZtIA_4.avi,5,40,55,Fight,0.000411
carve,train/Train_Fight/GafFu4IZtIA_4.avi,6,48,63,Fight,0.000740
carve,train/Train_Fight/GafFu4IZtIA_4.avi,7,56,71,Fight,0.007718
carve,train/Train_Fight/GafFu4IZtIA_4.avi,8,64,79,Fight,0.010443
carve,train/Train_Fight/GafFu4IZtIA_4.avi,9,72,87,Fight,0.000646
carve,train/Train_Fight/GafFu4IZtIA_4.avi,10,80,95,Fight,0.000570
carve,train/Train_Fight/GafFu4IZtIA_4.avi,11,88,103,Fight,0.008501
carve,train/Train_Fight/GafFu4IZtIA_4.avi,12,96,111,Fight,0.007475
carve,train/Train_Fight/GafFu4IZtIA_4.avi,13,104,119,Fight,0.004621
carve,train/Train_Fight/GafFu4IZtIA_4.avi,14,112,127,Fight,0.002030
carve,train/Train_Fight/GafFu4IZtIA_4.avi,15,120,135,Fight,0.000563
carve,train/Train_Fight/GafFu4IZtIA_4.avi,16,128,143,Fight,0.003845
carve,train/Train_Fight/GafFu4IZtIA_6.avi,0,0,15,Fight,0.008702
carve,train/Train_Fight/GafFu4IZtIA_6.avi,1,8,23,Fight,0.013492
carve,train/Train_Fight/GafFu4IZtIA_6.avi,2,16,31,Fight,0.020577
carve,train/Train_Fight/GafFu4IZtIA_6.avi,3,24,39,Fight,0.027003
carve,train/Train_Fight/GafFu4IZtIA_6.avi,4,32,47,Fight,0.030922
carve,train/Train_Fight/GafFu4IZtIA_6.avi,5,40,55,Fight,0.026907
carve,train/Train_Fight/GafFu4IZtIA_6.avi,6,48,63,Fight,0.015284
carve,train/Train_Fight/GafFu4IZtIA_6.avi,7,56,71,Fight,0.018810
carve,train/Train_Fight/GafFu4IZtIA_6.avi,8,64,79,Fight,0.006370
carve,train/Train_Fight/GafFu4IZtIA_6.avi,9,72,87,Fight,0.005110
carve,train/Train_Fight/GafFu4IZtIA_6.avi,10,80,95,Fight,0.001740
carve,train/Train_Fight/GafFu4IZtIA_6.avi,11,88,103,Fight,0.010229
carve,train/Train_Fight/GafFu4IZtIA_6.avi,12,96,111,Fight,0.062626
carve,train/Train_Fight/GafFu4IZtIA_6.avi,13,104,119,Fight,0.085310
carve,train/Train_Fight/GafFu4IZtIA_6.avi,14,112,127,Fight,0.036305
carve,train/Train_Fight/GafFu4IZtIA_6.avi,15,120,135,Fight,0.033763
carve,train/Train_Fight/GafFu4IZtIA_6.avi,16,128,143,Fight,0.018377
carve,train/Train_Fight/GafFu4IZtIA_7.avi,0,0,15,Fight,0.015456
carve,train/Train_Fight/GafFu4IZtIA_7.avi,1,8,23,Fight,0.017863
carve,train/Train_Fight/GafFu4IZtIA_7.avi,2,16,31,Fight,0.013071
carve,train/Train_Fight/GafFu4IZtIA_7.avi,3,24,39,Fight,0.008830
carve,train/Train_Fight/GafFu4IZtIA_7.avi,4,32,47,Fight,0.010252
carve,train/Train_Fight/GafFu4IZtIA_7.avi,5,40,55,Fight,0.024449
carve,train/Train_Fight/GafFu4IZtIA_7.avi,6,48,63,Fight,0.116209
carve,train/Train_Fight/GafFu4IZtIA_7.avi,7,56,71,Fight,0.063157
carve,train/Train_Fight/GafFu4IZtIA_7.avi,8,64,79,Fight,0.017647
carve,train/Train_Fight/GafFu4IZtIA_7.avi,9,72,87,Fight,0.011992
carve,train/Train_Fight/GafFu4IZtIA_7.avi,10,80,95,Fight,0.020115
carve,train/Train_Fight/GafFu4IZtIA_7.avi,11,88,103,Fight,0.018812
carve,train/Train_Fight/GafFu4IZtIA_7.avi,12,96,111,Fight,0.060746
carve,train/Train_Fight/GafFu4IZtIA_7.avi,13,104,119,Fight,0.041336
carve,train/Train_Fight/GafFu4IZtIA_7.avi,14,112,127,Fight,0.032458
carve,train/Train_Fight/GafFu4IZtIA_7.avi,15,120,135,Fight,0.009983
carve,train/Train_Fight/GafFu4IZtIA_7.avi,16,128,143,Fight,0.000627
carve,train/Train_Fight/Gr3ikl6A2bE_1.avi,0,0,15,Fight,0.002451
carve,train/Train_Fight/Gr3ikl6A2bE_1.avi,1,8,23,Fight,0.000910
carve,train/Train_Fight/Gr3ikl6A2bE_1.avi,2,16,31,Fight,0.000845
carve,train/Train_Fight/Gr3ikl6A2bE_1.avi,3,24,39,Fight,0.000546
carve,train/Train_Fight/Gr3ikl6A2bE_1.avi,4,32,47,Fight,0.000501
carve,train/Train_Fight/Gr3ikl6A2bE_1.avi,5,40,55,Fight,0.000241
carve,train/Train_Fight/Gr3ikl6A2bE_1.avi,6,48,63,Fight,0.000210
carve,train/Train_Fight/Gr3ikl6A2bE_1.avi,7,56,71,Fight,0.000132
carve,train/Train_Fight/Gr3ikl6A2bE_1.avi,8,64,79,Fight,0.000173
carve,train/Train_Fight/Gr3ikl6A2bE_1.avi,9,72,87,Fight,0.000209
carve,train/Train_Fight/Gr3ikl6A2bE_1.avi,10,80,95,Fight,0.000232
carve,train/Train_Fight/Gr3ikl6A2bE_1.avi,11,88,103,Fight,0.000060
carve,train/Train_Fight/Gr3ikl6A2bE_1.avi,12,96,111,Fight,0.000135
carve,train/Train_Fight/Gr3ikl6A2bE_1.avi,13,104,119,Fight,0.000121
carve,train/Train_Fight/Gr3ikl6A2bE_1.avi,14,112,127,Fight,0.000176
carve,train/Train_Fight/Gr3ikl6A2bE_1.avi,15,120,135,Fight,0.000120
carve,train/Train_Fight/Gr3ikl6A2bE_1.avi,16,128,143,Fight,0.000334
carve,train/Train_Fight/Gr3ikl6A2bE_2.avi,0,0,15,Fight,0.000672
carve,train/Train_Fight/Gr3ikl6A2bE_2.avi,1,8,23,Fight,0.000570
carve,train/Train_Fight/Gr3ikl6A2bE_2.avi,2,16,31,Fight,0.000523
carve,train/Train_Fight/Gr3ikl6A2bE_2.avi,3,24,39,Fight,0.001177
carve,train/Train_Fight/Gr3ikl6A2bE_2.avi,4,32,47,Fight,0.002233
carve,train/Train_Fight/Gr3ikl6A2bE_2.avi,5,40,55,Fight,0.001162
carve,train/Train_Fight/Gr3ikl6A2bE_2.avi,6,48,63,Fight,0.003621
carve,train/Train_Fight/Gr3ikl6A2bE_2.avi,7,56,71,Fight,0.006086
carve,train/Train_Fight/Gr3ikl6A2bE_2.avi,8,64,79,Fight,0.004185
carve,train/Train_Fight/Gr3ikl6A2bE_2.avi,9,72,87,Fight,0.003087
carve,train/Train_Fight/Gr3ikl6A2bE_2.avi,10,80,95,Fight,0.002704
carve,train/Train_Fight/Gr3ikl6A2bE_2.avi,11,88,103,Fight,0.003973
carve,train/Train_Fight/Gr3ikl6A2bE_2.avi,12,96,111,Fight,0.001561
carve,train/Train_Fight/Gr3ikl6A2bE_2.avi,13,104,119,Fight,0.001835
carve,train/Train_Fight/Gr3ikl6A2bE_2.avi,14,112,127,Fight,0.003468
carve,train/Train_Fight/Gr3ikl6A2bE_2.avi,15,120,135,Fight,0.003232
carve,train/Train_Fight/Gr3ikl6A2bE_2.avi,16,128,143,Fight,0.001181
carve,train/Train_Fight/GuLMP_IOrR0_0.avi,0,0,15,Fight,0.195391
carve,train/Train_Fight/GuLMP_IOrR0_0.avi,1,8,23,Fight,0.484708
carve,train/Train_Fight/GuLMP_IOrR0_0.avi,2,16,31,Fight,0.057251
carve,train/Train_Fight/GuLMP_IOrR0_0.avi,3,24,39,Fight,0.179769
carve,train/Train_Fight/GuLMP_IOrR0_0.avi,4,32,47,Fight,0.096544
carve,train/Train_Fight/GuLMP_IOrR0_0.avi,5,40,55,Fight,0.084475
carve,train/Train_Fight/GuLMP_IOrR0_0.avi,6,48,63,Fight,0.004944
carve,train/Train_Fight/GuLMP_IOrR0_0.avi,7,56,71,Fight,0.032995
carve,train/Train_Fight/GuLMP_IOrR0_0.avi,8,64,79,Fight,0.041137
carve,train/Train_Fight/GuLMP_IOrR0_0.avi,9,72,87,Fight,0.021367
carve,train/Train_Fight/GuLMP_IOrR0_0.avi,10,80,95,Fight,0.016471
carve,train/Train_Fight/GuLMP_IOrR0_0.avi,11,88,103,Fight,0.024169
carve,train/Train_Fight/GuLMP_IOrR0_0.avi,12,96,111,Fight,0.018216
carve,train/Train_Fight/GuLMP_IOrR0_0.avi,13,104,119,Fight,0.020669
carve,train/Train_Fight/GuLMP_IOrR0_0.avi,14,112,127,Fight,0.018205
carve,train/Train_Fight/GuLMP_IOrR0_0.avi,15,120,135,Fight,0.007544
carve,train/Train_Fight/GuLMP_IOrR0_0.avi,16,128,143,Fight,0.007705
carve,train/Train_Fight/GuLMP_IOrR0_1.avi,0,0,15,Fight,0.002145
carve,train/Train_Fight/GuLMP_IOrR0_1.avi,1,8,23,Fight,0.186346
carve,train/Train_Fight/GuLMP_IOrR0_1.avi,2,16,31,Fight,0.047258
carve,train/Train_Fight/GuLMP_IOrR0_1.avi,3,24,39,Fight,0.020802
carve,train/Train_Fight/GuLMP_IOrR0_1.avi,4,32,47,Fight,0.007641
carve,train/Train_Fight/GuLMP_IOrR0_1.avi,5,40,55,Fight,0.134380
carve,train/Train_Fight/GuLMP_IOrR0_1.avi,6,48,63,Fight,0.179066
carve,train/Train_Fight/GuLMP_IOrR0_1.avi,7,56,71,Fight,0.347010
carve,train/Train_Fight/GuLMP_IOrR0_1.avi,8,64,79,Fight,0.121368
carve,train/Train_Fight/GuLMP_IOrR0_1.avi,9,72,87,Fight,0.113831
carve,train/Train_Fight/GuLMP_IOrR0_1.avi,10,80,95,Fight,0.370955
carve,train/Train_Fight/GuLMP_IOrR0_1.avi,11,88,103,Fight,0.078650
carve,train/Train_Fight/GuLMP_IOrR0_1.avi,12,96,111,Fight,0.028492
carve,train/Train_Fight/GuLMP_IOrR0_1.avi,13,104,119,Fight,0.208055
carve,train/Train_Fight/GuLMP_IOrR0_1.avi,14,112,127,Fight,0.204794
carve,train/Train_Fight/GuLMP_IOrR0_1.avi,15,120,135,Fight,0.090783
carve,train/Train_Fight/GuLMP_IOrR0_1.avi,16,128,143,Fight,0.216661
carve,train/Train_Fight/HtbVjsRA_0.avi,0,0,15,Fight,0.007203
carve,train/Train_Fight/HtbVjsRA_0.avi,1,8,23,Fight,0.014224
carve,train/Train_Fight/HtbVjsRA_0.avi,2,16,31,Fight,0.006409
carve,train/Train_Fight/HtbVjsRA_0.avi,3,24,39,Fight,0.009393
carve,train/Train_Fight/HtbVjsRA_0.avi,4,32,47,Fight,0.001547
carve,train/Train_Fight/HtbVjsRA_0.avi,5,40,55,Fight,0.002030
carve,train/Train_Fight/HtbVjsRA_0.avi,6,48,63,Fight,0.001879
carve,train/Train_Fight/HtbVjsRA_0.avi,7,56,71,Fight,0.002244
carve,train/Train_Fight/HtbVjsRA_0.avi,8,64,79,Fight,0.006295
carve,train/Train_Fight/HtbVjsRA_0.avi,9,72,87,Fight,0.002638
carve,train/Train_Fight/HtbVjsRA_0.avi,10,80,95,Fight,0.001918
carve,train/Train_Fight/HtbVjsRA_0.avi,11,88,103,Fight,0.001440
carve,train/Train_Fight/HtbVjsRA_0.avi,12,96,111,Fight,0.001515
carve,train/Train_Fight/HtbVjsRA_0.avi,13,104,119,Fight,0.001305
carve,train/Train_Fight/HtbVjsRA_0.avi,14,112,127,Fight,0.001059
carve,train/Train_Fight/HtbVjsRA_0.avi,15,120,135,Fight,0.013832
carve,train/Train_Fight/HtbVjsRA_0.avi,16,128,143,Fight,0.017688
carve,train/Train_Fight/HtbVjsRA_1.avi,0,0,15,Fight,0.016668
carve,train/Train_Fight/HtbVjsRA_1.avi,1,8,23,Fight,0.007548
carve,train/Train_Fight/HtbVjsRA_1.avi,2,16,31,Fight,0.014726
carve,train/Train_Fight/HtbVjsRA_1.avi,3,24,39,Fight,0.023677
carve,train/Train_Fight/HtbVjsRA_1.avi,4,32,47,Fight,0.029153
carve,train/Train_Fight/HtbVjsRA_1.avi,5,40,55,Fight,0.005237
carve,train/Train_Fight/HtbVjsRA_1.avi,6,48,63,Fight,0.003234
carve,train/Train_Fight/HtbVjsRA_1.avi,7,56,71,Fight,0.003100
carve,train/Train_Fight/HtbVjsRA_1.avi,8,64,79,Fight,0.003379
carve,train/Train_Fight/HtbVjsRA_1.avi,9,72,87,Fight,0.002527
carve,train/Train_Fight/HtbVjsRA_1.avi,10,80,95,Fight,0.001508
carve,train/Train_Fight/HtbVjsRA_1.avi,11,88,103,Fight,0.001102
carve,train/Train_Fight/HtbVjsRA_1.avi,12,96,111,Fight,0.001863
carve,train/Train_Fight/HtbVjsRA_1.avi,13,104,119,Fight,0.002683
carve,train/Train_Fight/HtbVjsRA_1.avi,14,112,127,Fight,0.003497
carve,train/Train_Fight/HtbVjsRA_1.avi,15,120,135,Fight,0.002952
carve,train/Train_Fight/HtbVjsRA_1.avi,16,128,143,Fight,0.016558
carve,train/Train_Fight/HtbVjsRA_2.avi,0,0,15,Fight,0.002991
carve,train/Train_Fight/HtbVjsRA_2.avi,1,8,23,Fight,0.001860
carve,train/Train_Fight/HtbVjsRA_2.avi,2,16,31,Fight,0.003788
carve,train/Train_Fight/HtbVjsRA_2.avi,3,24,39,Fight,0.013333
carve,train/Train_Fight/HtbVjsRA_2.avi,4,32,47,Fight,0.004759
carve,train/Train_Fight/HtbVjsRA_2.avi,5,40,55,Fight,0.004296
carve,train/Train_Fight/HtbVjsRA_2.avi,6,48,63,Fight,0.007259
carve,train/Train_Fight/HtbVjsRA_2.avi,7,56,71,Fight,0.011022
carve,train/Train_Fight/HtbVjsRA_2.avi,8,64,79,Fight,0.010077
carve,train/Train_Fight/HtbVjsRA_2.avi,9,72,87,Fight,0.005645
carve,train/Train_Fight/HtbVjsRA_2.avi,10,80,95,Fight,0.006034
carve,train/Train_Fight/HtbVjsRA_2.avi,11,88,103,Fight,0.003164
carve,train/Train_Fight/HtbVjsRA_2.avi,12,96,111,Fight,0.005141
carve,train/Train_Fight/HtbVjsRA_2.avi,13,104,119,Fight,0.010368
carve,train/Train_Fight/HtbVjsRA_2.avi,14,112,127,Fight,0.006184
carve,train/Train_Fight/HtbVjsRA_2.avi,15,120,135,Fight,0.007274
carve,train/Train_Fight/HtbVjsRA_2.avi,16,128,143,Fight,0.015837
carve,train/Train_Fight/Ile3EVQA_0.avi,0,0,15,Fight,0.084728
carve,train/Train_Fight/Ile3EVQA_0.avi,1,8,23,Fight,0.034789
carve,train/Train_Fight/Ile3EVQA_0.avi,2,16,31,Fight,0.011808
carve,train/Train_Fight/Ile3EVQA_0.avi,3,24,39,Fight,0.024484
carve,train/Train_Fight/Ile3EVQA_0.avi,4,32,47,Fight,0.033716
carve,train/Train_Fight/Ile3EVQA_0.avi,5,40,55,Fight,0.123525
carve,train/Train_Fight/Ile3EVQA_0.avi,6,48,63,Fight,0.146537
carve,train/Train_Fight/Ile3EVQA_0.avi,7,56,71,Fight,0.137907
carve,train/Train_Fight/Ile3EVQA_0.avi,8,64,79,Fight,0.137917
carve,train/Train_Fight/Ile3EVQA_0.avi,9,72,87,Fight,0.124813
carve,train/Train_Fight/Ile3EVQA_0.avi,10,80,95,Fight,0.187963
carve,train/Train_Fight/Ile3EVQA_0.avi,11,88,103,Fight,0.176716
carve,train/Train_Fight/Ile3EVQA_0.avi,12,96,111,Fight,0.680038
carve,train/Train_Fight/Ile3EVQA_0.avi,13,104,119,Fight,0.399428
carve,train/Train_Fight/Ile3EVQA_0.avi,14,112,127,Fight,0.281083
carve,train/Train_Fight/Ile3EVQA_0.avi,15,120,135,Fight,0.300837
carve,train/Train_Fight/Ile3EVQA_0.avi,16,128,143,Fight,0.734826
carve,train/Train_Fight/Ile3EVQA_1.avi,0,0,15,Fight,0.198113
carve,train/Train_Fight/Ile3EVQA_1.avi,1,8,23,Fight,0.143986
carve,train/Train_Fight/Ile3EVQA_1.avi,2,16,31,Fight,0.360748
carve,train/Train_Fight/Ile3EVQA_1.avi,3,24,39,Fight,0.893318
carve,train/Train_Fight/Ile3EVQA_1.avi,4,32,47,Fight,0.820482
carve,train/Train_Fight/Ile3EVQA_1.avi,5,40,55,Fight,0.542137
carve,train/Train_Fight/Ile3EVQA_1.avi,6,48,63,Fight,0.493607
carve,train/Train_Fight/Ile3EVQA_1.avi,7,56,71,Fight,0.385039
carve,train/Train_Fight/Ile3EVQA_1.avi,8,64,79,Fight,0.231443
carve,train/Train_Fight/Ile3EVQA_1.avi,9,72,87,Fight,0.130307
carve,train/Train_Fight/Ile3EVQA_1.avi,10,80,95,Fight,0.228928
carve,train/Train_Fight/Ile3EVQA_1.avi,11,88,103,Fight,0.148431
carve,train/Train_Fight/Ile3EVQA_1.avi,12,96,111,Fight,0.507833
carve,train/Train_Fight/Ile3EVQA_1.avi,13,104,119,Fight,0.263559
carve,train/Train_Fight/Ile3EVQA_1.avi,14,112,127,Fight,0.135207
carve,train/Train_Fight/Ile3EVQA_1.avi,15,120,135,Fight,0.187184
carve,train/Train_Fight/Ile3EVQA_1.avi,16,128,143,Fight,0.206221
carve,train/Train_Fight/JPIeYvRgo6I_0.avi,0,0,15,Fight,0.068046
carve,train/Train_Fight/JPIeYvRgo6I_0.avi,1,8,23,Fight,0.048173
carve,train/Train_Fight/JPIeYvRgo6I_0.avi,2,16,31,Fight,0.070736
carve,train/Train_Fight/JPIeYvRgo6I_0.avi,3,24,39,Fight,0.086105
carve,train/Train_Fight/JPIeYvRgo6I_0.avi,4,32,47,Fight,0.089472
carve,train/Train_Fight/JPIeYvRgo6I_0.avi,5,40,55,Fight,0.068842
carve,train/Train_Fight/JPIeYvRgo6I_0.avi,6,48,63,Fight,0.101738
carve,train/Train_Fight/JPIeYvRgo6I_0.avi,7,56,71,Fight,0.136243
carve,train/Train_Fight/JPIeYvRgo6I_0.avi,8,64,79,Fight,0.393007
carve,train/Train_Fight/JPIeYvRgo6I_0.avi,9,72,87,Fight,0.723819
carve,train/Train_Fight/JPIeYvRgo6I_0.avi,10,80,95,Fight,0.923285
carve,train/Train_Fight/JPIeYvRgo6I_0.avi,11,88,103,Fight,0.639871
carve,train/Train_Fight/JPIeYvRgo6I_0.avi,12,96,111,Fight,0.209886
carve,train/Train_Fight/JPIeYvRgo6I_0.avi,13,104,119,Fight,0.203479
carve,train/Train_Fight/JPIeYvRgo6I_0.avi,14,112,127,Fight,0.191978
carve,train/Train_Fight/JPIeYvRgo6I_0.avi,15,120,135,Fight,0.080271
carve,train/Train_Fight/JPIeYvRgo6I_0.avi,16,128,143,Fight,0.072553
carve,train/Train_Fight/JPIeYvRgo6I_1.avi,0,0,15,Fight,0.270459
carve,train/Train_Fight/JPIeYvRgo6I_1.avi,1,8,23,Fight,0.262602
carve,train/Train_Fight/JPIeYvRgo6I_1.avi,2,16,31,Fight,0.320707
carve,train/Train_Fight/JPIeYvRgo6I_1.avi,3,24,39,Fight,0.273985
carve,train/Train_Fight/JPIeYvRgo6I_1.avi,4,32,47,Fight,0.125904
carve,train/Train_Fight/JPIeYvRgo6I_1.avi,5,40,55,Fight,0.162097
carve,train/Train_Fight/JPIeYvRgo6I_1.avi,6,48,63,Fight,0.204514
carve,train/Train_Fight/JPIeYvRgo6I_1.avi,7,56,71,Fight,0.209446
carve,train/Train_Fight/JPIeYvRgo6I_1.avi,8,64,79,Fight,0.154214
carve,train/Train_Fight/JPIeYvRgo6I_1.avi,9,72,87,Fight,0.282352
carve,train/Train_Fight/JPIeYvRgo6I_1.avi,10,80,95,Fight,0.402432
carve,train/Train_Fight/JPIeYvRgo6I_1.avi,11,88,103,Fight,0.381489
carve,train/Train_Fight/JPIeYvRgo6I_1.avi,12,96,111,Fight,0.423416
carve,train/Train_Fight/JPIeYvRgo6I_1.avi,13,104,119,Fight,0.415528
carve,train/Train_Fight/JPIeYvRgo6I_1.avi,14,112,127,Fight,0.439032
carve,train/Train_Fight/JPIeYvRgo6I_1.avi,15,120,135,Fight,0.376231
carve,train/Train_Fight/JPIeYvRgo6I_1.avi,16,128,143,Fight,0.374283
carve,train/Train_Fight/NpznjZe7A2M_0.avi,0,0,15,Fight,0.155279
carve,train/Train_Fight/NpznjZe7A2M_0.avi,1,8,23,Fight,0.182660
carve,train/Train_Fight/NpznjZe7A2M_0.avi,2,16,31,Fight,0.175471
carve,train/Train_Fight/NpznjZe7A2M_0.avi,3,24,39,Fight,0.199861
carve,train/Train_Fight/NpznjZe7A2M_0.avi,4,32,47,Fight,0.302476
carve,train/Train_Fight/NpznjZe7A2M_0.avi,5,40,55,Fight,0.235051
carve,train/Train_Fight/NpznjZe7A2M_0.avi,6,48,63,Fight,0.889887
carve,train/Train_Fight/NpznjZe7A2M_0.avi,7,56,71,Fight,0.731130
carve,train/Train_Fight/NpznjZe7A2M_0.avi,8,64,79,Fight,0.325924
carve,train/Train_Fight/NpznjZe7A2M_0.avi,9,72,87,Fight,0.465426
carve,train/Train_Fight/NpznjZe7A2M_0.avi,10,80,95,Fight,0.333882
carve,train/Train_Fight/NpznjZe7A2M_0.avi,11,88,103,Fight,0.997707
carve,train/Train_Fight/NpznjZe7A2M_0.avi,12,96,111,Fight,0.981504
carve,train/Train_Fight/NpznjZe7A2M_0.avi,13,104,119,Fight,0.835344
carve,train/Train_Fight/NpznjZe7A2M_0.avi,14,112,127,Fight,0.872018
carve,train/Train_Fight/NpznjZe7A2M_0.avi,15,120,135,Fight,0.978671
carve,train/Train_Fight/NpznjZe7A2M_0.avi,16,128,143,Fight,0.684465
carve,train/Train_Fight/NpznjZe7A2M_1.avi,0,0,15,Fight,0.956916
carve,train/Train_Fight/NpznjZe7A2M_1.avi,1,8,23,Fight,0.569321
carve,train/Train_Fight/NpznjZe7A2M_1.avi,2,16,31,Fight,0.945316
carve,train/Train_Fight/NpznjZe7A2M_1.avi,3,24,39,Fight,0.988472
carve,train/Train_Fight/NpznjZe7A2M_1.avi,4,32,47,Fight,0.980904
carve,train/Train_Fight/NpznjZe7A2M_1.avi,5,40,55,Fight,0.999936
carve,train/Train_Fight/NpznjZe7A2M_1.avi,6,48,63,Fight,0.999033
carve,train/Train_Fight/NpznjZe7A2M_1.avi,7,56,71,Fight,0.827693
carve,train/Train_Fight/NpznjZe7A2M_1.avi,8,64,79,Fight,0.999053
carve,train/Train_Fight/NpznjZe7A2M_1.avi,9,72,87,Fight,0.999972
carve,train/Train_Fight/NpznjZe7A2M_1.avi,10,80,95,Fight,0.989007
carve,train/Train_Fight/NpznjZe7A2M_1.avi,11,88,103,Fight,0.953569
carve,train/Train_Fight/NpznjZe7A2M_1.avi,12,96,111,Fight,0.343932
carve,train/Train_Fight/NpznjZe7A2M_1.avi,13,104,119,Fight,0.094516
carve,train/Train_Fight/NpznjZe7A2M_1.avi,14,112,127,Fight,0.072621
carve,train/Train_Fight/NpznjZe7A2M_1.avi,15,120,135,Fight,0.054320
carve,train/Train_Fight/NpznjZe7A2M_1.avi,16,128,143,Fight,0.081144
carve,train/Train_Fight/NxtwlqSnLbY_1.avi,0,0,15,Fight,0.445617
carve,train/Train_Fight/NxtwlqSnLbY_1.avi,1,8,23,Fight,0.322313
carve,train/Train_Fight/NxtwlqSnLbY_1.avi,2,16,31,Fight,0.075656
carve,train/Train_Fight/NxtwlqSnLbY_1.avi,3,24,39,Fight,0.019383
carve,train/Train_Fight/NxtwlqSnLbY_1.avi,4,32,47,Fight,0.115853
carve,train/Train_Fight/NxtwlqSnLbY_1.avi,5,40,55,Fight,0.747276
carve,train/Train_Fight/NxtwlqSnLbY_1.avi,6,48,63,Fight,0.991398
carve,train/Train_Fight/NxtwlqSnLbY_1.avi,7,56,71,Fight,0.906977
carve,train/Train_Fight/NxtwlqSnLbY_1.avi,8,64,79,Fight,0.958251
carve,train/Train_Fight/NxtwlqSnLbY_1.avi,9,72,87,Fight,0.998228
carve,train/Train_Fight/NxtwlqSnLbY_1.avi,10,80,95,Fight,0.668322
carve,train/Train_Fight/NxtwlqSnLbY_1.avi,11,88,103,Fight,0.736463
carve,train/Train_Fight/NxtwlqSnLbY_1.avi,12,96,111,Fight,0.910562
carve,train/Train_Fight/NxtwlqSnLbY_1.avi,13,104,119,Fight,0.633491
carve,train/Train_Fight/NxtwlqSnLbY_1.avi,14,112,127,Fight,0.307319
carve,train/Train_Fight/NxtwlqSnLbY_1.avi,15,120,135,Fight,0.137770
carve,train/Train_Fight/NxtwlqSnLbY_1.avi,16,128,143,Fight,0.033092
carve,train/Train_Fight/NxtwlqSnLbY_2.avi,0,0,15,Fight,0.088393
carve,train/Train_Fight/NxtwlqSnLbY_2.avi,1,8,23,Fight,0.043344
carve,train/Train_Fight/NxtwlqSnLbY_2.avi,2,16,31,Fight,0.166485
carve,train/Train_Fight/NxtwlqSnLbY_2.avi,3,24,39,Fight,0.176047
carve,train/Train_Fight/NxtwlqSnLbY_2.avi,4,32,47,Fight,0.090017
carve,train/Train_Fight/NxtwlqSnLbY_2.avi,5,40,55,Fight,0.088826
carve,train/Train_Fight/NxtwlqSnLbY_2.avi,6,48,63,Fight,0.105335
carve,train/Train_Fight/NxtwlqSnLbY_2.avi,7,56,71,Fight,0.065283
carve,train/Train_Fight/NxtwlqSnLbY_2.avi,8,64,79,Fight,0.277887
carve,train/Train_Fight/NxtwlqSnLbY_2.avi,9,72,87,Fight,0.967855
carve,train/Train_Fight/NxtwlqSnLbY_2.avi,10,80,95,Fight,0.632957
carve,train/Train_Fight/NxtwlqSnLbY_2.avi,11,88,103,Fight,0.192864
carve,train/Train_Fight/NxtwlqSnLbY_2.avi,12,96,111,Fight,0.025573
carve,train/Train_Fight/NxtwlqSnLbY_2.avi,13,104,119,Fight,0.156880
carve,train/Train_Fight/NxtwlqSnLbY_2.avi,14,112,127,Fight,0.087438
carve,train/Train_Fight/NxtwlqSnLbY_2.avi,15,120,135,Fight,0.177734
carve,train/Train_Fight/NxtwlqSnLbY_2.avi,16,128,143,Fight,0.101376
carve,train/Train_Fight/NxtwlqSnLbY_3.avi,0,0,15,Fight,0.520915
carve,train/Train_Fight/NxtwlqSnLbY_3.avi,1,8,23,Fight,0.564812
carve,train/Train_Fight/NxtwlqSnLbY_3.avi,2,16,31,Fight,0.343416
carve,train/Train_Fight/NxtwlqSnLbY_3.avi,3,24,39,Fight,0.125431
carve,train/Train_Fight/NxtwlqSnLbY_3.avi,4,32,47,Fight,0.501862
carve,train/Train_Fight/NxtwlqSnLbY_3.avi,5,40,55,Fight,0.191633
carve,train/Train_Fight/NxtwlqSnLbY_3.avi,6,48,63,Fight,0.053850
carve,train/Train_Fight/NxtwlqSnLbY_3.avi,7,56,71,Fight,0.189863
carve,train/Train_Fight/NxtwlqSnLbY_3.avi,8,64,79,Fight,0.143231
carve,train/Train_Fight/NxtwlqSnLbY_3.avi,9,72,87,Fight,0.880289
carve,train/Train_Fight/NxtwlqSnLbY_3.avi,10,80,95,Fight,0.985882
carve,train/Train_Fight/NxtwlqSnLbY_3.avi,11,88,103,Fight,0.665033
carve,train/Train_Fight/NxtwlqSnLbY_3.avi,12,96,111,Fight,0.232306
carve,train/Train_Fight/NxtwlqSnLbY_3.avi,13,104,119,Fight,0.098596
carve,train/Train_Fight/NxtwlqSnLbY_3.avi,14,112,127,Fight,0.121961
carve,train/Train_Fight/NxtwlqSnLbY_3.avi,15,120,135,Fight,0.088561
carve,train/Train_Fight/NxtwlqSnLbY_3.avi,16,128,143,Fight,0.011715
carve,train/Train_Fight/NxtwlqSnLbY_4.avi,0,0,15,Fight,0.160015
carve,train/Train_Fight/NxtwlqSnLbY_4.avi,1,8,23,Fight,0.572112
carve,train/Train_Fight/NxtwlqSnLbY_4.avi,2,16,31,Fight,0.404724
carve,train/Train_Fight/NxtwlqSnLbY_4.avi,3,24,39,Fight,0.417740
carve,train/Train_Fight/NxtwlqSnLbY_4.avi,4,32,47,Fight,0.472291
carve,train/Train_Fight/NxtwlqSnLbY_4.avi,5,40,55,Fight,0.103349
carve,train/Train_Fight/NxtwlqSnLbY_4.avi,6,48,63,Fight,0.087558
carve,train/Train_Fight/NxtwlqSnLbY_4.avi,7,56,71,Fight,0.073447
carve,train/Train_Fight/NxtwlqSnLbY_4.avi,8,64,79,Fight,0.185025
carve,train/Train_Fight/NxtwlqSnLbY_4.avi,9,72,87,Fight,0.161864
carve,train/Train_Fight/NxtwlqSnLbY_4.avi,10,80,95,Fight,0.292795
carve,train/Train_Fight/NxtwlqSnLbY_4.avi,11,88,103,Fight,0.735061
carve,train/Train_Fight/NxtwlqSnLbY_4.avi,12,96,111,Fight,0.685875
carve,train/Train_Fight/NxtwlqSnLbY_4.avi,13,104,119,Fight,0.480693
carve,train/Train_Fight/NxtwlqSnLbY_4.avi,14,112,127,Fight,0.886383
carve,train/Train_Fight/NxtwlqSnLbY_4.avi,15,120,135,Fight,0.543338
carve,train/Train_Fight/NxtwlqSnLbY_4.avi,16,128,143,Fight,0.690953
carve,train/Train_Fight/QkqaGJ9x_0.avi,0,0,15,Fight,0.011683
carve,train/Train_Fight/QkqaGJ9x_0.avi,1,8,23,Fight,0.003428
carve,train/Train_Fight/QkqaGJ9x_0.avi,2,16,31,Fight,0.008803
carve,train/Train_Fight/QkqaGJ9x_0.avi,3,24,39,Fight,0.001023
carve,train/Train_Fight/QkqaGJ9x_0.avi,4,32,47,Fight,0.003421
carve,train/Train_Fight/QkqaGJ9x_0.avi,5,40,55,Fight,0.005288
carve,train/Train_Fight/QkqaGJ9x_0.avi,6,48,63,Fight,0.013675
carve,train/Train_Fight/QkqaGJ9x_0.avi,7,56,71,Fight,0.017177
carve,train/Train_Fight/QkqaGJ9x_0.avi,8,64,79,Fight,0.009502
carve,train/Train_Fight/QkqaGJ9x_0.avi,9,72,87,Fight,0.018420
carve,train/Train_Fight/QkqaGJ9x_0.avi,10,80,95,Fight,0.004206
carve,train/Train_Fight/QkqaGJ9x_0.avi,11,88,103,Fight,0.016720
carve,train/Train_Fight/QkqaGJ9x_0.avi,12,96,111,Fight,0.025927
carve,train/Train_Fight/QkqaGJ9x_0.avi,13,104,119,Fight,0.012128
carve,train/Train_Fight/QkqaGJ9x_0.avi,14,112,127,Fight,0.010215
carve,train/Train_Fight/QkqaGJ9x_0.avi,15,120,135,Fight,0.003415
carve,train/Train_Fight/QkqaGJ9x_0.avi,16,128,143,Fight,0.010381
carve,train/Train_Fight/QkqaGJ9x_1.avi,0,0,15,Fight,0.010216
carve,train/Train_Fight/QkqaGJ9x_1.avi,1,8,23,Fight,0.013431
carve,train/Train_Fight/QkqaGJ9x_1.avi,2,16,31,Fight,0.016384
carve,train/Train_Fight/QkqaGJ9x_1.avi,3,24,39,Fight,0.004790
carve,train/Train_Fight/QkqaGJ9x_1.avi,4,32,47,Fight,0.006753
carve,train/Train_Fight/QkqaGJ9x_1.avi,5,40,55,Fight,0.018746
carve,train/Train_Fight/QkqaGJ9x_1.avi,6,48,63,Fight,0.025520
carve,train/Train_Fight/QkqaGJ9x_1.avi,7,56,71,Fight,0.008505
carve,train/Train_Fight/QkqaGJ9x_1.avi,8,64,79,Fight,0.012850
carve,train/Train_Fight/QkqaGJ9x_1.avi,9,72,87,Fight,0.008693
carve,train/Train_Fight/QkqaGJ9x_1.avi,10,80,95,Fight,0.019393
carve,train/Train_Fight/QkqaGJ9x_1.avi,11,88,103,Fight,0.021038
carve,train/Train_Fight/QkqaGJ9x_1.avi,12,96,111,Fight,0.011672
carve,train/Train_Fight/QkqaGJ9x_1.avi,13,104,119,Fight,0.011259
carve,train/Train_Fight/QkqaGJ9x_1.avi,14,112,127,Fight,0.006278
carve,train/Train_Fight/QkqaGJ9x_1.avi,15,120,135,Fight,0.014019
carve,train/Train_Fight/QkqaGJ9x_1.avi,16,128,143,Fight,0.022009
carve,train/Train_Fight/QkqaGJ9x_2.avi,0,0,15,Fight,0.020165
carve,train/Train_Fight/QkqaGJ9x_2.avi,1,8,23,Fight,0.012447
carve,train/Train_Fight/QkqaGJ9x_2.avi,2,16,31,Fight,0.057692
carve,train/Train_Fight/QkqaGJ9x_2.avi,3,24,39,Fight,0.087243
carve,train/Train_Fight/QkqaGJ9x_2.avi,4,32,47,Fight,0.036932
carve,train/Train_Fight/QkqaGJ9x_2.avi,5,40,55,Fight,0.024734
carve,train/Train_Fight/QkqaGJ9x_2.avi,6,48,63,Fight,0.032309
carve,train/Train_Fight/QkqaGJ9x_2.avi,7,56,71,Fight,0.017148
carve,train/Train_Fight/QkqaGJ9x_2.avi,8,64,79,Fight,0.022009
carve,train/Train_Fight/QkqaGJ9x_2.avi,9,72,87,Fight,0.023337
carve,train/Train_Fight/QkqaGJ9x_2.avi,10,80,95,Fight,0.022492
carve,train/Train_Fight/QkqaGJ9x_2.avi,11,88,103,Fight,0.013727
carve,train/Train_Fight/QkqaGJ9x_2.avi,12,96,111,Fight,0.011396
carve,train/Train_Fight/QkqaGJ9x_2.avi,13,104,119,Fight,0.007158
carve,train/Train_Fight/QkqaGJ9x_2.avi,14,112,127,Fight,0.005822
carve,train/Train_Fight/QkqaGJ9x_2.avi,15,120,135,Fight,0.008967
carve,train/Train_Fight/QkqaGJ9x_2.avi,16,128,143,Fight,0.018922
carve,train/Train_Fight/QkqaGJ9x_3.avi,0,0,15,Fight,0.006100
carve,train/Train_Fight/QkqaGJ9x_3.avi,1,8,23,Fight,0.009914
carve,train/Train_Fight/QkqaGJ9x_3.avi,2,16,31,Fight,0.003817
carve,train/Train_Fight/QkqaGJ9x_3.avi,3,24,39,Fight,0.003200
carve,train/Train_Fight/QkqaGJ9x_3.avi,4,32,47,Fight,0.004955
carve,train/Train_Fight/QkqaGJ9x_3.avi,5,40,55,Fight,0.009323
carve,train/Train_Fight/QkqaGJ9x_3.avi,6,48,63,Fight,0.013065
carve,train/Train_Fight/QkqaGJ9x_3.avi,7,56,71,Fight,0.005722
carve,train/Train_Fight/QkqaGJ9x_3.avi,8,64,79,Fight,0.009031
carve,train/Train_Fight/QkqaGJ9x_3.avi,9,72,87,Fight,0.010228
carve,train/Train_Fight/QkqaGJ9x_3.avi,10,80,95,Fight,0.015237
carve,train/Train_Fight/QkqaGJ9x_3.avi,11,88,103,Fight,0.018195
carve,train/Train_Fight/QkqaGJ9x_3.avi,12,96,111,Fight,0.011203
carve,train/Train_Fight/QkqaGJ9x_3.avi,13,104,119,Fight,0.012833
carve,train/Train_Fight/QkqaGJ9x_3.avi,14,112,127,Fight,0.014133
carve,train/Train_Fight/QkqaGJ9x_3.avi,15,120,135,Fight,0.011227
carve,train/Train_Fight/QkqaGJ9x_3.avi,16,128,143,Fight,0.005014
carve,train/Train_Fight/R1A_AxUKosk_0.avi,0,0,15,Fight,0.125966
carve,train/Train_Fight/R1A_AxUKosk_0.avi,1,8,23,Fight,0.256707
carve,train/Train_Fight/R1A_AxUKosk_0.avi,2,16,31,Fight,0.509900
carve,train/Train_Fight/R1A_AxUKosk_0.avi,3,24,39,Fight,0.318049
carve,train/Train_Fight/R1A_AxUKosk_0.avi,4,32,47,Fight,0.320529
carve,train/Train_Fight/R1A_AxUKosk_0.avi,5,40,55,Fight,0.675428
carve,train/Train_Fight/R1A_AxUKosk_0.avi,6,48,63,Fight,0.266288
carve,train/Train_Fight/R1A_AxUKosk_0.avi,7,56,71,Fight,0.646078
carve,train/Train_Fight/R1A_AxUKosk_0.avi,8,64,79,Fight,0.068876
carve,train/Train_Fight/R1A_AxUKosk_0.avi,9,72,87,Fight,0.083883
carve,train/Train_Fight/R1A_AxUKosk_0.avi,10,80,95,Fight,0.274744
carve,train/Train_Fight/R1A_AxUKosk_0.avi,11,88,103,Fight,0.254141
carve,train/Train_Fight/R1A_AxUKosk_0.avi,12,96,111,Fight,0.181463
carve,train/Train_Fight/R1A_AxUKosk_0.avi,13,104,119,Fight,0.205939
carve,train/Train_Fight/R1A_AxUKosk_0.avi,14,112,127,Fight,0.303613
carve,train/Train_Fight/R1A_AxUKosk_0.avi,15,120,135,Fight,0.488418
carve,train/Train_Fight/R1A_AxUKosk_0.avi,16,128,143,Fight,0.769953
carve,train/Train_Fight/R1A_AxUKosk_1.avi,0,0,15,Fight,0.212643
carve,train/Train_Fight/R1A_AxUKosk_1.avi,1,8,23,Fight,0.182381
carve,train/Train_Fight/R1A_AxUKosk_1.avi,2,16,31,Fight,0.502873
carve,train/Train_Fight/R1A_AxUKosk_1.avi,3,24,39,Fight,0.288049
carve,train/Train_Fight/R1A_AxUKosk_1.avi,4,32,47,Fight,0.075223
carve,train/Train_Fight/R1A_AxUKosk_1.avi,5,40,55,Fight,0.270176
carve,train/Train_Fight/R1A_AxUKosk_1.avi,6,48,63,Fight,0.273899
carve,train/Train_Fight/R1A_AxUKosk_1.avi,7,56,71,Fight,0.645748
carve,train/Train_Fight/R1A_AxUKosk_1.avi,8,64,79,Fight,0.450048
carve,train/Train_Fight/R1A_AxUKosk_1.avi,9,72,87,Fight,0.697919
carve,train/Train_Fight/R1A_AxUKosk_1.avi,10,80,95,Fight,0.607692
carve,train/Train_Fight/R1A_AxUKosk_1.avi,11,88,103,Fight,0.611035
carve,train/Train_Fight/R1A_AxUKosk_1.avi,12,96,111,Fight,0.479690
carve,train/Train_Fight/R1A_AxUKosk_1.avi,13,104,119,Fight,0.330718
carve,train/Train_Fight/R1A_AxUKosk_1.avi,14,112,127,Fight,0.210328
carve,train/Train_Fight/R1A_AxUKosk_1.avi,15,120,135,Fight,0.099079
carve,train/Train_Fight/R1A_AxUKosk_1.avi,16,128,143,Fight,0.139458
carve,train/Train_Fight/R1A_AxUKosk_2.avi,0,0,15,Fight,0.196570
carve,train/Train_Fight/R1A_AxUKosk_2.avi,1,8,23,Fight,0.399236
carve,train/Train_Fight/R1A_AxUKosk_2.avi,2,16,31,Fight,0.471311
carve,train/Train_Fight/R1A_AxUKosk_2.avi,3,24,39,Fight,0.732280
carve,train/Train_Fight/R1A_AxUKosk_2.avi,4,32,47,Fight,0.321126
carve,train/Train_Fight/R1A_AxUKosk_2.avi,5,40,55,Fight,0.141047
carve,train/Train_Fight/R1A_AxUKosk_2.avi,6,48,63,Fight,0.186186
carve,train/Train_Fight/R1A_AxUKosk_2.avi,7,56,71,Fight,0.667413
carve,train/Train_Fight/R1A_AxUKosk_2.avi,8,64,79,Fight,0.906653
carve,train/Train_Fight/R1A_AxUKosk_2.avi,9,72,87,Fight,0.073671
carve,train/Train_Fight/R1A_AxUKosk_2.avi,10,80,95,Fight,0.331700
carve,train/Train_Fight/R1A_AxUKosk_2.avi,11,88,103,Fight,0.595338
carve,train/Train_Fight/R1A_AxUKosk_2.avi,12,96,111,Fight,0.538144
carve,train/Train_Fight/R1A_AxUKosk_2.avi,13,104,119,Fight,0.415170
carve,train/Train_Fight/R1A_AxUKosk_2.avi,14,112,127,Fight,0.053109
carve,train/Train_Fight/R1A_AxUKosk_2.avi,15,120,135,Fight,0.048937
carve,train/Train_Fight/R1A_AxUKosk_2.avi,16,128,143,Fight,0.177728
carve,train/Train_Fight/R1A_AxUKosk_3.avi,0,0,15,Fight,0.182128
carve,train/Train_Fight/R1A_AxUKosk_3.avi,1,8,23,Fight,0.147933
carve,train/Train_Fight/R1A_AxUKosk_3.avi,2,16,31,Fight,0.138795
carve,train/Train_Fight/R1A_AxUKosk_3.avi,3,24,39,Fight,0.280017
carve,train/Train_Fight/R1A_AxUKosk_3.avi,4,32,47,Fight,0.119162
carve,train/Train_Fight/R1A_AxUKosk_3.avi,5,40,55,Fight,0.012931
carve,train/Train_Fight/R1A_AxUKosk_3.avi,6,48,63,Fight,0.035255
carve,train/Train_Fight/R1A_AxUKosk_3.avi,7,56,71,Fight,0.127072
carve,train/Train_Fight/R1A_AxUKosk_3.avi,8,64,79,Fight,0.603431
carve,train/Train_Fight/R1A_AxUKosk_3.avi,9,72,87,Fight,0.999450
carve,train/Train_Fight/R1A_AxUKosk_3.avi,10,80,95,Fight,0.795062
carve,train/Train_Fight/R1A_AxUKosk_3.avi,11,88,103,Fight,0.396099
carve,train/Train_Fight/R1A_AxUKosk_3.avi,12,96,111,Fight,0.417035
carve,train/Train_Fight/R1A_AxUKosk_3.avi,13,104,119,Fight,0.378330
carve,train/Train_Fight/R1A_AxUKosk_3.avi,14,112,127,Fight,0.258752
carve,train/Train_Fight/R1A_AxUKosk_3.avi,15,120,135,Fight,0.493894
carve,train/Train_Fight/R1A_AxUKosk_3.avi,16,128,143,Fight,0.332950
carve,train/Train_Fight/R1A_AxUKosk_4.avi,0,0,15,Fight,0.503600
carve,train/Train_Fight/R1A_AxUKosk_4.avi,1,8,23,Fight,0.667484
carve,train/Train_Fight/R1A_AxUKosk_4.avi,2,16,31,Fight,0.974126
carve,train/Train_Fight/R1A_AxUKosk_4.avi,3,24,39,Fight,0.679711
carve,train/Train_Fight/R1A_AxUKosk_4.avi,4,32,47,Fight,0.131045
carve,train/Train_Fight/R1A_AxUKosk_4.avi,5,40,55,Fight,0.138860
carve,train/Train_Fight/R1A_AxUKosk_4.avi,6,48,63,Fight,0.927251
carve,train/Train_Fight/R1A_AxUKosk_4.avi,7,56,71,Fight,0.981423
carve,train/Train_Fight/R1A_AxUKosk_4.avi,8,64,79,Fight,0.979698
carve,train/Train_Fight/R1A_AxUKosk_4.avi,9,72,87,Fight,0.969275
carve,train/Train_Fight/R1A_AxUKosk_4.avi,10,80,95,Fight,0.306573
carve,train/Train_Fight/R1A_AxUKosk_4.avi,11,88,103,Fight,0.151834
carve,train/Train_Fight/R1A_AxUKosk_4.avi,12,96,111,Fight,0.108129
carve,train/Train_Fight/R1A_AxUKosk_4.avi,13,104,119,Fight,0.012806
carve,train/Train_Fight/R1A_AxUKosk_4.avi,14,112,127,Fight,0.025800
carve,train/Train_Fight/R1A_AxUKosk_4.avi,15,120,135,Fight,0.076229
carve,train/Train_Fight/R1A_AxUKosk_4.avi,16,128,143,Fight,0.181840
carve,train/Train_Fight/ROiHwksPSrg_0.avi,0,0,15,Fight,0.006391
carve,train/Train_Fight/ROiHwksPSrg_0.avi,1,8,23,Fight,0.004779
carve,train/Train_Fight/ROiHwksPSrg_0.avi,2,16,31,Fight,0.015614
carve,train/Train_Fight/ROiHwksPSrg_0.avi,3,24,39,Fight,0.017706
carve,train/Train_Fight/ROiHwksPSrg_0.avi,4,32,47,Fight,0.022223
carve,train/Train_Fight/ROiHwksPSrg_0.avi,5,40,55,Fight,0.027469
carve,train/Train_Fight/ROiHwksPSrg_0.avi,6,48,63,Fight,0.033953
carve,train/Train_Fight/ROiHwksPSrg_0.avi,7,56,71,Fight,0.112893
carve,train/Train_Fight/ROiHwksPSrg_0.avi,8,64,79,Fight,0.300915
carve,train/Train_Fight/ROiHwksPSrg_0.avi,9,72,87,Fight,0.188247
carve,train/Train_Fight/ROiHwksPSrg_0.avi,10,80,95,Fight,0.027074
carve,train/Train_Fight/ROiHwksPSrg_0.avi,11,88,103,Fight,0.004700
carve,train/Train_Fight/ROiHwksPSrg_0.avi,12,96,111,Fight,0.010935
carve,train/Train_Fight/ROiHwksPSrg_0.avi,13,104,119,Fight,0.053369
carve,train/Train_Fight/ROiHwksPSrg_0.avi,14,112,127,Fight,0.045583
carve,train/Train_Fight/ROiHwksPSrg_0.avi,15,120,135,Fight,0.121296
carve,train/Train_Fight/ROiHwksPSrg_0.avi,16,128,143,Fight,0.254268
carve,train/Train_Fight/RYFG_774.avi,0,0,15,Fight,0.694802
carve,train/Train_Fight/RYFG_774.avi,1,8,23,Fight,0.374530
carve,train/Train_Fight/RYFG_774.avi,2,16,31,Fight,0.213583
carve,train/Train_Fight/RYFG_774.avi,3,24,39,Fight,0.250990
carve,train/Train_Fight/RYFG_774.avi,4,32,47,Fight,0.152652
carve,train/Train_Fight/RYFG_774.avi,5,40,55,Fight,0.566875
carve,train/Train_Fight/RYFG_774.avi,6,48,63,Fight,0.030019
carve,train/Train_Fight/RYFG_774.avi,7,56,71,Fight,0.016757
carve,train/Train_Fight/RYFG_774.avi,8,64,79,Fight,0.209336
carve,train/Train_Fight/RYFG_774.avi,9,72,87,Fight,0.108612
carve,train/Train_Fight/RYFG_774.avi,10,80,95,Fight,0.043515
carve,train/Train_Fight/RYFG_774.avi,11,88,103,Fight,0.125520
carve,train/Train_Fight/RYFG_774.avi,12,96,111,Fight,0.082662
carve,train/Train_Fight/RYFG_774.avi,13,104,119,Fight,0.012410
carve,train/Train_Fight/RYFG_774.avi,14,112,127,Fight,0.020736
carve,train/Train_Fight/RYFG_774.avi,15,120,135,Fight,0.132621
carve,train/Train_Fight/RYFG_774.avi,16,128,143,Fight,0.087146
carve,train/Train_Fight/RYFG_775.avi,0,0,15,Fight,0.029598
carve,train/Train_Fight/RYFG_775.avi,1,8,23,Fight,0.005653
carve,train/Train_Fight/RYFG_775.avi,2,16,31,Fight,0.049574
carve,train/Train_Fight/RYFG_775.avi,3,24,39,Fight,0.043743
carve,train/Train_Fight/RYFG_775.avi,4,32,47,Fight,0.180486
carve,train/Train_Fight/RYFG_775.avi,5,40,55,Fight,0.770926
carve,train/Train_Fight/RYFG_775.avi,6,48,63,Fight,0.440909
carve,train/Train_Fight/RYFG_775.avi,7,56,71,Fight,0.310123
carve,train/Train_Fight/RYFG_775.avi,8,64,79,Fight,0.053994
carve,train/Train_Fight/RYFG_775.avi,9,72,87,Fight,0.050088
carve,train/Train_Fight/RYFG_775.avi,10,80,95,Fight,0.122247
carve,train/Train_Fight/RYFG_775.avi,11,88,103,Fight,0.065349
carve,train/Train_Fight/RYFG_775.avi,12,96,111,Fight,0.048582
carve,train/Train_Fight/RYFG_775.avi,13,104,119,Fight,0.110694
carve,train/Train_Fight/RYFG_775.avi,14,112,127,Fight,0.101264
carve,train/Train_Fight/RYFG_775.avi,15,120,135,Fight,0.107338
carve,train/Train_Fight/RYFG_775.avi,16,128,143,Fight,0.393596
carve,train/Train_Fight/RYFG_776.avi,0,0,15,Fight,0.983899
carve,train/Train_Fight/RYFG_776.avi,1,8,23,Fight,0.973279
carve,train/Train_Fight/RYFG_776.avi,2,16,31,Fight,0.670711
carve,train/Train_Fight/RYFG_776.avi,3,24,39,Fight,0.075239
carve,train/Train_Fight/RYFG_776.avi,4,32,47,Fight,0.304443
carve,train/Train_Fight/RYFG_776.avi,5,40,55,Fight,0.964697
carve,train/Train_Fight/RYFG_776.avi,6,48,63,Fight,0.978199
carve,train/Train_Fight/RYFG_776.avi,7,56,71,Fight,0.749283
carve,train/Train_Fight/RYFG_776.avi,8,64,79,Fight,0.061433
carve,train/Train_Fight/RYFG_776.avi,9,72,87,Fight,0.172739
carve,train/Train_Fight/RYFG_776.avi,10,80,95,Fight,0.450782
carve,train/Train_Fight/RYFG_776.avi,11,88,103,Fight,0.078646
carve,train/Train_Fight/RYFG_776.avi,12,96,111,Fight,0.117381
carve,train/Train_Fight/RYFG_776.avi,13,104,119,Fight,0.393602
carve,train/Train_Fight/RYFG_776.avi,14,112,127,Fight,0.709966
carve,train/Train_Fight/RYFG_776.avi,15,120,135,Fight,0.865587
carve,train/Train_Fight/RYFG_776.avi,16,128,143,Fight,0.361673
carve,train/Train_Fight/RYFG_777.avi,0,0,15,Fight,0.119479
carve,train/Train_Fight/RYFG_777.avi,1,8,23,Fight,0.146601
carve,train/Train_Fight/RYFG_777.avi,2,16,31,Fight,0.168084
carve,train/Train_Fight/RYFG_777.avi,3,24,39,Fight,0.823246
carve,train/Train_Fight/RYFG_777.avi,4,32,47,Fight,0.392196
carve,train/Train_Fight/RYFG_777.avi,5,40,55,Fight,0.547028
carve,train/Train_Fight/RYFG_777.avi,6,48,63,Fight,0.625939
carve,train/Train_Fight/RYFG_777.avi,7,56,71,Fight,0.056276
carve,train/Train_Fight/RYFG_777.avi,8,64,79,Fight,0.243177
carve,train/Train_Fight/RYFG_777.avi,9,72,87,Fight,0.064610
carve,train/Train_Fight/RYFG_777.avi,10,80,95,Fight,0.029770
carve,train/Train_Fight/RYFG_777.avi,11,88,103,Fight,0.115700
carve,train/Train_Fight/RYFG_777.avi,12,96,111,Fight,0.055618
carve,train/Train_Fight/RYFG_777.avi,13,104,119,Fight,0.090727
carve,train/Train_Fight/RYFG_777.avi,14,112,127,Fight,0.127232
carve,train/Train_Fight/RYFG_777.avi,15,120,135,Fight,0.255185
carve,train/Train_Fight/RYFG_777.avi,16,128,143,Fight,0.148714
carve,train/Train_Fight/RYFG_778.avi,0,0,15,Fight,0.033774
carve,train/Train_Fight/RYFG_778.avi,1,8,23,Fight,0.097040
carve,train/Train_Fight/RYFG_778.avi,2,16,31,Fight,0.168584
carve,train/Train_Fight/RYFG_778.avi,3,24,39,Fight,0.083164
carve,train/Train_Fight/RYFG_778.avi,4,32,47,Fight,0.161019
carve,train/Train_Fight/RYFG_778.avi,5,40,55,Fight,0.075939
carve,train/Train_Fight/RYFG_778.avi,6,48,63,Fight,0.097237
carve,train/Train_Fight/RYFG_778.avi,7,56,71,Fight,0.029235
carve,train/Train_Fight/RYFG_778.avi,8,64,79,Fight,0.031578
carve,train/Train_Fight/RYFG_778.avi,9,72,87,Fight,0.107894
carve,train/Train_Fight/RYFG_778.avi,10,80,95,Fight,0.067805
carve,train/Train_Fight/RYFG_778.avi,11,88,103,Fight,0.037125
carve,train/Train_Fight/RYFG_778.avi,12,96,111,Fight,0.186621
carve,train/Train_Fight/RYFG_778.avi,13,104,119,Fight,0.865060
carve,train/Train_Fight/RYFG_778.avi,14,112,127,Fight,0.662462
carve,train/Train_Fight/RYFG_778.avi,15,120,135,Fight,0.930722
carve,train/Train_Fight/RYFG_778.avi,16,128,143,Fight,0.711755
carve,train/Train_Fight/RYFG_779.avi,0,0,15,Fight,0.905168
carve,train/Train_Fight/RYFG_779.avi,1,8,23,Fight,0.406926
carve,train/Train_Fight/RYFG_779.avi,2,16,31,Fight,0.723692
carve,train/Train_Fight/RYFG_779.avi,3,24,39,Fight,0.281776
carve,train/Train_Fight/RYFG_779.avi,4,32,47,Fight,0.087234
carve,train/Train_Fight/RYFG_779.avi,5,40,55,Fight,0.102504
carve,train/Train_Fight/RYFG_779.avi,6,48,63,Fight,0.220823
carve,train/Train_Fight/RYFG_779.avi,7,56,71,Fight,0.180787
carve,train/Train_Fight/RYFG_779.avi,8,64,79,Fight,0.175979
carve,train/Train_Fight/RYFG_779.avi,9,72,87,Fight,0.065397
carve,train/Train_Fight/RYFG_779.avi,10,80,95,Fight,0.073128
carve,train/Train_Fight/RYFG_779.avi,11,88,103,Fight,0.118767
carve,train/Train_Fight/RYFG_779.avi,12,96,111,Fight,0.222536
carve,train/Train_Fight/RYFG_779.avi,13,104,119,Fight,0.137249
carve,train/Train_Fight/RYFG_779.avi,14,112,127,Fight,0.028947
carve,train/Train_Fight/RYFG_779.avi,15,120,135,Fight,0.042524
carve,train/Train_Fight/RYFG_779.avi,16,128,143,Fight,0.489211
carve,train/Train_Fight/RYFG_781.avi,0,0,15,Fight,0.605419
carve,train/Train_Fight/RYFG_781.avi,1,8,23,Fight,0.954079
carve,train/Train_Fight/RYFG_781.avi,2,16,31,Fight,0.717909
carve,train/Train_Fight/RYFG_781.avi,3,24,39,Fight,0.093525
carve,train/Train_Fight/RYFG_781.avi,4,32,47,Fight,0.119932
carve,train/Train_Fight/RYFG_781.avi,5,40,55,Fight,0.377829
carve,train/Train_Fight/RYFG_781.avi,6,48,63,Fight,0.795383
carve,train/Train_Fight/RYFG_781.avi,7,56,71,Fight,0.493708
carve,train/Train_Fight/RYFG_781.avi,8,64,79,Fight,0.306443
carve,train/Train_Fight/RYFG_781.avi,9,72,87,Fight,0.371178
carve,train/Train_Fight/RYFG_781.avi,10,80,95,Fight,0.822650
carve,train/Train_Fight/RYFG_781.avi,11,88,103,Fight,0.879314
carve,train/Train_Fight/RYFG_781.avi,12,96,111,Fight,0.431110
carve,train/Train_Fight/RYFG_781.avi,13,104,119,Fight,0.130582
carve,train/Train_Fight/RYFG_781.avi,14,112,127,Fight,0.118327
carve,train/Train_Fight/RYFG_781.avi,15,120,135,Fight,0.835688
carve,train/Train_Fight/RYFG_781.avi,16,128,143,Fight,0.865525
carve,train/Train_Fight/SCnBiAteLVI_0.avi,0,0,15,Fight,0.006533
carve,train/Train_Fight/SCnBiAteLVI_0.avi,1,8,23,Fight,0.015460
carve,train/Train_Fight/SCnBiAteLVI_0.avi,2,16,31,Fight,0.028677
carve,train/Train_Fight/SCnBiAteLVI_0.avi,3,24,39,Fight,0.006285
carve,train/Train_Fight/SCnBiAteLVI_0.avi,4,32,47,Fight,0.160839
carve,train/Train_Fight/SCnBiAteLVI_0.avi,5,40,55,Fight,0.192951
carve,train/Train_Fight/SCnBiAteLVI_0.avi,6,48,63,Fight,0.135172
carve,train/Train_Fight/SCnBiAteLVI_0.avi,7,56,71,Fight,0.558793
carve,train/Train_Fight/SCnBiAteLVI_0.avi,8,64,79,Fight,0.442496
carve,train/Train_Fight/SCnBiAteLVI_0.avi,9,72,87,Fight,0.035189
carve,train/Train_Fight/SCnBiAteLVI_0.avi,10,80,95,Fight,0.021891
carve,train/Train_Fight/SCnBiAteLVI_0.avi,11,88,103,Fight,0.071694
carve,train/Train_Fight/SCnBiAteLVI_0.avi,12,96,111,Fight,0.512080
carve,train/Train_Fight/SCnBiAteLVI_0.avi,13,104,119,Fight,0.139097
carve,train/Train_Fight/SCnBiAteLVI_0.avi,14,112,127,Fight,0.160574
carve,train/Train_Fight/SCnBiAteLVI_0.avi,15,120,135,Fight,0.134103
carve,train/Train_Fight/SCnBiAteLVI_0.avi,16,128,143,Fight,0.046187
carve,train/Train_Fight/SCnBiAteLVI_1.avi,0,0,15,Fight,0.064519
carve,train/Train_Fight/SCnBiAteLVI_1.avi,1,8,23,Fight,0.538279
carve,train/Train_Fight/SCnBiAteLVI_1.avi,2,16,31,Fight,0.256775
carve,train/Train_Fight/SCnBiAteLVI_1.avi,3,24,39,Fight,0.288205
carve,train/Train_Fight/SCnBiAteLVI_1.avi,4,32,47,Fight,0.141671
carve,train/Train_Fight/SCnBiAteLVI_1.avi,5,40,55,Fight,0.031590
carve,train/Train_Fight/SCnBiAteLVI_1.avi,6,48,63,Fight,0.031050
carve,train/Train_Fight/SCnBiAteLVI_1.avi,7,56,71,Fight,0.043358
carve,train/Train_Fight/SCnBiAteLVI_1.avi,8,64,79,Fight,0.200136
carve,train/Train_Fight/SCnBiAteLVI_1.avi,9,72,87,Fight,0.048653
carve,train/Train_Fight/SCnBiAteLVI_1.avi,10,80,95,Fight,0.028691
carve,train/Train_Fight/SCnBiAteLVI_1.avi,11,88,103,Fight,0.022616
carve,train/Train_Fight/SCnBiAteLVI_1.avi,12,96,111,Fight,0.027440
carve,train/Train_Fight/SCnBiAteLVI_1.avi,13,104,119,Fight,0.032200
carve,train/Train_Fight/SCnBiAteLVI_1.avi,14,112,127,Fight,0.027823
carve,train/Train_Fight/SCnBiAteLVI_1.avi,15,120,135,Fight,0.037992
carve,train/Train_Fight/SCnBiAteLVI_1.avi,16,128,143,Fight,0.055407
carve,train/Train_Fight/UvLAudRA91Y_0.avi,0,0,15,Fight,0.031609
carve,train/Train_Fight/UvLAudRA91Y_0.avi,1,8,23,Fight,0.201236
carve,train/Train_Fight/UvLAudRA91Y_0.avi,2,16,31,Fight,0.869199
carve,train/Train_Fight/UvLAudRA91Y_0.avi,3,24,39,Fight,0.973886
carve,train/Train_Fight/UvLAudRA91Y_0.avi,4,32,47,Fight,0.726627
carve,train/Train_Fight/UvLAudRA91Y_0.avi,5,40,55,Fight,0.932631
carve,train/Train_Fight/UvLAudRA91Y_0.avi,6,48,63,Fight,0.948974
carve,train/Train_Fight/UvLAudRA91Y_0.avi,7,56,71,Fight,0.059986
carve,train/Train_Fight/UvLAudRA91Y_0.avi,8,64,79,Fight,0.252374
carve,train/Train_Fight/UvLAudRA91Y_0.avi,9,72,87,Fight,0.353646
carve,train/Train_Fight/UvLAudRA91Y_0.avi,10,80,95,Fight,0.984164
carve,train/Train_Fight/UvLAudRA91Y_0.avi,11,88,103,Fight,0.803152
carve,train/Train_Fight/UvLAudRA91Y_0.avi,12,96,111,Fight,0.045080
carve,train/Train_Fight/UvLAudRA91Y_0.avi,13,104,119,Fight,0.089016
carve,train/Train_Fight/UvLAudRA91Y_0.avi,14,112,127,Fight,0.858089
carve,train/Train_Fight/UvLAudRA91Y_0.avi,15,120,135,Fight,0.994291
carve,train/Train_Fight/UvLAudRA91Y_0.avi,16,128,143,Fight,0.175617
carve,train/Train_Fight/UvLAudRA91Y_1.avi,0,0,15,Fight,0.256655
carve,train/Train_Fight/UvLAudRA91Y_1.avi,1,8,23,Fight,0.381444
carve,train/Train_Fight/UvLAudRA91Y_1.avi,2,16,31,Fight,0.114280
carve,train/Train_Fight/UvLAudRA91Y_1.avi,3,24,39,Fight,0.018222
carve,train/Train_Fight/UvLAudRA91Y_1.avi,4,32,47,Fight,0.022435
carve,train/Train_Fight/UvLAudRA91Y_1.avi,5,40,55,Fight,0.110803
carve,train/Train_Fight/UvLAudRA91Y_1.avi,6,48,63,Fight,0.295776
carve,train/Train_Fight/UvLAudRA91Y_1.avi,7,56,71,Fight,0.080353
carve,train/Train_Fight/UvLAudRA91Y_1.avi,8,64,79,Fight,0.007454
carve,train/Train_Fight/UvLAudRA91Y_1.avi,9,72,87,Fight,0.001839
carve,train/Train_Fight/UvLAudRA91Y_1.avi,10,80,95,Fight,0.003585
carve,train/Train_Fight/UvLAudRA91Y_1.avi,11,88,103,Fight,0.010630
carve,train/Train_Fight/UvLAudRA91Y_1.avi,12,96,111,Fight,0.009418
carve,train/Train_Fight/UvLAudRA91Y_1.avi,13,104,119,Fight,0.015080
carve,train/Train_Fight/UvLAudRA91Y_1.avi,14,112,127,Fight,0.004036
carve,train/Train_Fight/UvLAudRA91Y_1.avi,15,120,135,Fight,0.002833
carve,train/Train_Fight/UvLAudRA91Y_1.avi,16,128,143,Fight,0.003722
carve,train/Train_Fight/_urlgot_121__482aa9169204.avi,0,0,15,Fight,0.001425
carve,train/Train_Fight/_urlgot_121__482aa9169204.avi,1,8,23,Fight,0.025839
carve,train/Train_Fight/_urlgot_121__482aa9169204.avi,2,16,31,Fight,0.437957
carve,train/Train_Fight/_urlgot_121__482aa9169204.avi,3,24,39,Fight,0.884056
carve,train/Train_Fight/_urlgot_121__482aa9169204.avi,4,32,47,Fight,0.727951
carve,train/Train_Fight/_urlgot_121__482aa9169204.avi,5,40,55,Fight,0.638709
carve,train/Train_Fight/_urlgot_121__482aa9169204.avi,6,48,63,Fight,0.977140
carve,train/Train_Fight/_urlgot_121__482aa9169204.avi,7,56,71,Fight,0.999465
carve,train/Train_Fight/_urlgot_121__482aa9169204.avi,8,64,79,Fight,0.993148
carve,train/Train_Fight/_urlgot_121__482aa9169204.avi,9,72,87,Fight,0.346302
carve,train/Train_Fight/_urlgot_121__482aa9169204.avi,10,80,95,Fight,0.030743
carve,train/Train_Fight/_urlgot_121__482aa9169204.avi,11,88,103,Fight,0.042481
carve,train/Train_Fight/_urlgot_121__482aa9169204.avi,12,96,111,Fight,0.975885
carve,train/Train_Fight/_urlgot_121__482aa9169204.avi,13,104,119,Fight,0.736335
carve,train/Train_Fight/_urlgot_121__482aa9169204.avi,14,112,127,Fight,0.684103
carve,train/Train_Fight/_urlgot_121__482aa9169204.avi,15,120,135,Fight,0.945868
carve,train/Train_Fight/_urlgot_121__482aa9169204.avi,16,128,143,Fight,0.926194
carve,train/Train_Fight/_urlgot_220__bf6124c03433.avi,0,0,15,Fight,0.806554
carve,train/Train_Fight/_urlgot_220__bf6124c03433.avi,1,8,23,Fight,0.678312
carve,train/Train_Fight/_urlgot_220__bf6124c03433.avi,2,16,31,Fight,0.921093
carve,train/Train_Fight/_urlgot_220__bf6124c03433.avi,3,24,39,Fight,0.984177
carve,train/Train_Fight/_urlgot_220__bf6124c03433.avi,4,32,47,Fight,0.213050
carve,train/Train_Fight/_urlgot_220__bf6124c03433.avi,5,40,55,Fight,0.134741
carve,train/Train_Fight/_urlgot_220__bf6124c03433.avi,6,48,63,Fight,0.592359
carve,train/Train_Fight/_urlgot_220__bf6124c03433.avi,7,56,71,Fight,0.423303
carve,train/Train_Fight/_urlgot_220__bf6124c03433.avi,8,64,79,Fight,0.977582
carve,train/Train_Fight/_urlgot_220__bf6124c03433.avi,9,72,87,Fight,0.988216
carve,train/Train_Fight/_urlgot_220__bf6124c03433.avi,10,80,95,Fight,0.930579
carve,train/Train_Fight/_urlgot_220__bf6124c03433.avi,11,88,103,Fight,0.947812
carve,train/Train_Fight/_urlgot_220__bf6124c03433.avi,12,96,111,Fight,0.874423
carve,train/Train_Fight/_urlgot_220__bf6124c03433.avi,13,104,119,Fight,0.363388
carve,train/Train_Fight/_urlgot_220__bf6124c03433.avi,14,112,127,Fight,0.512967
carve,train/Train_Fight/_urlgot_220__bf6124c03433.avi,15,120,135,Fight,0.929450
carve,train/Train_Fight/_urlgot_220__bf6124c03433.avi,16,128,143,Fight,0.506582
carve,train/Train_Fight/_urlgot_235__15c9e73f0b3b.avi,0,0,15,Fight,0.869205
carve,train/Train_Fight/_urlgot_235__15c9e73f0b3b.avi,1,8,23,Fight,0.940157
carve,train/Train_Fight/_urlgot_235__15c9e73f0b3b.avi,2,16,31,Fight,0.953638
carve,train/Train_Fight/_urlgot_235__15c9e73f0b3b.avi,3,24,39,Fight,0.698258
carve,train/Train_Fight/_urlgot_235__15c9e73f0b3b.avi,4,32,47,Fight,0.781548
carve,train/Train_Fight/_urlgot_235__15c9e73f0b3b.avi,5,40,55,Fight,0.880309
carve,train/Train_Fight/_urlgot_235__15c9e73f0b3b.avi,6,48,63,Fight,0.955179
carve,train/Train_Fight/_urlgot_235__15c9e73f0b3b.avi,7,56,71,Fight,0.902367
carve,train/Train_Fight/_urlgot_235__15c9e73f0b3b.avi,8,64,79,Fight,0.997764
carve,train/Train_Fight/_urlgot_235__15c9e73f0b3b.avi,9,72,87,Fight,0.997164
carve,train/Train_Fight/_urlgot_235__15c9e73f0b3b.avi,10,80,95,Fight,0.594055
carve,train/Train_Fight/_urlgot_235__15c9e73f0b3b.avi,11,88,103,Fight,0.520100
carve,train/Train_Fight/_urlgot_235__15c9e73f0b3b.avi,12,96,111,Fight,0.844688
carve,train/Train_Fight/_urlgot_235__15c9e73f0b3b.avi,13,104,119,Fight,0.926483
carve,train/Train_Fight/_urlgot_235__15c9e73f0b3b.avi,14,112,127,Fight,0.981347
carve,train/Train_Fight/_urlgot_235__15c9e73f0b3b.avi,15,120,135,Fight,0.998873
carve,train/Train_Fight/_urlgot_235__15c9e73f0b3b.avi,16,128,143,Fight,0.981476
carve,train/Train_Fight/_urlgot_237__7986725a9550.avi,0,0,15,Fight,0.907205
carve,train/Train_Fight/_urlgot_237__7986725a9550.avi,1,8,23,Fight,0.811879
carve,train/Train_Fight/_urlgot_237__7986725a9550.avi,2,16,31,Fight,0.737160
carve,train/Train_Fight/_urlgot_237__7986725a9550.avi,3,24,39,Fight,0.981218
carve,train/Train_Fight/_urlgot_237__7986725a9550.avi,4,32,47,Fight,0.894628
carve,train/Train_Fight/_urlgot_237__7986725a9550.avi,5,40,55,Fight,0.898813
carve,train/Train_Fight/_urlgot_237__7986725a9550.avi,6,48,63,Fight,0.784573
carve,train/Train_Fight/_urlgot_237__7986725a9550.avi,7,56,71,Fight,0.621759
carve,train/Train_Fight/_urlgot_237__7986725a9550.avi,8,64,79,Fight,0.160200
carve,train/Train_Fight/_urlgot_237__7986725a9550.avi,9,72,87,Fight,0.049634
carve,train/Train_Fight/_urlgot_237__7986725a9550.avi,10,80,95,Fight,0.037505
carve,train/Train_Fight/_urlgot_237__7986725a9550.avi,11,88,103,Fight,0.042670
carve,train/Train_Fight/_urlgot_237__7986725a9550.avi,12,96,111,Fight,0.045031
carve,train/Train_Fight/_urlgot_237__7986725a9550.avi,13,104,119,Fight,0.155270
carve,train/Train_Fight/_urlgot_237__7986725a9550.avi,14,112,127,Fight,0.636184
carve,train/Train_Fight/_urlgot_237__7986725a9550.avi,15,120,135,Fight,0.906552
carve,train/Train_Fight/_urlgot_237__7986725a9550.avi,16,128,143,Fight,0.511705
carve,train/Train_Fight/_urlgot_242__aa305083e08d.avi,0,0,15,Fight,0.372456
carve,train/Train_Fight/_urlgot_242__aa305083e08d.avi,1,8,23,Fight,0.264993
carve,train/Train_Fight/_urlgot_242__aa305083e08d.avi,2,16,31,Fight,0.089883
carve,train/Train_Fight/_urlgot_242__aa305083e08d.avi,3,24,39,Fight,0.075102
carve,train/Train_Fight/_urlgot_242__aa305083e08d.avi,4,32,47,Fight,0.039300
carve,train/Train_Fight/_urlgot_242__aa305083e08d.avi,5,40,55,Fight,0.052606
carve,train/Train_Fight/_urlgot_242__aa305083e08d.avi,6,48,63,Fight,0.057336
carve,train/Train_Fight/_urlgot_242__aa305083e08d.avi,7,56,71,Fight,0.272550
carve,train/Train_Fight/_urlgot_242__aa305083e08d.avi,8,64,79,Fight,0.141516
carve,train/Train_Fight/_urlgot_242__aa305083e08d.avi,9,72,87,Fight,0.084445
carve,train/Train_Fight/_urlgot_242__aa305083e08d.avi,10,80,95,Fight,0.135241
carve,train/Train_Fight/_urlgot_242__aa305083e08d.avi,11,88,103,Fight,0.119533
carve,train/Train_Fight/_urlgot_242__aa305083e08d.avi,12,96,111,Fight,0.057504
carve,train/Train_Fight/_urlgot_242__aa305083e08d.avi,13,104,119,Fight,0.044313
carve,train/Train_Fight/_urlgot_242__aa305083e08d.avi,14,112,127,Fight,0.011360
carve,train/Train_Fight/_urlgot_242__aa305083e08d.avi,15,120,135,Fight,0.002920
carve,train/Train_Fight/_urlgot_242__aa305083e08d.avi,16,128,143,Fight,0.014031
carve,train/Train_Fight/adg5WJ6y_1.avi,0,0,15,Fight,0.016586
carve,train/Train_Fight/adg5WJ6y_1.avi,1,8,23,Fight,0.010601
carve,train/Train_Fight/adg5WJ6y_1.avi,2,16,31,Fight,0.012036
carve,train/Train_Fight/adg5WJ6y_1.avi,3,24,39,Fight,0.014701
carve,train/Train_Fight/adg5WJ6y_1.avi,4,32,47,Fight,0.014880
carve,train/Train_Fight/adg5WJ6y_1.avi,5,40,55,Fight,0.018911
carve,train/Train_Fight/adg5WJ6y_1.avi,6,48,63,Fight,0.016365
carve,train/Train_Fight/adg5WJ6y_1.avi,7,56,71,Fight,0.010123
carve,train/Train_Fight/adg5WJ6y_1.avi,8,64,79,Fight,0.017904
carve,train/Train_Fight/adg5WJ6y_1.avi,9,72,87,Fight,0.009243
carve,train/Train_Fight/adg5WJ6y_1.avi,10,80,95,Fight,0.010432
carve,train/Train_Fight/adg5WJ6y_1.avi,11,88,103,Fight,0.016456
carve,train/Train_Fight/adg5WJ6y_1.avi,12,96,111,Fight,0.014910
carve,train/Train_Fight/adg5WJ6y_1.avi,13,104,119,Fight,0.011300
carve,train/Train_Fight/adg5WJ6y_1.avi,14,112,127,Fight,0.025303
carve,train/Train_Fight/adg5WJ6y_1.avi,15,120,135,Fight,0.016606
carve,train/Train_Fight/adg5WJ6y_1.avi,16,128,143,Fight,0.007356
carve,train/Train_Fight/ar5ns2zW4lY_0.avi,0,0,15,Fight,0.021357
carve,train/Train_Fight/ar5ns2zW4lY_0.avi,1,8,23,Fight,0.287866
carve,train/Train_Fight/ar5ns2zW4lY_0.avi,2,16,31,Fight,0.337905
carve,train/Train_Fight/ar5ns2zW4lY_0.avi,3,24,39,Fight,0.474394
carve,train/Train_Fight/ar5ns2zW4lY_0.avi,4,32,47,Fight,0.525899
carve,train/Train_Fight/ar5ns2zW4lY_0.avi,5,40,55,Fight,0.200658
carve,train/Train_Fight/ar5ns2zW4lY_0.avi,6,48,63,Fight,0.172912
carve,train/Train_Fight/ar5ns2zW4lY_0.avi,7,56,71,Fight,0.131693
carve,train/Train_Fight/ar5ns2zW4lY_0.avi,8,64,79,Fight,0.219521
carve,train/Train_Fight/ar5ns2zW4lY_0.avi,9,72,87,Fight,0.270081
carve,train/Train_Fight/ar5ns2zW4lY_0.avi,10,80,95,Fight,0.179935
carve,train/Train_Fight/ar5ns2zW4lY_0.avi,11,88,103,Fight,0.083280
carve,train/Train_Fight/ar5ns2zW4lY_0.avi,12,96,111,Fight,0.071422
carve,train/Train_Fight/ar5ns2zW4lY_0.avi,13,104,119,Fight,0.406317
carve,train/Train_Fight/ar5ns2zW4lY_0.avi,14,112,127,Fight,0.484378
carve,train/Train_Fight/ar5ns2zW4lY_0.avi,15,120,135,Fight,0.216267
carve,train/Train_Fight/ar5ns2zW4lY_0.avi,16,128,143,Fight,0.606045
carve,train/Train_Fight/ar5ns2zW4lY_1.avi,0,0,15,Fight,0.486603
carve,train/Train_Fight/ar5ns2zW4lY_1.avi,1,8,23,Fight,0.970467
carve,train/Train_Fight/ar5ns2zW4lY_1.avi,2,16,31,Fight,0.782600
carve,train/Train_Fight/ar5ns2zW4lY_1.avi,3,24,39,Fight,0.716810
carve,train/Train_Fight/ar5ns2zW4lY_1.avi,4,32,47,Fight,0.723635
carve,train/Train_Fight/ar5ns2zW4lY_1.avi,5,40,55,Fight,0.995458
carve,train/Train_Fight/ar5ns2zW4lY_1.avi,6,48,63,Fight,0.988038
carve,train/Train_Fight/ar5ns2zW4lY_1.avi,7,56,71,Fight,0.826939
carve,train/Train_Fight/ar5ns2zW4lY_1.avi,8,64,79,Fight,0.569117
carve,train/Train_Fight/ar5ns2zW4lY_1.avi,9,72,87,Fight,0.472049
carve,train/Train_Fight/ar5ns2zW4lY_1.avi,10,80,95,Fight,0.938252
carve,train/Train_Fight/ar5ns2zW4lY_1.avi,11,88,103,Fight,0.987129
carve,train/Train_Fight/ar5ns2zW4lY_1.avi,12,96,111,Fight,0.527493
carve,train/Train_Fight/ar5ns2zW4lY_1.avi,13,104,119,Fight,0.297644
carve,train/Train_Fight/ar5ns2zW4lY_1.avi,14,112,127,Fight,0.743234
carve,train/Train_Fight/ar5ns2zW4lY_1.avi,15,120,135,Fight,0.992968
carve,train/Train_Fight/ar5ns2zW4lY_1.avi,16,128,143,Fight,0.998681
carve,train/Train_Fight/bqZo64e6_0.avi,0,0,15,Fight,0.290913
carve,train/Train_Fight/bqZo64e6_0.avi,1,8,23,Fight,0.955191
carve,train/Train_Fight/bqZo64e6_0.avi,2,16,31,Fight,0.344151
carve,train/Train_Fight/bqZo64e6_0.avi,3,24,39,Fight,0.115570
carve,train/Train_Fight/bqZo64e6_0.avi,4,32,47,Fight,0.293636
carve,train/Train_Fight/bqZo64e6_0.avi,5,40,55,Fight,0.500443
carve,train/Train_Fight/bqZo64e6_0.avi,6,48,63,Fight,0.999288
carve,train/Train_Fight/bqZo64e6_0.avi,7,56,71,Fight,0.996476
carve,train/Train_Fight/bqZo64e6_0.avi,8,64,79,Fight,0.141121
carve,train/Train_Fight/bqZo64e6_0.avi,9,72,87,Fight,0.081180
carve,train/Train_Fight/bqZo64e6_0.avi,10,80,95,Fight,0.207484
carve,train/Train_Fight/bqZo64e6_0.avi,11,88,103,Fight,0.499245
carve,train/Train_Fight/bqZo64e6_0.avi,12,96,111,Fight,0.638869
carve,train/Train_Fight/bqZo64e6_0.avi,13,104,119,Fight,0.197023
carve,train/Train_Fight/bqZo64e6_0.avi,14,112,127,Fight,0.185796
carve,train/Train_Fight/bqZo64e6_0.avi,15,120,135,Fight,0.308118
carve,train/Train_Fight/bqZo64e6_0.avi,16,128,143,Fight,0.967913
carve,train/Train_Fight/bqZo64e6_1.avi,0,0,15,Fight,0.111938
carve,train/Train_Fight/bqZo64e6_1.avi,1,8,23,Fight,0.267531
carve,train/Train_Fight/bqZo64e6_1.avi,2,16,31,Fight,0.925566
carve,train/Train_Fight/bqZo64e6_1.avi,3,24,39,Fight,0.330828
carve,train/Train_Fight/bqZo64e6_1.avi,4,32,47,Fight,0.436020
carve,train/Train_Fight/bqZo64e6_1.avi,5,40,55,Fight,0.337878
carve,train/Train_Fight/bqZo64e6_1.avi,6,48,63,Fight,0.190407
carve,train/Train_Fight/bqZo64e6_1.avi,7,56,71,Fight,0.222042
carve,train/Train_Fight/bqZo64e6_1.avi,8,64,79,Fight,0.040557
carve,train/Train_Fight/bqZo64e6_1.avi,9,72,87,Fight,0.025115
carve,train/Train_Fight/bqZo64e6_1.avi,10,80,95,Fight,0.020029
carve,train/Train_Fight/bqZo64e6_1.avi,11,88,103,Fight,0.072324
carve,train/Train_Fight/bqZo64e6_1.avi,12,96,111,Fight,0.053149
carve,train/Train_Fight/bqZo64e6_1.avi,13,104,119,Fight,0.015728
carve,train/Train_Fight/bqZo64e6_1.avi,14,112,127,Fight,0.008988
carve,train/Train_Fight/bqZo64e6_1.avi,15,120,135,Fight,0.022255
carve,train/Train_Fight/bqZo64e6_1.avi,16,128,143,Fight,0.027759
carve,train/Train_Fight/bqZo64e6_2.avi,0,0,15,Fight,0.106570
carve,train/Train_Fight/bqZo64e6_2.avi,1,8,23,Fight,0.118562
carve,train/Train_Fight/bqZo64e6_2.avi,2,16,31,Fight,0.207811
carve,train/Train_Fight/bqZo64e6_2.avi,3,24,39,Fight,0.295072
carve,train/Train_Fight/bqZo64e6_2.avi,4,32,47,Fight,0.263382
carve,train/Train_Fight/bqZo64e6_2.avi,5,40,55,Fight,0.041057
carve,train/Train_Fight/bqZo64e6_2.avi,6,48,63,Fight,0.037614
carve,train/Train_Fight/bqZo64e6_2.avi,7,56,71,Fight,0.102502
carve,train/Train_Fight/bqZo64e6_2.avi,8,64,79,Fight,0.040140
carve,train/Train_Fight/bqZo64e6_2.avi,9,72,87,Fight,0.017721
carve,train/Train_Fight/bqZo64e6_2.avi,10,80,95,Fight,0.017345
carve,train/Train_Fight/bqZo64e6_2.avi,11,88,103,Fight,0.016820
carve,train/Train_Fight/bqZo64e6_2.avi,12,96,111,Fight,0.015749
carve,train/Train_Fight/bqZo64e6_2.avi,13,104,119,Fight,0.019285
carve,train/Train_Fight/bqZo64e6_2.avi,14,112,127,Fight,0.079731
carve,train/Train_Fight/bqZo64e6_2.avi,15,120,135,Fight,0.164200
carve,train/Train_Fight/bqZo64e6_2.avi,16,128,143,Fight,0.297772
carve,train/Train_Fight/bzw-HKuuQbg_0.avi,0,0,15,Fight,0.173621
carve,train/Train_Fight/bzw-HKuuQbg_0.avi,1,8,23,Fight,0.059747
carve,train/Train_Fight/bzw-HKuuQbg_0.avi,2,16,31,Fight,0.043777
carve,train/Train_Fight/bzw-HKuuQbg_0.avi,3,24,39,Fight,0.034022
carve,train/Train_Fight/bzw-HKuuQbg_0.avi,4,32,47,Fight,0.017384
carve,train/Train_Fight/bzw-HKuuQbg_0.avi,5,40,55,Fight,0.008844
carve,train/Train_Fight/bzw-HKuuQbg_0.avi,6,48,63,Fight,0.011459
carve,train/Train_Fight/bzw-HKuuQbg_0.avi,7,56,71,Fight,0.027995
carve,train/Train_Fight/bzw-HKuuQbg_0.avi,8,64,79,Fight,0.256833
carve,train/Train_Fight/bzw-HKuuQbg_0.avi,9,72,87,Fight,0.293186
carve,train/Train_Fight/bzw-HKuuQbg_0.avi,10,80,95,Fight,0.963719
carve,train/Train_Fight/bzw-HKuuQbg_0.avi,11,88,103,Fight,0.999788
carve,train/Train_Fight/bzw-HKuuQbg_0.avi,12,96,111,Fight,1.000000
carve,train/Train_Fight/bzw-HKuuQbg_0.avi,13,104,119,Fight,0.999998
carve,train/Train_Fight/bzw-HKuuQbg_0.avi,14,112,127,Fight,0.995913
carve,train/Train_Fight/bzw-HKuuQbg_0.avi,15,120,135,Fight,1.000000
carve,train/Train_Fight/bzw-HKuuQbg_0.avi,16,128,143,Fight,0.999329
carve,train/Train_Fight/bzw-HKuuQbg_1.avi,0,0,15,Fight,0.856101
carve,train/Train_Fight/bzw-HKuuQbg_1.avi,1,8,23,Fight,0.539410
carve,train/Train_Fight/bzw-HKuuQbg_1.avi,2,16,31,Fight,0.258112
carve,train/Train_Fight/bzw-HKuuQbg_1.avi,3,24,39,Fight,0.410650
carve,train/Train_Fight/bzw-HKuuQbg_1.avi,4,32,47,Fight,0.901896
carve,train/Train_Fight/bzw-HKuuQbg_1.avi,5,40,55,Fight,0.645653
carve,train/Train_Fight/bzw-HKuuQbg_1.avi,6,48,63,Fight,0.386514
carve,train/Train_Fight/bzw-HKuuQbg_1.avi,7,56,71,Fight,0.114336
carve,train/Train_Fight/bzw-HKuuQbg_1.avi,8,64,79,Fight,0.573863
carve,train/Train_Fight/bzw-HKuuQbg_1.avi,9,72,87,Fight,0.667924
carve,train/Train_Fight/bzw-HKuuQbg_1.avi,10,80,95,Fight,0.928953
carve,train/Train_Fight/bzw-HKuuQbg_1.avi,11,88,103,Fight,0.560113
carve,train/Train_Fight/bzw-HKuuQbg_1.avi,12,96,111,Fight,0.785493
carve,train/Train_Fight/bzw-HKuuQbg_1.avi,13,104,119,Fight,0.382768
carve,train/Train_Fight/bzw-HKuuQbg_1.avi,14,112,127,Fight,0.298106
carve,train/Train_Fight/bzw-HKuuQbg_1.avi,15,120,135,Fight,0.979846
carve,train/Train_Fight/bzw-HKuuQbg_1.avi,16,128,143,Fight,0.997659
carve,train/Train_Fight/bzw-HKuuQbg_2.avi,0,0,15,Fight,0.109899
carve,train/Train_Fight/bzw-HKuuQbg_2.avi,1,8,23,Fight,0.303632
carve,train/Train_Fight/bzw-HKuuQbg_2.avi,2,16,31,Fight,0.275759
carve,train/Train_Fight/bzw-HKuuQbg_2.avi,3,24,39,Fight,0.932173
carve,train/Train_Fight/bzw-HKuuQbg_2.avi,4,32,47,Fight,0.218437
carve,train/Train_Fight/bzw-HKuuQbg_2.avi,5,40,55,Fight,0.107266
carve,train/Train_Fight/bzw-HKuuQbg_2.avi,6,48,63,Fight,0.678216
carve,train/Train_Fight/bzw-HKuuQbg_2.avi,7,56,71,Fight,0.981672
carve,train/Train_Fight/bzw-HKuuQbg_2.avi,8,64,79,Fight,0.098137
carve,train/Train_Fight/bzw-HKuuQbg_2.avi,9,72,87,Fight,0.340600
carve,train/Train_Fight/bzw-HKuuQbg_2.avi,10,80,95,Fight,0.233810
carve,train/Train_Fight/bzw-HKuuQbg_2.avi,11,88,103,Fight,0.223110
carve,train/Train_Fight/bzw-HKuuQbg_2.avi,12,96,111,Fight,0.623882
carve,train/Train_Fight/bzw-HKuuQbg_2.avi,13,104,119,Fight,0.770316
carve,train/Train_Fight/bzw-HKuuQbg_2.avi,14,112,127,Fight,0.455323
carve,train/Train_Fight/bzw-HKuuQbg_2.avi,15,120,135,Fight,0.160474
carve,train/Train_Fight/bzw-HKuuQbg_2.avi,16,128,143,Fight,0.145375
carve,train/Train_Fight/bzw-HKuuQbg_3.avi,0,0,15,Fight,0.995829
carve,train/Train_Fight/bzw-HKuuQbg_3.avi,1,8,23,Fight,0.775429
carve,train/Train_Fight/bzw-HKuuQbg_3.avi,2,16,31,Fight,0.897407
carve,train/Train_Fight/bzw-HKuuQbg_3.avi,3,24,39,Fight,0.822876
carve,train/Train_Fight/bzw-HKuuQbg_3.avi,4,32,47,Fight,0.672165
carve,train/Train_Fight/bzw-HKuuQbg_3.avi,5,40,55,Fight,0.633914
carve,train/Train_Fight/bzw-HKuuQbg_3.avi,6,48,63,Fight,0.954625
carve,train/Train_Fight/bzw-HKuuQbg_3.avi,7,56,71,Fight,0.662008
carve,train/Train_Fight/bzw-HKuuQbg_3.avi,8,64,79,Fight,0.881571
carve,train/Train_Fight/bzw-HKuuQbg_3.avi,9,72,87,Fight,0.897802
carve,train/Train_Fight/bzw-HKuuQbg_3.avi,10,80,95,Fight,0.326705
carve,train/Train_Fight/bzw-HKuuQbg_3.avi,11,88,103,Fight,0.847926
carve,train/Train_Fight/bzw-HKuuQbg_3.avi,12,96,111,Fight,0.997963
carve,train/Train_Fight/bzw-HKuuQbg_3.avi,13,104,119,Fight,0.787870
carve,train/Train_Fight/bzw-HKuuQbg_3.avi,14,112,127,Fight,0.978972
carve,train/Train_Fight/bzw-HKuuQbg_3.avi,15,120,135,Fight,0.994250
carve,train/Train_Fight/bzw-HKuuQbg_3.avi,16,128,143,Fight,0.985777
carve,train/Train_Fight/bzw-HKuuQbg_4.avi,0,0,15,Fight,0.244189
carve,train/Train_Fight/bzw-HKuuQbg_4.avi,1,8,23,Fight,0.088656
carve,train/Train_Fight/bzw-HKuuQbg_4.avi,2,16,31,Fight,0.685673
carve,train/Train_Fight/bzw-HKuuQbg_4.avi,3,24,39,Fight,0.268101
carve,train/Train_Fight/bzw-HKuuQbg_4.avi,4,32,47,Fight,0.886798
carve,train/Train_Fight/bzw-HKuuQbg_4.avi,5,40,55,Fight,0.772994
carve,train/Train_Fight/bzw-HKuuQbg_4.avi,6,48,63,Fight,0.615988
carve,train/Train_Fight/bzw-HKuuQbg_4.avi,7,56,71,Fight,0.606175
carve,train/Train_Fight/bzw-HKuuQbg_4.avi,8,64,79,Fight,0.300763
carve,train/Train_Fight/bzw-HKuuQbg_4.avi,9,72,87,Fight,0.901621
carve,train/Train_Fight/bzw-HKuuQbg_4.avi,10,80,95,Fight,0.497248
carve,train/Train_Fight/bzw-HKuuQbg_4.avi,11,88,103,Fight,0.072162
carve,train/Train_Fight/bzw-HKuuQbg_4.avi,12,96,111,Fight,0.051556
carve,train/Train_Fight/bzw-HKuuQbg_4.avi,13,104,119,Fight,0.199393
carve,train/Train_Fight/bzw-HKuuQbg_4.avi,14,112,127,Fight,0.122832
carve,train/Train_Fight/bzw-HKuuQbg_4.avi,15,120,135,Fight,0.156891
carve,train/Train_Fight/bzw-HKuuQbg_4.avi,16,128,143,Fight,0.145620
carve,train/Train_Fight/bzw-HKuuQbg_5.avi,0,0,15,Fight,0.974645
carve,train/Train_Fight/bzw-HKuuQbg_5.avi,1,8,23,Fight,0.988358
carve,train/Train_Fight/bzw-HKuuQbg_5.avi,2,16,31,Fight,0.454126
carve,train/Train_Fight/bzw-HKuuQbg_5.avi,3,24,39,Fight,0.611234
carve,train/Train_Fight/bzw-HKuuQbg_5.avi,4,32,47,Fight,0.286711
carve,train/Train_Fight/bzw-HKuuQbg_5.avi,5,40,55,Fight,0.099565
carve,train/Train_Fight/bzw-HKuuQbg_5.avi,6,48,63,Fight,0.443205
carve,train/Train_Fight/bzw-HKuuQbg_5.avi,7,56,71,Fight,0.335264
carve,train/Train_Fight/bzw-HKuuQbg_5.avi,8,64,79,Fight,0.179488
carve,train/Train_Fight/bzw-HKuuQbg_5.avi,9,72,87,Fight,0.230012
carve,train/Train_Fight/bzw-HKuuQbg_5.avi,10,80,95,Fight,0.264905
carve,train/Train_Fight/bzw-HKuuQbg_5.avi,11,88,103,Fight,0.411488
carve,train/Train_Fight/bzw-HKuuQbg_5.avi,12,96,111,Fight,0.934793
carve,train/Train_Fight/bzw-HKuuQbg_5.avi,13,104,119,Fight,0.976283
carve,train/Train_Fight/bzw-HKuuQbg_5.avi,14,112,127,Fight,0.989585
carve,train/Train_Fight/bzw-HKuuQbg_5.avi,15,120,135,Fight,0.884609
carve,train/Train_Fight/bzw-HKuuQbg_5.avi,16,128,143,Fight,0.326947
carve,train/Train_Fight/bzw-HKuuQbg_6.avi,0,0,15,Fight,0.992585
carve,train/Train_Fight/bzw-HKuuQbg_6.avi,1,8,23,Fight,0.898560
carve,train/Train_Fight/bzw-HKuuQbg_6.avi,2,16,31,Fight,0.541524
carve,train/Train_Fight/bzw-HKuuQbg_6.avi,3,24,39,Fight,0.958911
carve,train/Train_Fight/bzw-HKuuQbg_6.avi,4,32,47,Fight,0.793656
carve,train/Train_Fight/bzw-HKuuQbg_6.avi,5,40,55,Fight,0.993525
carve,train/Train_Fight/bzw-HKuuQbg_6.avi,6,48,63,Fight,0.999273
carve,train/Train_Fight/bzw-HKuuQbg_6.avi,7,56,71,Fight,0.994486
carve,train/Train_Fight/bzw-HKuuQbg_6.avi,8,64,79,Fight,0.994091
carve,train/Train_Fight/bzw-HKuuQbg_6.avi,9,72,87,Fight,0.956044
carve,train/Train_Fight/bzw-HKuuQbg_6.avi,10,80,95,Fight,0.800713
carve,train/Train_Fight/bzw-HKuuQbg_6.avi,11,88,103,Fight,0.744006
carve,train/Train_Fight/bzw-HKuuQbg_6.avi,12,96,111,Fight,0.678850
carve,train/Train_Fight/bzw-HKuuQbg_6.avi,13,104,119,Fight,0.587548
carve,train/Train_Fight/bzw-HKuuQbg_6.avi,14,112,127,Fight,0.752425
carve,train/Train_Fight/bzw-HKuuQbg_6.avi,15,120,135,Fight,0.888484
carve,train/Train_Fight/bzw-HKuuQbg_6.avi,16,128,143,Fight,0.947259
carve,train/Train_Fight/dt8YUGoOSgQ_0.avi,0,0,15,Fight,0.048986
carve,train/Train_Fight/dt8YUGoOSgQ_0.avi,1,8,23,Fight,0.017586
carve,train/Train_Fight/dt8YUGoOSgQ_0.avi,2,16,31,Fight,0.050612
carve,train/Train_Fight/dt8YUGoOSgQ_0.avi,3,24,39,Fight,0.133840
carve,train/Train_Fight/dt8YUGoOSgQ_0.avi,4,32,47,Fight,0.078461
carve,train/Train_Fight/dt8YUGoOSgQ_0.avi,5,40,55,Fight,0.261695
carve,train/Train_Fight/dt8YUGoOSgQ_0.avi,6,48,63,Fight,0.166603
carve,train/Train_Fight/dt8YUGoOSgQ_0.avi,7,56,71,Fight,0.014080
carve,train/Train_Fight/dt8YUGoOSgQ_0.avi,8,64,79,Fight,0.007213
carve,train/Train_Fight/dt8YUGoOSgQ_0.avi,9,72,87,Fight,0.047098
carve,train/Train_Fight/dt8YUGoOSgQ_0.avi,10,80,95,Fight,0.940007
carve,train/Train_Fight/dt8YUGoOSgQ_0.avi,11,88,103,Fight,0.999416
carve,train/Train_Fight/dt8YUGoOSgQ_0.avi,12,96,111,Fight,0.999980
carve,train/Train_Fight/dt8YUGoOSgQ_0.avi,13,104,119,Fight,0.999580
carve,train/Train_Fight/dt8YUGoOSgQ_0.avi,14,112,127,Fight,0.929086
carve,train/Train_Fight/dt8YUGoOSgQ_0.avi,15,120,135,Fight,0.673915
carve,train/Train_Fight/dt8YUGoOSgQ_0.avi,16,128,143,Fight,0.187320
carve,train/Train_Fight/dt8YUGoOSgQ_1.avi,0,0,15,Fight,0.287301
carve,train/Train_Fight/dt8YUGoOSgQ_1.avi,1,8,23,Fight,0.126765
carve,train/Train_Fight/dt8YUGoOSgQ_1.avi,2,16,31,Fight,0.109190
carve,train/Train_Fight/dt8YUGoOSgQ_1.avi,3,24,39,Fight,0.574324
carve,train/Train_Fight/dt8YUGoOSgQ_1.avi,4,32,47,Fight,0.201254
carve,train/Train_Fight/dt8YUGoOSgQ_1.avi,5,40,55,Fight,0.069143
carve,train/Train_Fight/dt8YUGoOSgQ_1.avi,6,48,63,Fight,0.120273
carve,train/Train_Fight/dt8YUGoOSgQ_1.avi,7,56,71,Fight,0.858887
carve,train/Train_Fight/dt8YUGoOSgQ_1.avi,8,64,79,Fight,0.498939
carve,train/Train_Fight/dt8YUGoOSgQ_1.avi,9,72,87,Fight,0.999874
carve,train/Train_Fight/dt8YUGoOSgQ_1.avi,10,80,95,Fight,0.999944
carve,train/Train_Fight/dt8YUGoOSgQ_1.avi,11,88,103,Fight,0.993141
carve,train/Train_Fight/dt8YUGoOSgQ_1.avi,12,96,111,Fight,0.621957
carve,train/Train_Fight/dt8YUGoOSgQ_1.avi,13,104,119,Fight,0.473656
carve,train/Train_Fight/dt8YUGoOSgQ_1.avi,14,112,127,Fight,0.114851
carve,train/Train_Fight/dt8YUGoOSgQ_1.avi,15,120,135,Fight,0.251510
carve,train/Train_Fight/dt8YUGoOSgQ_1.avi,16,128,143,Fight,0.041195
carve,train/Train_Fight/dxzvtJ4gPC0_0.avi,0,0,15,Fight,0.009180
carve,train/Train_Fight/dxzvtJ4gPC0_0.avi,1,8,23,Fight,0.009738
carve,train/Train_Fight/dxzvtJ4gPC0_0.avi,2,16,31,Fight,0.016766
carve,train/Train_Fight/dxzvtJ4gPC0_0.avi,3,24,39,Fight,0.038788
carve,train/Train_Fight/dxzvtJ4gPC0_0.avi,4,32,47,Fight,0.375665
carve,train/Train_Fight/dxzvtJ4gPC0_0.avi,5,40,55,Fight,0.997531
carve,train/Train_Fight/dxzvtJ4gPC0_0.avi,6,48,63,Fight,0.433189
carve,train/Train_Fight/dxzvtJ4gPC0_0.avi,7,56,71,Fight,0.150159
carve,train/Train_Fight/dxzvtJ4gPC0_0.avi,8,64,79,Fight,0.324910
carve,train/Train_Fight/dxzvtJ4gPC0_0.avi,9,72,87,Fight,0.019883
carve,train/Train_Fight/dxzvtJ4gPC0_0.avi,10,80,95,Fight,0.227729
carve,train/Train_Fight/dxzvtJ4gPC0_0.avi,11,88,103,Fight,0.082677
carve,train/Train_Fight/dxzvtJ4gPC0_0.avi,12,96,111,Fight,0.197676
carve,train/Train_Fight/dxzvtJ4gPC0_0.avi,13,104,119,Fight,0.404617
carve,train/Train_Fight/dxzvtJ4gPC0_0.avi,14,112,127,Fight,0.370231
carve,train/Train_Fight/dxzvtJ4gPC0_0.avi,15,120,135,Fight,0.327518
carve,train/Train_Fight/dxzvtJ4gPC0_0.avi,16,128,143,Fight,0.017175
carve,train/Train_Fight/dxzvtJ4gPC0_1.avi,0,0,15,Fight,0.046231
carve,train/Train_Fight/dxzvtJ4gPC0_1.avi,1,8,23,Fight,0.202545
carve,train/Train_Fight/dxzvtJ4gPC0_1.avi,2,16,31,Fight,0.998762
carve,train/Train_Fight/dxzvtJ4gPC0_1.avi,3,24,39,Fight,0.996208
carve,train/Train_Fight/dxzvtJ4gPC0_1.avi,4,32,47,Fight,0.991359
carve,train/Train_Fight/dxzvtJ4gPC0_1.avi,5,40,55,Fight,0.595425
carve,train/Train_Fight/dxzvtJ4gPC0_1.avi,6,48,63,Fight,0.132069
carve,train/Train_Fight/dxzvtJ4gPC0_1.avi,7,56,71,Fight,0.242192
carve,train/Train_Fight/dxzvtJ4gPC0_1.avi,8,64,79,Fight,0.272210
carve,train/Train_Fight/dxzvtJ4gPC0_1.avi,9,72,87,Fight,0.005854
carve,train/Train_Fight/dxzvtJ4gPC0_1.avi,10,80,95,Fight,0.006559
carve,train/Train_Fight/dxzvtJ4gPC0_1.avi,11,88,103,Fight,0.001697
carve,train/Train_Fight/dxzvtJ4gPC0_1.avi,12,96,111,Fight,0.001331
carve,train/Train_Fight/dxzvtJ4gPC0_1.avi,13,104,119,Fight,0.002844
carve,train/Train_Fight/dxzvtJ4gPC0_1.avi,14,112,127,Fight,0.001837
carve,train/Train_Fight/dxzvtJ4gPC0_1.avi,15,120,135,Fight,0.000282
carve,train/Train_Fight/dxzvtJ4gPC0_1.avi,16,128,143,Fight,0.004218
carve,train/Train_Fight/e4U3gEDEB58_0.avi,0,0,15,Fight,0.079585
carve,train/Train_Fight/e4U3gEDEB58_0.avi,1,8,23,Fight,0.289005
carve,train/Train_Fight/e4U3gEDEB58_0.avi,2,16,31,Fight,0.191276
carve,train/Train_Fight/e4U3gEDEB58_0.avi,3,24,39,Fight,0.252213
carve,train/Train_Fight/e4U3gEDEB58_0.avi,4,32,47,Fight,0.308125
carve,train/Train_Fight/e4U3gEDEB58_0.avi,5,40,55,Fight,0.249503
carve,train/Train_Fight/e4U3gEDEB58_0.avi,6,48,63,Fight,0.548845
carve,train/Train_Fight/e4U3gEDEB58_0.avi,7,56,71,Fight,0.274396
carve,train/Train_Fight/e4U3gEDEB58_0.avi,8,64,79,Fight,0.219073
carve,train/Train_Fight/e4U3gEDEB58_0.avi,9,72,87,Fight,0.177976
carve,train/Train_Fight/e4U3gEDEB58_0.avi,10,80,95,Fight,0.171654
carve,train/Train_Fight/e4U3gEDEB58_0.avi,11,88,103,Fight,0.193056
carve,train/Train_Fight/e4U3gEDEB58_0.avi,12,96,111,Fight,0.188996
carve,train/Train_Fight/e4U3gEDEB58_0.avi,13,104,119,Fight,0.204684
carve,train/Train_Fight/e4U3gEDEB58_0.avi,14,112,127,Fight,0.176797
carve,train/Train_Fight/e4U3gEDEB58_0.avi,15,120,135,Fight,0.251559
carve,train/Train_Fight/e4U3gEDEB58_0.avi,16,128,143,Fight,0.296577
carve,train/Train_Fight/gNIohJfdvEc_0.avi,0,0,15,Fight,0.000283
carve,train/Train_Fight/gNIohJfdvEc_0.avi,1,8,23,Fight,0.000053
carve,train/Train_Fight/gNIohJfdvEc_0.avi,2,16,31,Fight,0.001255
carve,train/Train_Fight/gNIohJfdvEc_0.avi,3,24,39,Fight,0.001072
carve,train/Train_Fight/gNIohJfdvEc_0.avi,4,32,47,Fight,0.002320
carve,train/Train_Fight/gNIohJfdvEc_0.avi,5,40,55,Fight,0.003673
carve,train/Train_Fight/gNIohJfdvEc_0.avi,6,48,63,Fight,0.006057
carve,train/Train_Fight/gNIohJfdvEc_0.avi,7,56,71,Fight,0.012196
carve,train/Train_Fight/gNIohJfdvEc_0.avi,8,64,79,Fight,0.002483
carve,train/Train_Fight/gNIohJfdvEc_0.avi,9,72,87,Fight,0.002059
carve,train/Train_Fight/gNIohJfdvEc_0.avi,10,80,95,Fight,0.003225
carve,train/Train_Fight/gNIohJfdvEc_0.avi,11,88,103,Fight,0.000361
carve,train/Train_Fight/gNIohJfdvEc_0.avi,12,96,111,Fight,0.001912
carve,train/Train_Fight/gNIohJfdvEc_0.avi,13,104,119,Fight,0.018885
carve,train/Train_Fight/gNIohJfdvEc_0.avi,14,112,127,Fight,0.183359
carve,train/Train_Fight/gNIohJfdvEc_0.avi,15,120,135,Fight,0.125298
carve,train/Train_Fight/gNIohJfdvEc_0.avi,16,128,143,Fight,0.072719
carve,train/Train_Fight/gNIohJfdvEc_1.avi,0,0,15,Fight,0.020693
carve,train/Train_Fight/gNIohJfdvEc_1.avi,1,8,23,Fight,0.070606
carve,train/Train_Fight/gNIohJfdvEc_1.avi,2,16,31,Fight,0.068212
carve,train/Train_Fight/gNIohJfdvEc_1.avi,3,24,39,Fight,0.009590
carve,train/Train_Fight/gNIohJfdvEc_1.avi,4,32,47,Fight,0.021224
carve,train/Train_Fight/gNIohJfdvEc_1.avi,5,40,55,Fight,0.073214
carve,train/Train_Fight/gNIohJfdvEc_1.avi,6,48,63,Fight,0.234791
carve,train/Train_Fight/gNIohJfdvEc_1.avi,7,56,71,Fight,0.004007
carve,train/Train_Fight/gNIohJfdvEc_1.avi,8,64,79,Fight,0.006385
carve,train/Train_Fight/gNIohJfdvEc_1.avi,9,72,87,Fight,0.132803
carve,train/Train_Fight/gNIohJfdvEc_1.avi,10,80,95,Fight,0.049022
carve,train/Train_Fight/gNIohJfdvEc_1.avi,11,88,103,Fight,0.020691
carve,train/Train_Fight/gNIohJfdvEc_1.avi,12,96,111,Fight,0.017427
carve,train/Train_Fight/gNIohJfdvEc_1.avi,13,104,119,Fight,0.008758
carve,train/Train_Fight/gNIohJfdvEc_1.avi,14,112,127,Fight,0.050791
carve,train/Train_Fight/gNIohJfdvEc_1.avi,15,120,135,Fight,0.149256
carve,train/Train_Fight/gNIohJfdvEc_1.avi,16,128,143,Fight,0.015024
carve,train/Train_Fight/gNIohJfdvEc_2.avi,0,0,15,Fight,0.007966
carve,train/Train_Fight/gNIohJfdvEc_2.avi,1,8,23,Fight,0.000396
carve,train/Train_Fight/gNIohJfdvEc_2.avi,2,16,31,Fight,0.000646
carve,train/Train_Fight/gNIohJfdvEc_2.avi,3,24,39,Fight,0.000295
carve,train/Train_Fight/gNIohJfdvEc_2.avi,4,32,47,Fight,0.024623
carve,train/Train_Fight/gNIohJfdvEc_2.avi,5,40,55,Fight,0.006292
carve,train/Train_Fight/gNIohJfdvEc_2.avi,6,48,63,Fight,0.002731
carve,train/Train_Fight/gNIohJfdvEc_2.avi,7,56,71,Fight,0.005017
carve,train/Train_Fight/gNIohJfdvEc_2.avi,8,64,79,Fight,0.033020
carve,train/Train_Fight/gNIohJfdvEc_2.avi,9,72,87,Fight,0.009349
carve,train/Train_Fight/gNIohJfdvEc_2.avi,10,80,95,Fight,0.001018
carve,train/Train_Fight/gNIohJfdvEc_2.avi,11,88,103,Fight,0.003302
carve,train/Train_Fight/gNIohJfdvEc_2.avi,12,96,111,Fight,0.000553
carve,train/Train_Fight/gNIohJfdvEc_2.avi,13,104,119,Fight,0.000888
carve,train/Train_Fight/gNIohJfdvEc_2.avi,14,112,127,Fight,0.000150
carve,train/Train_Fight/gNIohJfdvEc_2.avi,15,120,135,Fight,0.014111
carve,train/Train_Fight/gNIohJfdvEc_2.avi,16,128,143,Fight,0.112879
carve,train/Train_Fight/kOp57sQKMPY_0.avi,0,0,15,Fight,0.034766
carve,train/Train_Fight/kOp57sQKMPY_0.avi,1,8,23,Fight,0.049440
carve,train/Train_Fight/kOp57sQKMPY_0.avi,2,16,31,Fight,0.066162
carve,train/Train_Fight/kOp57sQKMPY_0.avi,3,24,39,Fight,0.041641
carve,train/Train_Fight/kOp57sQKMPY_0.avi,4,32,47,Fight,0.030690
carve,train/Train_Fight/kOp57sQKMPY_0.avi,5,40,55,Fight,0.012922
carve,train/Train_Fight/kOp57sQKMPY_0.avi,6,48,63,Fight,0.000321
carve,train/Train_Fight/kOp57sQKMPY_0.avi,7,56,71,Fight,0.001127
carve,train/Train_Fight/kOp57sQKMPY_0.avi,8,64,79,Fight,0.000450
carve,train/Train_Fight/kOp57sQKMPY_0.avi,9,72,87,Fight,0.000439
carve,train/Train_Fight/kOp57sQKMPY_0.avi,10,80,95,Fight,0.000584
carve,train/Train_Fight/kOp57sQKMPY_0.avi,11,88,103,Fight,0.000352
carve,train/Train_Fight/kOp57sQKMPY_0.avi,12,96,111,Fight,0.001812
carve,train/Train_Fight/kOp57sQKMPY_0.avi,13,104,119,Fight,0.001612
carve,train/Train_Fight/kOp57sQKMPY_0.avi,14,112,127,Fight,0.035085
carve,train/Train_Fight/kOp57sQKMPY_0.avi,15,120,135,Fight,0.034099
carve,train/Train_Fight/kOp57sQKMPY_0.avi,16,128,143,Fight,0.002526
carve,train/Train_Fight/kOp57sQKMPY_1.avi,0,0,15,Fight,0.002293
carve,train/Train_Fight/kOp57sQKMPY_1.avi,1,8,23,Fight,0.001010
carve,train/Train_Fight/kOp57sQKMPY_1.avi,2,16,31,Fight,0.014565
carve,train/Train_Fight/kOp57sQKMPY_1.avi,3,24,39,Fight,0.089833
carve,train/Train_Fight/kOp57sQKMPY_1.avi,4,32,47,Fight,0.015569
carve,train/Train_Fight/kOp57sQKMPY_1.avi,5,40,55,Fight,0.009707
carve,train/Train_Fight/kOp57sQKMPY_1.avi,6,48,63,Fight,0.015194
carve,train/Train_Fight/kOp57sQKMPY_1.avi,7,56,71,Fight,0.025560
carve,train/Train_Fight/kOp57sQKMPY_1.avi,8,64,79,Fight,0.062021
carve,train/Train_Fight/kOp57sQKMPY_1.avi,9,72,87,Fight,0.018144
carve,train/Train_Fight/kOp57sQKMPY_1.avi,10,80,95,Fight,0.024644
carve,train/Train_Fight/kOp57sQKMPY_1.avi,11,88,103,Fight,0.016254
carve,train/Train_Fight/kOp57sQKMPY_1.avi,12,96,111,Fight,0.018833
carve,train/Train_Fight/kOp57sQKMPY_1.avi,13,104,119,Fight,0.047602
carve,train/Train_Fight/kOp57sQKMPY_1.avi,14,112,127,Fight,0.087046
carve,train/Train_Fight/kOp57sQKMPY_1.avi,15,120,135,Fight,0.065200
carve,train/Train_Fight/kOp57sQKMPY_1.avi,16,128,143,Fight,0.059098
carve,train/Train_Fight/mxlWEjopk_c_0.avi,0,0,15,Fight,0.023948
carve,train/Train_Fight/mxlWEjopk_c_0.avi,1,8,23,Fight,0.023767
carve,train/Train_Fight/mxlWEjopk_c_0.avi,2,16,31,Fight,0.030819
carve,train/Train_Fight/mxlWEjopk_c_0.avi,3,24,39,Fight,0.007667
carve,train/Train_Fight/mxlWEjopk_c_0.avi,4,32,47,Fight,0.011152
carve,train/Train_Fight/mxlWEjopk_c_0.avi,5,40,55,Fight,0.016039
carve,train/Train_Fight/mxlWEjopk_c_0.avi,6,48,63,Fight,0.011647
carve,train/Train_Fight/mxlWEjopk_c_0.avi,7,56,71,Fight,0.007336
carve,train/Train_Fight/mxlWEjopk_c_0.avi,8,64,79,Fight,0.010784
carve,train/Train_Fight/mxlWEjopk_c_0.avi,9,72,87,Fight,0.008948
carve,train/Train_Fight/mxlWEjopk_c_0.avi,10,80,95,Fight,0.019438
carve,train/Train_Fight/mxlWEjopk_c_0.avi,11,88,103,Fight,0.036205
carve,train/Train_Fight/mxlWEjopk_c_0.avi,12,96,111,Fight,0.020019
carve,train/Train_Fight/mxlWEjopk_c_0.avi,13,104,119,Fight,0.038829
carve,train/Train_Fight/mxlWEjopk_c_0.avi,14,112,127,Fight,0.061708
carve,train/Train_Fight/mxlWEjopk_c_0.avi,15,120,135,Fight,0.383219
carve,train/Train_Fight/mxlWEjopk_c_0.avi,16,128,143,Fight,0.687302
carve,train/Train_Fight/p1bUxYeJ_0.avi,0,0,15,Fight,0.018728
carve,train/Train_Fight/p1bUxYeJ_0.avi,1,8,23,Fight,0.052861
carve,train/Train_Fight/p1bUxYeJ_0.avi,2,16,31,Fight,0.318628
carve,train/Train_Fight/p1bUxYeJ_0.avi,3,24,39,Fight,0.085926
carve,train/Train_Fight/p1bUxYeJ_0.avi,4,32,47,Fight,0.043784
carve,train/Train_Fight/p1bUxYeJ_0.avi,5,40,55,Fight,0.011501
carve,train/Train_Fight/p1bUxYeJ_0.avi,6,48,63,Fight,0.036918
carve,train/Train_Fight/p1bUxYeJ_0.avi,7,56,71,Fight,0.030588
carve,train/Train_Fight/p1bUxYeJ_0.avi,8,64,79,Fight,0.021203
carve,train/Train_Fight/p1bUxYeJ_0.avi,9,72,87,Fight,0.003437
carve,train/Train_Fight/p1bUxYeJ_0.avi,10,80,95,Fight,0.035744
carve,train/Train_Fight/p1bUxYeJ_0.avi,11,88,103,Fight,0.381639
carve,train/Train_Fight/p1bUxYeJ_0.avi,12,96,111,Fight,0.735100
carve,train/Train_Fight/p1bUxYeJ_0.avi,13,104,119,Fight,0.274889
carve,train/Train_Fight/p1bUxYeJ_0.avi,14,112,127,Fight,0.262422
carve,train/Train_Fight/p1bUxYeJ_0.avi,15,120,135,Fight,0.099290
carve,train/Train_Fight/p1bUxYeJ_0.avi,16,128,143,Fight,0.010215
carve,train/Train_Fight/p1bUxYeJ_1.avi,0,0,15,Fight,0.001096
carve,train/Train_Fight/p1bUxYeJ_1.avi,1,8,23,Fight,0.003219
carve,train/Train_Fight/p1bUxYeJ_1.avi,2,16,31,Fight,0.002887
carve,train/Train_Fight/p1bUxYeJ_1.avi,3,24,39,Fight,0.003495
carve,train/Train_Fight/p1bUxYeJ_1.avi,4,32,47,Fight,0.007560
carve,train/Train_Fight/p1bUxYeJ_1.avi,5,40,55,Fight,0.006881
carve,train/Train_Fight/p1bUxYeJ_1.avi,6,48,63,Fight,0.015354
carve,train/Train_Fight/p1bUxYeJ_1.avi,7,56,71,Fight,0.010742
carve,train/Train_Fight/p1bUxYeJ_1.avi,8,64,79,Fight,0.002231
carve,train/Train_Fight/p1bUxYeJ_1.avi,9,72,87,Fight,0.000119
carve,train/Train_Fight/p1bUxYeJ_1.avi,10,80,95,Fight,0.000192
carve,train/Train_Fight/p1bUxYeJ_1.avi,11,88,103,Fight,0.000975
carve,train/Train_Fight/p1bUxYeJ_1.avi,12,96,111,Fight,0.005074
carve,train/Train_Fight/p1bUxYeJ_1.avi,13,104,119,Fight,0.006619
carve,train/Train_Fight/p1bUxYeJ_1.avi,14,112,127,Fight,0.001619
carve,train/Train_Fight/p1bUxYeJ_1.avi,15,120,135,Fight,0.000697
carve,train/Train_Fight/p1bUxYeJ_1.avi,16,128,143,Fight,0.001305
carve,train/Train_Fight/p1bUxYeJ_2.avi,0,0,15,Fight,0.000416
carve,train/Train_Fight/p1bUxYeJ_2.avi,1,8,23,Fight,0.000416
carve,train/Train_Fight/p1bUxYeJ_2.avi,2,16,31,Fight,0.000514
carve,train/Train_Fight/p1bUxYeJ_2.avi,3,24,39,Fight,0.000430
carve,train/Train_Fight/p1bUxYeJ_2.avi,4,32,47,Fight,0.000853
carve,train/Train_Fight/p1bUxYeJ_2.avi,5,40,55,Fight,0.000339
carve,train/Train_Fight/p1bUxYeJ_2.avi,6,48,63,Fight,0.002414
carve,train/Train_Fight/p1bUxYeJ_2.avi,7,56,71,Fight,0.000355
carve,train/Train_Fight/p1bUxYeJ_2.avi,8,64,79,Fight,0.001411
carve,train/Train_Fight/p1bUxYeJ_2.avi,9,72,87,Fight,0.002394
carve,train/Train_Fight/p1bUxYeJ_2.avi,10,80,95,Fight,0.002265
carve,train/Train_Fight/p1bUxYeJ_2.avi,11,88,103,Fight,0.000671
carve,train/Train_Fight/p1bUxYeJ_2.avi,12,96,111,Fight,0.000834
carve,train/Train_Fight/p1bUxYeJ_2.avi,13,104,119,Fight,0.000362
carve,train/Train_Fight/p1bUxYeJ_2.avi,14,112,127,Fight,0.001131
carve,train/Train_Fight/p1bUxYeJ_2.avi,15,120,135,Fight,0.001609
carve,train/Train_Fight/p1bUxYeJ_2.avi,16,128,143,Fight,0.004366
carve,train/Train_Fight/r8PX3ZJ1_II_0.avi,0,0,15,Fight,0.021318
carve,train/Train_Fight/r8PX3ZJ1_II_0.avi,1,8,23,Fight,0.130834
carve,train/Train_Fight/r8PX3ZJ1_II_0.avi,2,16,31,Fight,0.043117
carve,train/Train_Fight/r8PX3ZJ1_II_0.avi,3,24,39,Fight,0.148484
carve,train/Train_Fight/r8PX3ZJ1_II_0.avi,4,32,47,Fight,0.044482
carve,train/Train_Fight/r8PX3ZJ1_II_0.avi,5,40,55,Fight,0.003495
carve,train/Train_Fight/r8PX3ZJ1_II_0.avi,6,48,63,Fight,0.000549
carve,train/Train_Fight/r8PX3ZJ1_II_0.avi,7,56,71,Fight,0.003336
carve,train/Train_Fight/r8PX3ZJ1_II_0.avi,8,64,79,Fight,0.001560
carve,train/Train_Fight/r8PX3ZJ1_II_0.avi,9,72,87,Fight,0.000096
carve,train/Train_Fight/r8PX3ZJ1_II_0.avi,10,80,95,Fight,0.001455
carve,train/Train_Fight/r8PX3ZJ1_II_0.avi,11,88,103,Fight,0.007295
carve,train/Train_Fight/r8PX3ZJ1_II_0.avi,12,96,111,Fight,0.007566
carve,train/Train_Fight/r8PX3ZJ1_II_0.avi,13,104,119,Fight,0.002510
carve,train/Train_Fight/r8PX3ZJ1_II_0.avi,14,112,127,Fight,0.002015
carve,train/Train_Fight/r8PX3ZJ1_II_0.avi,15,120,135,Fight,0.000345
carve,train/Train_Fight/r8PX3ZJ1_II_0.avi,16,128,143,Fight,0.002205
carve,train/Train_Fight/reg_495.avi,0,0,15,Fight,0.999995
carve,train/Train_Fight/reg_495.avi,1,8,23,Fight,0.996887
carve,train/Train_Fight/reg_495.avi,2,16,31,Fight,0.997407
carve,train/Train_Fight/reg_495.avi,3,24,39,Fight,0.999855
carve,train/Train_Fight/reg_495.avi,4,32,47,Fight,0.999821
carve,train/Train_Fight/reg_495.avi,5,40,55,Fight,0.999983
carve,train/Train_Fight/reg_495.avi,6,48,63,Fight,0.999567
carve,train/Train_Fight/reg_495.avi,7,56,71,Fight,0.999420
carve,train/Train_Fight/reg_495.avi,8,64,79,Fight,0.999985
carve,train/Train_Fight/reg_495.avi,9,72,87,Fight,1.000000
carve,train/Train_Fight/reg_495.avi,10,80,95,Fight,0.999869
carve,train/Train_Fight/reg_495.avi,11,88,103,Fight,0.939770
carve,train/Train_Fight/reg_495.avi,12,96,111,Fight,0.469612
carve,train/Train_Fight/reg_495.avi,13,104,119,Fight,0.364923
carve,train/Train_Fight/reg_495.avi,14,112,127,Fight,0.402770
carve,train/Train_Fight/reg_495.avi,15,120,135,Fight,0.339885
carve,train/Train_Fight/reg_495.avi,16,128,143,Fight,0.348659
carve,train/Train_Fight/rn7Qjaj9_0.avi,0,0,15,Fight,0.000093
carve,train/Train_Fight/rn7Qjaj9_0.avi,1,8,23,Fight,0.000152
carve,train/Train_Fight/rn7Qjaj9_0.avi,2,16,31,Fight,0.000051
carve,train/Train_Fight/rn7Qjaj9_0.avi,3,24,39,Fight,0.000009
carve,train/Train_Fight/rn7Qjaj9_0.avi,4,32,47,Fight,0.000005
carve,train/Train_Fight/rn7Qjaj9_0.avi,5,40,55,Fight,0.000005
carve,train/Train_Fight/rn7Qjaj9_0.avi,6,48,63,Fight,0.000003
carve,train/Train_Fight/rn7Qjaj9_0.avi,7,56,71,Fight,0.000024
carve,train/Train_Fight/rn7Qjaj9_0.avi,8,64,79,Fight,0.000165
carve,train/Train_Fight/rn7Qjaj9_0.avi,9,72,87,Fight,0.001264
carve,train/Train_Fight/rn7Qjaj9_0.avi,10,80,95,Fight,0.003772
carve,train/Train_Fight/rn7Qjaj9_0.avi,11,88,103,Fight,0.019892
carve,train/Train_Fight/rn7Qjaj9_0.avi,12,96,111,Fight,0.157038
carve,train/Train_Fight/rn7Qjaj9_0.avi,13,104,119,Fight,0.025437
carve,train/Train_Fight/rn7Qjaj9_0.avi,14,112,127,Fight,0.090303
carve,train/Train_Fight/rn7Qjaj9_0.avi,15,120,135,Fight,0.042437
carve,train/Train_Fight/rn7Qjaj9_0.avi,16,128,143,Fight,0.079787
carve,train/Train_Fight/rn7Qjaj9_1.avi,0,0,15,Fight,0.003315
carve,train/Train_Fight/rn7Qjaj9_1.avi,1,8,23,Fight,0.002772
carve,train/Train_Fight/rn7Qjaj9_1.avi,2,16,31,Fight,0.002230
carve,train/Train_Fight/rn7Qjaj9_1.avi,3,24,39,Fight,0.001849
carve,train/Train_Fight/rn7Qjaj9_1.avi,4,32,47,Fight,0.001444
carve,train/Train_Fight/rn7Qjaj9_1.avi,5,40,55,Fight,0.000992
carve,train/Train_Fight/rn7Qjaj9_1.avi,6,48,63,Fight,0.001025
carve,train/Train_Fight/rn7Qjaj9_1.avi,7,56,71,Fight,0.003121
carve,train/Train_Fight/rn7Qjaj9_1.avi,8,64,79,Fight,0.106108
carve,train/Train_Fight/rn7Qjaj9_1.avi,9,72,87,Fight,0.453435
carve,train/Train_Fight/rn7Qjaj9_1.avi,10,80,95,Fight,0.091286
carve,train/Train_Fight/rn7Qjaj9_1.avi,11,88,103,Fight,0.011483
carve,train/Train_Fight/rn7Qjaj9_1.avi,12,96,111,Fight,0.007445
carve,train/Train_Fight/rn7Qjaj9_1.avi,13,104,119,Fight,0.004194
carve,train/Train_Fight/rn7Qjaj9_1.avi,14,112,127,Fight,0.004216
carve,train/Train_Fight/rn7Qjaj9_1.avi,15,120,135,Fight,0.010264
carve,train/Train_Fight/rn7Qjaj9_1.avi,16,128,143,Fight,0.009302
carve,train/Train_Fight/tUzd4cN2_0.avi,0,0,15,Fight,0.061257
carve,train/Train_Fight/tUzd4cN2_0.avi,1,8,23,Fight,0.070379
carve,train/Train_Fight/tUzd4cN2_0.avi,2,16,31,Fight,0.148554
carve,train/Train_Fight/tUzd4cN2_0.avi,3,24,39,Fight,0.066154
carve,train/Train_Fight/tUzd4cN2_0.avi,4,32,47,Fight,0.077461
carve,train/Train_Fight/tUzd4cN2_0.avi,5,40,55,Fight,0.152188
carve,train/Train_Fight/tUzd4cN2_0.avi,6,48,63,Fight,0.042406
carve,train/Train_Fight/tUzd4cN2_0.avi,7,56,71,Fight,0.035940
carve,train/Train_Fight/tUzd4cN2_0.avi,8,64,79,Fight,0.071889
carve,train/Train_Fight/tUzd4cN2_0.avi,9,72,87,Fight,0.068983
carve,train/Train_Fight/tUzd4cN2_0.avi,10,80,95,Fight,0.084469
carve,train/Train_Fight/tUzd4cN2_0.avi,11,88,103,Fight,0.913951
carve,train/Train_Fight/tUzd4cN2_0.avi,12,96,111,Fight,0.361750
carve,train/Train_Fight/tUzd4cN2_0.avi,13,104,119,Fight,0.192711
carve,train/Train_Fight/tUzd4cN2_0.avi,14,112,127,Fight,0.374526
carve,train/Train_Fight/tUzd4cN2_0.avi,15,120,135,Fight,0.053082
carve,train/Train_Fight/tUzd4cN2_0.avi,16,128,143,Fight,0.068407
carve,train/Train_Fight/uXf4C-YwbtM_1.avi,0,0,15,Fight,0.004436
carve,train/Train_Fight/uXf4C-YwbtM_1.avi,1,8,23,Fight,0.033984
carve,train/Train_Fight/uXf4C-YwbtM_1.avi,2,16,31,Fight,0.040840
carve,train/Train_Fight/uXf4C-YwbtM_1.avi,3,24,39,Fight,0.015156
carve,train/Train_Fight/uXf4C-YwbtM_1.avi,4,32,47,Fight,0.023049
carve,train/Train_Fight/uXf4C-YwbtM_1.avi,5,40,55,Fight,0.043759
carve,train/Train_Fight/uXf4C-YwbtM_1.avi,6,48,63,Fight,0.026915
carve,train/Train_Fight/uXf4C-YwbtM_1.avi,7,56,71,Fight,0.008441
carve,train/Train_Fight/uXf4C-YwbtM_1.avi,8,64,79,Fight,0.005895
carve,train/Train_Fight/uXf4C-YwbtM_1.avi,9,72,87,Fight,0.004584
carve,train/Train_Fight/uXf4C-YwbtM_1.avi,10,80,95,Fight,0.011625
carve,train/Train_Fight/uXf4C-YwbtM_1.avi,11,88,103,Fight,0.042128
carve,train/Train_Fight/uXf4C-YwbtM_1.avi,12,96,111,Fight,0.027955
carve,train/Train_Fight/uXf4C-YwbtM_1.avi,13,104,119,Fight,0.016108
carve,train/Train_Fight/uXf4C-YwbtM_1.avi,14,112,127,Fight,0.012026
carve,train/Train_Fight/uXf4C-YwbtM_1.avi,15,120,135,Fight,0.018962
carve,train/Train_Fight/uXf4C-YwbtM_1.avi,16,128,143,Fight,0.010877
carve,train/Train_Fight/uXf4C-YwbtM_3.avi,0,0,15,Fight,0.000117
carve,train/Train_Fight/uXf4C-YwbtM_3.avi,1,8,23,Fight,0.000158
carve,train/Train_Fight/uXf4C-YwbtM_3.avi,2,16,31,Fight,0.000076
carve,train/Train_Fight/uXf4C-YwbtM_3.avi,3,24,39,Fight,0.000253
carve,train/Train_Fight/uXf4C-YwbtM_3.avi,4,32,47,Fight,0.000392
carve,train/Train_Fight/uXf4C-YwbtM_3.avi,5,40,55,Fight,0.000143
carve,train/Train_Fight/uXf4C-YwbtM_3.avi,6,48,63,Fight,0.000764
carve,train/Train_Fight/uXf4C-YwbtM_3.avi,7,56,71,Fight,0.000318
carve,train/Train_Fight/uXf4C-YwbtM_3.avi,8,64,79,Fight,0.000655
carve,train/Train_Fight/uXf4C-YwbtM_3.avi,9,72,87,Fight,0.001743
carve,train/Train_Fight/uXf4C-YwbtM_3.avi,10,80,95,Fight,0.000797
carve,train/Train_Fight/uXf4C-YwbtM_3.avi,11,88,103,Fight,0.019230
carve,train/Train_Fight/uXf4C-YwbtM_3.avi,12,96,111,Fight,0.014173
carve,train/Train_Fight/uXf4C-YwbtM_3.avi,13,104,119,Fight,0.011408
carve,train/Train_Fight/uXf4C-YwbtM_3.avi,14,112,127,Fight,0.030331
carve,train/Train_Fight/uXf4C-YwbtM_3.avi,15,120,135,Fight,0.015396
carve,train/Train_Fight/uXf4C-YwbtM_3.avi,16,128,143,Fight,0.005454
carve,train/Train_Fight/w1T3NmEAt00_0.avi,0,0,15,Fight,0.012449
carve,train/Train_Fight/w1T3NmEAt00_0.avi,1,8,23,Fight,0.017452
carve,train/Train_Fight/w1T3NmEAt00_0.avi,2,16,31,Fight,0.011931
carve,train/Train_Fight/w1T3NmEAt00_0.avi,3,24,39,Fight,0.005252
carve,train/Train_Fight/w1T3NmEAt00_0.avi,4,32,47,Fight,0.002557
carve,train/Train_Fight/w1T3NmEAt00_0.avi,5,40,55,Fight,0.007446
carve,train/Train_Fight/w1T3NmEAt00_0.avi,6,48,63,Fight,0.975577
carve,train/Train_Fight/w1T3NmEAt00_0.avi,7,56,71,Fight,0.983885
carve,train/Train_Fight/w1T3NmEAt00_0.avi,8,64,79,Fight,0.974014
carve,train/Train_Fight/w1T3NmEAt00_0.avi,9,72,87,Fight,0.526498
carve,train/Train_Fight/w1T3NmEAt00_0.avi,10,80,95,Fight,0.983828
carve,train/Train_Fight/w1T3NmEAt00_0.avi,11,88,103,Fight,0.880294
carve,train/Train_Fight/w1T3NmEAt00_0.avi,12,96,111,Fight,0.038636
carve,train/Train_Fight/w1T3NmEAt00_0.avi,13,104,119,Fight,0.053124
carve,train/Train_Fight/w1T3NmEAt00_0.avi,14,112,127,Fight,0.058255
carve,train/Train_Fight/w1T3NmEAt00_0.avi,15,120,135,Fight,0.058734
carve,train/Train_Fight/w1T3NmEAt00_0.avi,16,128,143,Fight,0.080536
carve,train/Train_Fight/wetrew_1195.avi,0,0,15,Fight,0.034902
carve,train/Train_Fight/wetrew_1195.avi,1,8,23,Fight,0.033895
carve,train/Train_Fight/wetrew_1195.avi,2,16,31,Fight,0.010853
carve,train/Train_Fight/wetrew_1195.avi,3,24,39,Fight,0.006241
carve,train/Train_Fight/wetrew_1195.avi,4,32,47,Fight,0.009481
carve,train/Train_Fight/wetrew_1195.avi,5,40,55,Fight,0.057210
carve,train/Train_Fight/wetrew_1195.avi,6,48,63,Fight,0.101206
carve,train/Train_Fight/wetrew_1195.avi,7,56,71,Fight,0.082951
carve,train/Train_Fight/wetrew_1195.avi,8,64,79,Fight,0.082550
carve,train/Train_Fight/wetrew_1195.avi,9,72,87,Fight,0.105077
carve,train/Train_Fight/wetrew_1195.avi,10,80,95,Fight,0.089323
carve,train/Train_Fight/wetrew_1195.avi,11,88,103,Fight,0.048461
carve,train/Train_Fight/wetrew_1195.avi,12,96,111,Fight,0.051720
carve,train/Train_Fight/wetrew_1195.avi,13,104,119,Fight,0.040202
carve,train/Train_Fight/wetrew_1195.avi,14,112,127,Fight,0.119146
carve,train/Train_Fight/wetrew_1195.avi,15,120,135,Fight,0.116019
carve,train/Train_Fight/wetrew_1195.avi,16,128,143,Fight,0.233752
carve,train/Train_Fight/╤çΓò£╨í╤à╨á╨╖╤ë╨æ╨╜╤àΓûæ╨ƒ╤åΓòûΓòû╤åΓòûΓòû╤å╨Ö╨ú╤å╨«Γòó╤ÅΓò¥╨£╤ç╨½╨í╤å╨₧╨╖╤à╨ò╨╕╤ç╨╕╨¢╤å╨¢╨¥╤å╨í╨ö_urlgot_317.avi,0,0,15,Fight,0.597215
carve,train/Train_Fight/╤çΓò£╨í╤à╨á╨╖╤ë╨æ╨╜╤àΓûæ╨ƒ╤åΓòûΓòû╤åΓòûΓòû╤å╨Ö╨ú╤å╨«Γòó╤ÅΓò¥╨£╤ç╨½╨í╤å╨₧╨╖╤à╨ò╨╕╤ç╨╕╨¢╤å╨¢╨¥╤å╨í╨ö_urlgot_317.avi,1,8,23,Fight,0.847329
carve,train/Train_Fight/╤çΓò£╨í╤à╨á╨╖╤ë╨æ╨╜╤àΓûæ╨ƒ╤åΓòûΓòû╤åΓòûΓòû╤å╨Ö╨ú╤å╨«Γòó╤ÅΓò¥╨£╤ç╨½╨í╤å╨₧╨╖╤à╨ò╨╕╤ç╨╕╨¢╤å╨¢╨¥╤å╨í╨ö_urlgot_317.avi,2,16,31,Fight,0.559179
carve,train/Train_Fight/╤çΓò£╨í╤à╨á╨╖╤ë╨æ╨╜╤àΓûæ╨ƒ╤åΓòûΓòû╤åΓòûΓòû╤å╨Ö╨ú╤å╨«Γòó╤ÅΓò¥╨£╤ç╨½╨í╤å╨₧╨╖╤à╨ò╨╕╤ç╨╕╨¢╤å╨¢╨¥╤å╨í╨ö_urlgot_317.avi,3,24,39,Fight,0.246612
carve,train/Train_Fight/╤çΓò£╨í╤à╨á╨╖╤ë╨æ╨╜╤àΓûæ╨ƒ╤åΓòûΓòû╤åΓòûΓòû╤å╨Ö╨ú╤å╨«Γòó╤ÅΓò¥╨£╤ç╨½╨í╤å╨₧╨╖╤à╨ò╨╕╤ç╨╕╨¢╤å╨¢╨¥╤å╨í╨ö_urlgot_317.avi,4,32,47,Fight,0.755741
carve,train/Train_Fight/╤çΓò£╨í╤à╨á╨╖╤ë╨æ╨╜╤àΓûæ╨ƒ╤åΓòûΓòû╤åΓòûΓòû╤å╨Ö╨ú╤å╨«Γòó╤ÅΓò¥╨£╤ç╨½╨í╤å╨₧╨╖╤à╨ò╨╕╤ç╨╕╨¢╤å╨¢╨¥╤å╨í╨ö_urlgot_317.avi,5,40,55,Fight,0.992393
carve,train/Train_Fight/╤çΓò£╨í╤à╨á╨╖╤ë╨æ╨╜╤àΓûæ╨ƒ╤åΓòûΓòû╤åΓòûΓòû╤å╨Ö╨ú╤å╨«Γòó╤ÅΓò¥╨£╤ç╨½╨í╤å╨₧╨╖╤à╨ò╨╕╤ç╨╕╨¢╤å╨¢╨¥╤å╨í╨ö_urlgot_317.avi,6,48,63,Fight,0.753673
carve,train/Train_Fight/╤çΓò£╨í╤à╨á╨╖╤ë╨æ╨╜╤àΓûæ╨ƒ╤åΓòûΓòû╤åΓòûΓòû╤å╨Ö╨ú╤å╨«Γòó╤ÅΓò¥╨£╤ç╨½╨í╤å╨₧╨╖╤à╨ò╨╕╤ç╨╕╨¢╤å╨¢╨¥╤å╨í╨ö_urlgot_317.avi,7,56,71,Fight,0.924895
carve,train/Train_Fight/╤çΓò£╨í╤à╨á╨╖╤ë╨æ╨╜╤àΓûæ╨ƒ╤åΓòûΓòû╤åΓòûΓòû╤å╨Ö╨ú╤å╨«Γòó╤ÅΓò¥╨£╤ç╨½╨í╤å╨₧╨╖╤à╨ò╨╕╤ç╨╕╨¢╤å╨¢╨¥╤å╨í╨ö_urlgot_317.avi,8,64,79,Fight,0.999850
carve,train/Train_Fight/╤çΓò£╨í╤à╨á╨╖╤ë╨æ╨╜╤àΓûæ╨ƒ╤åΓòûΓòû╤åΓòûΓòû╤å╨Ö╨ú╤å╨«Γòó╤ÅΓò¥╨£╤ç╨½╨í╤å╨₧╨╖╤à╨ò╨╕╤ç╨╕╨¢╤å╨¢╨¥╤å╨í╨ö_urlgot_317.avi,9,72,87,Fight,0.991538
carve,train/Train_Fight/╤çΓò£╨í╤à╨á╨╖╤ë╨æ╨╜╤àΓûæ╨ƒ╤åΓòûΓòû╤åΓòûΓòû╤å╨Ö╨ú╤å╨«Γòó╤ÅΓò¥╨£╤ç╨½╨í╤å╨₧╨╖╤à╨ò╨╕╤ç╨╕╨¢╤å╨¢╨¥╤å╨í╨ö_urlgot_317.avi,10,80,95,Fight,0.937353
carve,train/Train_Fight/╤çΓò£╨í╤à╨á╨╖╤ë╨æ╨╜╤àΓûæ╨ƒ╤åΓòûΓòû╤åΓòûΓòû╤å╨Ö╨ú╤å╨«Γòó╤ÅΓò¥╨£╤ç╨½╨í╤å╨₧╨╖╤à╨ò╨╕╤ç╨╕╨¢╤å╨¢╨¥╤å╨í╨ö_urlgot_317.avi,11,88,103,Fight,0.998480
carve,train/Train_Fight/╤çΓò£╨í╤à╨á╨╖╤ë╨æ╨╜╤àΓûæ╨ƒ╤åΓòûΓòû╤åΓòûΓòû╤å╨Ö╨ú╤å╨«Γòó╤ÅΓò¥╨£╤ç╨½╨í╤å╨₧╨╖╤à╨ò╨╕╤ç╨╕╨¢╤å╨¢╨¥╤å╨í╨ö_urlgot_317.avi,12,96,111,Fight,0.998211
carve,train/Train_Fight/╤çΓò£╨í╤à╨á╨╖╤ë╨æ╨╜╤àΓûæ╨ƒ╤åΓòûΓòû╤åΓòûΓòû╤å╨Ö╨ú╤å╨«Γòó╤ÅΓò¥╨£╤ç╨½╨í╤å╨₧╨╖╤à╨ò╨╕╤ç╨╕╨¢╤å╨¢╨¥╤å╨í╨ö_urlgot_317.avi,13,104,119,Fight,0.967541
carve,train/Train_Fight/╤çΓò£╨í╤à╨á╨╖╤ë╨æ╨╜╤àΓûæ╨ƒ╤åΓòûΓòû╤åΓòûΓòû╤å╨Ö╨ú╤å╨«Γòó╤ÅΓò¥╨£╤ç╨½╨í╤å╨₧╨╖╤à╨ò╨╕╤ç╨╕╨¢╤å╨¢╨¥╤å╨í╨ö_urlgot_317.avi,14,112,127,Fight,0.059032
carve,train/Train_Fight/╤çΓò£╨í╤à╨á╨╖╤ë╨æ╨╜╤àΓûæ╨ƒ╤åΓòûΓòû╤åΓòûΓòû╤å╨Ö╨ú╤å╨«Γòó╤ÅΓò¥╨£╤ç╨½╨í╤å╨₧╨╖╤à╨ò╨╕╤ç╨╕╨¢╤å╨¢╨¥╤å╨í╨ö_urlgot_317.avi,15,120,135,Fight,0.142672
carve,train/Train_Fight/╤çΓò£╨í╤à╨á╨╖╤ë╨æ╨╜╤àΓûæ╨ƒ╤åΓòûΓòû╤åΓòûΓòû╤å╨Ö╨ú╤å╨«Γòó╤ÅΓò¥╨£╤ç╨½╨í╤å╨₧╨╖╤à╨ò╨╕╤ç╨╕╨¢╤å╨¢╨¥╤å╨í╨ö_urlgot_317.avi,16,128,143,Fight,0.490522
carve,train/Train_NonFight/0QSeuqzpcOQ_0.avi,0,0,15,NonFight,0.021703
carve,train/Train_NonFight/0QSeuqzpcOQ_0.avi,1,8,23,NonFight,0.018668
carve,train/Train_NonFight/0QSeuqzpcOQ_0.avi,2,16,31,NonFight,0.011744
carve,train/Train_NonFight/0QSeuqzpcOQ_0.avi,3,24,39,NonFight,0.012787
carve,train/Train_NonFight/0QSeuqzpcOQ_0.avi,4,32,47,NonFight,0.014626
carve,train/Train_NonFight/0QSeuqzpcOQ_0.avi,5,40,55,NonFight,0.016242
carve,train/Train_NonFight/0QSeuqzpcOQ_0.avi,6,48,63,NonFight,0.021523
carve,train/Train_NonFight/0QSeuqzpcOQ_0.avi,7,56,71,NonFight,0.026780
carve,train/Train_NonFight/0QSeuqzpcOQ_0.avi,8,64,79,NonFight,0.041890
carve,train/Train_NonFight/0QSeuqzpcOQ_0.avi,9,72,87,NonFight,0.030314
carve,train/Train_NonFight/0QSeuqzpcOQ_0.avi,10,80,95,NonFight,0.018901
carve,train/Train_NonFight/0QSeuqzpcOQ_0.avi,11,88,103,NonFight,0.019033
carve,train/Train_NonFight/0QSeuqzpcOQ_0.avi,12,96,111,NonFight,0.013835
carve,train/Train_NonFight/0QSeuqzpcOQ_0.avi,13,104,119,NonFight,0.015809
carve,train/Train_NonFight/0QSeuqzpcOQ_0.avi,14,112,127,NonFight,0.013684
carve,train/Train_NonFight/0QSeuqzpcOQ_0.avi,15,120,135,NonFight,0.014462
carve,train/Train_NonFight/0QSeuqzpcOQ_0.avi,16,128,143,NonFight,0.022575
carve,train/Train_NonFight/0QSeuqzpcOQ_1.avi,0,0,15,NonFight,0.022662
carve,train/Train_NonFight/0QSeuqzpcOQ_1.avi,1,8,23,NonFight,0.018776
carve,train/Train_NonFight/0QSeuqzpcOQ_1.avi,2,16,31,NonFight,0.020345
carve,train/Train_NonFight/0QSeuqzpcOQ_1.avi,3,24,39,NonFight,0.017083
carve,train/Train_NonFight/0QSeuqzpcOQ_1.avi,4,32,47,NonFight,0.016571
carve,train/Train_NonFight/0QSeuqzpcOQ_1.avi,5,40,55,NonFight,0.017820
carve,train/Train_NonFight/0QSeuqzpcOQ_1.avi,6,48,63,NonFight,0.019239
carve,train/Train_NonFight/0QSeuqzpcOQ_1.avi,7,56,71,NonFight,0.018311
carve,train/Train_NonFight/0QSeuqzpcOQ_1.avi,8,64,79,NonFight,0.019814
carve,train/Train_NonFight/0QSeuqzpcOQ_1.avi,9,72,87,NonFight,0.020526
carve,train/Train_NonFight/0QSeuqzpcOQ_1.avi,10,80,95,NonFight,0.021787
carve,train/Train_NonFight/0QSeuqzpcOQ_1.avi,11,88,103,NonFight,0.029228
carve,train/Train_NonFight/0QSeuqzpcOQ_1.avi,12,96,111,NonFight,0.036993
carve,train/Train_NonFight/0QSeuqzpcOQ_1.avi,13,104,119,NonFight,0.027739
carve,train/Train_NonFight/0QSeuqzpcOQ_1.avi,14,112,127,NonFight,0.026966
carve,train/Train_NonFight/0QSeuqzpcOQ_1.avi,15,120,135,NonFight,0.029162
carve,train/Train_NonFight/0QSeuqzpcOQ_1.avi,16,128,143,NonFight,0.021971
carve,train/Train_NonFight/0YbzxGPE_0.avi,0,0,15,NonFight,0.000186
carve,train/Train_NonFight/0YbzxGPE_0.avi,1,8,23,NonFight,0.000118
carve,train/Train_NonFight/0YbzxGPE_0.avi,2,16,31,NonFight,0.000356
carve,train/Train_NonFight/0YbzxGPE_0.avi,3,24,39,NonFight,0.000463
carve,train/Train_NonFight/0YbzxGPE_0.avi,4,32,47,NonFight,0.000201
carve,train/Train_NonFight/0YbzxGPE_0.avi,5,40,55,NonFight,0.000324
carve,train/Train_NonFight/0YbzxGPE_0.avi,6,48,63,NonFight,0.000123
carve,train/Train_NonFight/0YbzxGPE_0.avi,7,56,71,NonFight,0.000135
carve,train/Train_NonFight/0YbzxGPE_0.avi,8,64,79,NonFight,0.000132
carve,train/Train_NonFight/0YbzxGPE_0.avi,9,72,87,NonFight,0.000115
carve,train/Train_NonFight/0YbzxGPE_0.avi,10,80,95,NonFight,0.000070
carve,train/Train_NonFight/0YbzxGPE_0.avi,11,88,103,NonFight,0.000037
carve,train/Train_NonFight/0YbzxGPE_0.avi,12,96,111,NonFight,0.000039
carve,train/Train_NonFight/0YbzxGPE_0.avi,13,104,119,NonFight,0.000040
carve,train/Train_NonFight/0YbzxGPE_0.avi,14,112,127,NonFight,0.000043
carve,train/Train_NonFight/0YbzxGPE_0.avi,15,120,135,NonFight,0.000061
carve,train/Train_NonFight/0YbzxGPE_0.avi,16,128,143,NonFight,0.000174
carve,train/Train_NonFight/11vr9Jho_0.avi,0,0,15,NonFight,0.004499
carve,train/Train_NonFight/11vr9Jho_0.avi,1,8,23,NonFight,0.005054
carve,train/Train_NonFight/11vr9Jho_0.avi,2,16,31,NonFight,0.005179
carve,train/Train_NonFight/11vr9Jho_0.avi,3,24,39,NonFight,0.003416
carve,train/Train_NonFight/11vr9Jho_0.avi,4,32,47,NonFight,0.003953
carve,train/Train_NonFight/11vr9Jho_0.avi,5,40,55,NonFight,0.009802
carve,train/Train_NonFight/11vr9Jho_0.avi,6,48,63,NonFight,0.019662
carve,train/Train_NonFight/11vr9Jho_0.avi,7,56,71,NonFight,0.013975
carve,train/Train_NonFight/11vr9Jho_0.avi,8,64,79,NonFight,0.004967
carve,train/Train_NonFight/11vr9Jho_0.avi,9,72,87,NonFight,0.002296
carve,train/Train_NonFight/11vr9Jho_0.avi,10,80,95,NonFight,0.002095
carve,train/Train_NonFight/11vr9Jho_0.avi,11,88,103,NonFight,0.002242
carve,train/Train_NonFight/11vr9Jho_0.avi,12,96,111,NonFight,0.002176
carve,train/Train_NonFight/11vr9Jho_0.avi,13,104,119,NonFight,0.001672
carve,train/Train_NonFight/11vr9Jho_0.avi,14,112,127,NonFight,0.001823
carve,train/Train_NonFight/11vr9Jho_0.avi,15,120,135,NonFight,0.001725
carve,train/Train_NonFight/11vr9Jho_0.avi,16,128,143,NonFight,0.001714
carve,train/Train_NonFight/16O0PIQP_0.avi,0,0,15,NonFight,0.000313
carve,train/Train_NonFight/16O0PIQP_0.avi,1,8,23,NonFight,0.000261
carve,train/Train_NonFight/16O0PIQP_0.avi,2,16,31,NonFight,0.000357
carve,train/Train_NonFight/16O0PIQP_0.avi,3,24,39,NonFight,0.000291
carve,train/Train_NonFight/16O0PIQP_0.avi,4,32,47,NonFight,0.000282
carve,train/Train_NonFight/16O0PIQP_0.avi,5,40,55,NonFight,0.000286
carve,train/Train_NonFight/16O0PIQP_0.avi,6,48,63,NonFight,0.000244
carve,train/Train_NonFight/16O0PIQP_0.avi,7,56,71,NonFight,0.000295
carve,train/Train_NonFight/16O0PIQP_0.avi,8,64,79,NonFight,0.000365
carve,train/Train_NonFight/16O0PIQP_0.avi,9,72,87,NonFight,0.000341
carve,train/Train_NonFight/16O0PIQP_0.avi,10,80,95,NonFight,0.000395
carve,train/Train_NonFight/16O0PIQP_0.avi,11,88,103,NonFight,0.000406
carve,train/Train_NonFight/16O0PIQP_0.avi,12,96,111,NonFight,0.000347
carve,train/Train_NonFight/16O0PIQP_0.avi,13,104,119,NonFight,0.000386
carve,train/Train_NonFight/16O0PIQP_0.avi,14,112,127,NonFight,0.000407
carve,train/Train_NonFight/16O0PIQP_0.avi,15,120,135,NonFight,0.000328
carve,train/Train_NonFight/16O0PIQP_0.avi,16,128,143,NonFight,0.000310
carve,train/Train_NonFight/1Ytq2moWGdw_0.avi,0,0,15,NonFight,0.007015
carve,train/Train_NonFight/1Ytq2moWGdw_0.avi,1,8,23,NonFight,0.010355
carve,train/Train_NonFight/1Ytq2moWGdw_0.avi,2,16,31,NonFight,0.008722
carve,train/Train_NonFight/1Ytq2moWGdw_0.avi,3,24,39,NonFight,0.005010
carve,train/Train_NonFight/1Ytq2moWGdw_0.avi,4,32,47,NonFight,0.004028
carve,train/Train_NonFight/1Ytq2moWGdw_0.avi,5,40,55,NonFight,0.004487
carve,train/Train_NonFight/1Ytq2moWGdw_0.avi,6,48,63,NonFight,0.004924
carve,train/Train_NonFight/1Ytq2moWGdw_0.avi,7,56,71,NonFight,0.003417
carve,train/Train_NonFight/1Ytq2moWGdw_0.avi,8,64,79,NonFight,0.004388
carve,train/Train_NonFight/1Ytq2moWGdw_0.avi,9,72,87,NonFight,0.004584
carve,train/Train_NonFight/1Ytq2moWGdw_0.avi,10,80,95,NonFight,0.005090
carve,train/Train_NonFight/1Ytq2moWGdw_0.avi,11,88,103,NonFight,0.005052
carve,train/Train_NonFight/1Ytq2moWGdw_0.avi,12,96,111,NonFight,0.005507
carve,train/Train_NonFight/1Ytq2moWGdw_0.avi,13,104,119,NonFight,0.006332
carve,train/Train_NonFight/1Ytq2moWGdw_0.avi,14,112,127,NonFight,0.005489
carve,train/Train_NonFight/1Ytq2moWGdw_0.avi,15,120,135,NonFight,0.002510
carve,train/Train_NonFight/1Ytq2moWGdw_0.avi,16,128,143,NonFight,0.001880
carve,train/Train_NonFight/1tU4kxa51vw_0.avi,0,0,15,NonFight,0.043724
carve,train/Train_NonFight/1tU4kxa51vw_0.avi,1,8,23,NonFight,0.055275
carve,train/Train_NonFight/1tU4kxa51vw_0.avi,2,16,31,NonFight,0.067272
carve,train/Train_NonFight/1tU4kxa51vw_0.avi,3,24,39,NonFight,0.078927
carve,train/Train_NonFight/1tU4kxa51vw_0.avi,4,32,47,NonFight,0.048465
carve,train/Train_NonFight/1tU4kxa51vw_0.avi,5,40,55,NonFight,0.039867
carve,train/Train_NonFight/1tU4kxa51vw_0.avi,6,48,63,NonFight,0.056200
carve,train/Train_NonFight/1tU4kxa51vw_0.avi,7,56,71,NonFight,0.047448
carve,train/Train_NonFight/1tU4kxa51vw_0.avi,8,64,79,NonFight,0.046176
carve,train/Train_NonFight/1tU4kxa51vw_0.avi,9,72,87,NonFight,0.052681
carve,train/Train_NonFight/1tU4kxa51vw_0.avi,10,80,95,NonFight,0.100435
carve,train/Train_NonFight/1tU4kxa51vw_0.avi,11,88,103,NonFight,0.066027
carve,train/Train_NonFight/1tU4kxa51vw_0.avi,12,96,111,NonFight,0.044126
carve,train/Train_NonFight/1tU4kxa51vw_0.avi,13,104,119,NonFight,0.034839
carve,train/Train_NonFight/1tU4kxa51vw_0.avi,14,112,127,NonFight,0.021536
carve,train/Train_NonFight/1tU4kxa51vw_0.avi,15,120,135,NonFight,0.023981
carve,train/Train_NonFight/1tU4kxa51vw_0.avi,16,128,143,NonFight,0.060743
carve,train/Train_NonFight/1tU4kxa51vw_1.avi,0,0,15,NonFight,0.038114
carve,train/Train_NonFight/1tU4kxa51vw_1.avi,1,8,23,NonFight,0.062763
carve,train/Train_NonFight/1tU4kxa51vw_1.avi,2,16,31,NonFight,0.047881
carve,train/Train_NonFight/1tU4kxa51vw_1.avi,3,24,39,NonFight,0.025997
carve,train/Train_NonFight/1tU4kxa51vw_1.avi,4,32,47,NonFight,0.040278
carve,train/Train_NonFight/1tU4kxa51vw_1.avi,5,40,55,NonFight,0.002121
carve,train/Train_NonFight/1tU4kxa51vw_1.avi,6,48,63,NonFight,0.001444
carve,train/Train_NonFight/1tU4kxa51vw_1.avi,7,56,71,NonFight,0.005184
carve,train/Train_NonFight/1tU4kxa51vw_1.avi,8,64,79,NonFight,0.007314
carve,train/Train_NonFight/1tU4kxa51vw_1.avi,9,72,87,NonFight,0.001043
carve,train/Train_NonFight/1tU4kxa51vw_1.avi,10,80,95,NonFight,0.000729
carve,train/Train_NonFight/1tU4kxa51vw_1.avi,11,88,103,NonFight,0.001607
carve,train/Train_NonFight/1tU4kxa51vw_1.avi,12,96,111,NonFight,0.006916
carve,train/Train_NonFight/1tU4kxa51vw_1.avi,13,104,119,NonFight,0.001920
carve,train/Train_NonFight/1tU4kxa51vw_1.avi,14,112,127,NonFight,0.001256
carve,train/Train_NonFight/1tU4kxa51vw_1.avi,15,120,135,NonFight,0.000707
carve,train/Train_NonFight/1tU4kxa51vw_1.avi,16,128,143,NonFight,0.001041
carve,train/Train_NonFight/1tU4kxa51vw_2.avi,0,0,15,NonFight,0.000733
carve,train/Train_NonFight/1tU4kxa51vw_2.avi,1,8,23,NonFight,0.000433
carve,train/Train_NonFight/1tU4kxa51vw_2.avi,2,16,31,NonFight,0.000564
carve,train/Train_NonFight/1tU4kxa51vw_2.avi,3,24,39,NonFight,0.000273
carve,train/Train_NonFight/1tU4kxa51vw_2.avi,4,32,47,NonFight,0.000105
carve,train/Train_NonFight/1tU4kxa51vw_2.avi,5,40,55,NonFight,0.000341
carve,train/Train_NonFight/1tU4kxa51vw_2.avi,6,48,63,NonFight,0.000473
carve,train/Train_NonFight/1tU4kxa51vw_2.avi,7,56,71,NonFight,0.000240
carve,train/Train_NonFight/1tU4kxa51vw_2.avi,8,64,79,NonFight,0.000465
carve,train/Train_NonFight/1tU4kxa51vw_2.avi,9,72,87,NonFight,0.000867
carve,train/Train_NonFight/1tU4kxa51vw_2.avi,10,80,95,NonFight,0.000288
carve,train/Train_NonFight/1tU4kxa51vw_2.avi,11,88,103,NonFight,0.000115
carve,train/Train_NonFight/1tU4kxa51vw_2.avi,12,96,111,NonFight,0.000243
carve,train/Train_NonFight/1tU4kxa51vw_2.avi,13,104,119,NonFight,0.000013
carve,train/Train_NonFight/1tU4kxa51vw_2.avi,14,112,127,NonFight,0.000035
carve,train/Train_NonFight/1tU4kxa51vw_2.avi,15,120,135,NonFight,0.000013
carve,train/Train_NonFight/1tU4kxa51vw_2.avi,16,128,143,NonFight,0.000022
carve,train/Train_NonFight/2bBn7MLg_0.avi,0,0,15,NonFight,0.002152
carve,train/Train_NonFight/2bBn7MLg_0.avi,1,8,23,NonFight,0.001690
carve,train/Train_NonFight/2bBn7MLg_0.avi,2,16,31,NonFight,0.001958
carve,train/Train_NonFight/2bBn7MLg_0.avi,3,24,39,NonFight,0.001737
carve,train/Train_NonFight/2bBn7MLg_0.avi,4,32,47,NonFight,0.002530
carve,train/Train_NonFight/2bBn7MLg_0.avi,5,40,55,NonFight,0.004251
carve,train/Train_NonFight/2bBn7MLg_0.avi,6,48,63,NonFight,0.003660
carve,train/Train_NonFight/2bBn7MLg_0.avi,7,56,71,NonFight,0.000504
carve,train/Train_NonFight/2bBn7MLg_0.avi,8,64,79,NonFight,0.000868
carve,train/Train_NonFight/2bBn7MLg_0.avi,9,72,87,NonFight,0.000592
carve,train/Train_NonFight/2bBn7MLg_0.avi,10,80,95,NonFight,0.000877
carve,train/Train_NonFight/2bBn7MLg_0.avi,11,88,103,NonFight,0.000446
carve,train/Train_NonFight/2bBn7MLg_0.avi,12,96,111,NonFight,0.000158
carve,train/Train_NonFight/2bBn7MLg_0.avi,13,104,119,NonFight,0.000178
carve,train/Train_NonFight/2bBn7MLg_0.avi,14,112,127,NonFight,0.000184
carve,train/Train_NonFight/2bBn7MLg_0.avi,15,120,135,NonFight,0.000153
carve,train/Train_NonFight/2bBn7MLg_0.avi,16,128,143,NonFight,0.000211
carve,train/Train_NonFight/310cmTrl_0.avi,0,0,15,NonFight,0.004298
carve,train/Train_NonFight/310cmTrl_0.avi,1,8,23,NonFight,0.004183
carve,train/Train_NonFight/310cmTrl_0.avi,2,16,31,NonFight,0.006131
carve,train/Train_NonFight/310cmTrl_0.avi,3,24,39,NonFight,0.006475
carve,train/Train_NonFight/310cmTrl_0.avi,4,32,47,NonFight,0.007236
carve,train/Train_NonFight/310cmTrl_0.avi,5,40,55,NonFight,0.006935
carve,train/Train_NonFight/310cmTrl_0.avi,6,48,63,NonFight,0.006045
carve,train/Train_NonFight/310cmTrl_0.avi,7,56,71,NonFight,0.006478
carve,train/Train_NonFight/310cmTrl_0.avi,8,64,79,NonFight,0.005150
carve,train/Train_NonFight/310cmTrl_0.avi,9,72,87,NonFight,0.002590
carve,train/Train_NonFight/310cmTrl_0.avi,10,80,95,NonFight,0.002676
carve,train/Train_NonFight/310cmTrl_0.avi,11,88,103,NonFight,0.004090
carve,train/Train_NonFight/310cmTrl_0.avi,12,96,111,NonFight,0.002377
carve,train/Train_NonFight/310cmTrl_0.avi,13,104,119,NonFight,0.003072
carve,train/Train_NonFight/310cmTrl_0.avi,14,112,127,NonFight,0.003541
carve,train/Train_NonFight/310cmTrl_0.avi,15,120,135,NonFight,0.003523
carve,train/Train_NonFight/310cmTrl_0.avi,16,128,143,NonFight,0.006326
carve,train/Train_NonFight/3CQi0ZCCHvc_0.avi,0,0,15,NonFight,0.009727
carve,train/Train_NonFight/3CQi0ZCCHvc_0.avi,1,8,23,NonFight,0.013335
carve,train/Train_NonFight/3CQi0ZCCHvc_0.avi,2,16,31,NonFight,0.014639
carve,train/Train_NonFight/3CQi0ZCCHvc_0.avi,3,24,39,NonFight,0.016807
carve,train/Train_NonFight/3CQi0ZCCHvc_0.avi,4,32,47,NonFight,0.016874
carve,train/Train_NonFight/3CQi0ZCCHvc_0.avi,5,40,55,NonFight,0.016519
carve,train/Train_NonFight/3CQi0ZCCHvc_0.avi,6,48,63,NonFight,0.011376
carve,train/Train_NonFight/3CQi0ZCCHvc_0.avi,7,56,71,NonFight,0.011533
carve,train/Train_NonFight/3CQi0ZCCHvc_0.avi,8,64,79,NonFight,0.010136
carve,train/Train_NonFight/3CQi0ZCCHvc_0.avi,9,72,87,NonFight,0.008114
carve,train/Train_NonFight/3CQi0ZCCHvc_0.avi,10,80,95,NonFight,0.010895
carve,train/Train_NonFight/3CQi0ZCCHvc_0.avi,11,88,103,NonFight,0.007672
carve,train/Train_NonFight/3CQi0ZCCHvc_0.avi,12,96,111,NonFight,0.008490
carve,train/Train_NonFight/3CQi0ZCCHvc_0.avi,13,104,119,NonFight,0.008730
carve,train/Train_NonFight/3CQi0ZCCHvc_0.avi,14,112,127,NonFight,0.015665
carve,train/Train_NonFight/3CQi0ZCCHvc_0.avi,15,120,135,NonFight,0.012901
carve,train/Train_NonFight/3CQi0ZCCHvc_0.avi,16,128,143,NonFight,0.010487
carve,train/Train_NonFight/3CQi0ZCCHvc_1.avi,0,0,15,NonFight,0.009384
carve,train/Train_NonFight/3CQi0ZCCHvc_1.avi,1,8,23,NonFight,0.006103
carve,train/Train_NonFight/3CQi0ZCCHvc_1.avi,2,16,31,NonFight,0.004200
carve,train/Train_NonFight/3CQi0ZCCHvc_1.avi,3,24,39,NonFight,0.003572
carve,train/Train_NonFight/3CQi0ZCCHvc_1.avi,4,32,47,NonFight,0.003972
carve,train/Train_NonFight/3CQi0ZCCHvc_1.avi,5,40,55,NonFight,0.005971
carve,train/Train_NonFight/3CQi0ZCCHvc_1.avi,6,48,63,NonFight,0.003478
carve,train/Train_NonFight/3CQi0ZCCHvc_1.avi,7,56,71,NonFight,0.002376
carve,train/Train_NonFight/3CQi0ZCCHvc_1.avi,8,64,79,NonFight,0.002286
carve,train/Train_NonFight/3CQi0ZCCHvc_1.avi,9,72,87,NonFight,0.002391
carve,train/Train_NonFight/3CQi0ZCCHvc_1.avi,10,80,95,NonFight,0.009194
carve,train/Train_NonFight/3CQi0ZCCHvc_1.avi,11,88,103,NonFight,0.013941
carve,train/Train_NonFight/3CQi0ZCCHvc_1.avi,12,96,111,NonFight,0.018839
carve,train/Train_NonFight/3CQi0ZCCHvc_1.avi,13,104,119,NonFight,0.022100
carve,train/Train_NonFight/3CQi0ZCCHvc_1.avi,14,112,127,NonFight,0.019778
carve,train/Train_NonFight/3CQi0ZCCHvc_1.avi,15,120,135,NonFight,0.006757
carve,train/Train_NonFight/3CQi0ZCCHvc_1.avi,16,128,143,NonFight,0.007850
carve,train/Train_NonFight/3CQi0ZCCHvc_2.avi,0,0,15,NonFight,0.003962
carve,train/Train_NonFight/3CQi0ZCCHvc_2.avi,1,8,23,NonFight,0.000478
carve,train/Train_NonFight/3CQi0ZCCHvc_2.avi,2,16,31,NonFight,0.000272
carve,train/Train_NonFight/3CQi0ZCCHvc_2.avi,3,24,39,NonFight,0.000469
carve,train/Train_NonFight/3CQi0ZCCHvc_2.avi,4,32,47,NonFight,0.000490
carve,train/Train_NonFight/3CQi0ZCCHvc_2.avi,5,40,55,NonFight,0.002311
carve,train/Train_NonFight/3CQi0ZCCHvc_2.avi,6,48,63,NonFight,0.001741
carve,train/Train_NonFight/3CQi0ZCCHvc_2.avi,7,56,71,NonFight,0.001795
carve,train/Train_NonFight/3CQi0ZCCHvc_2.avi,8,64,79,NonFight,0.000438
carve,train/Train_NonFight/3CQi0ZCCHvc_2.avi,9,72,87,NonFight,0.000834
carve,train/Train_NonFight/3CQi0ZCCHvc_2.avi,10,80,95,NonFight,0.001690
carve,train/Train_NonFight/3CQi0ZCCHvc_2.avi,11,88,103,NonFight,0.000515
carve,train/Train_NonFight/3CQi0ZCCHvc_2.avi,12,96,111,NonFight,0.000469
carve,train/Train_NonFight/3CQi0ZCCHvc_2.avi,13,104,119,NonFight,0.000476
carve,train/Train_NonFight/3CQi0ZCCHvc_2.avi,14,112,127,NonFight,0.000398
carve,train/Train_NonFight/3CQi0ZCCHvc_2.avi,15,120,135,NonFight,0.000227
carve,train/Train_NonFight/3CQi0ZCCHvc_2.avi,16,128,143,NonFight,0.000215
carve,train/Train_NonFight/3HCpeji1_0.avi,0,0,15,NonFight,0.006576
carve,train/Train_NonFight/3HCpeji1_0.avi,1,8,23,NonFight,0.008178
carve,train/Train_NonFight/3HCpeji1_0.avi,2,16,31,NonFight,0.007851
carve,train/Train_NonFight/3HCpeji1_0.avi,3,24,39,NonFight,0.009095
carve,train/Train_NonFight/3HCpeji1_0.avi,4,32,47,NonFight,0.008364
carve,train/Train_NonFight/3HCpeji1_0.avi,5,40,55,NonFight,0.009808
carve,train/Train_NonFight/3HCpeji1_0.avi,6,48,63,NonFight,0.008198
carve,train/Train_NonFight/3HCpeji1_0.avi,7,56,71,NonFight,0.007876
carve,train/Train_NonFight/3HCpeji1_0.avi,8,64,79,NonFight,0.008127
carve,train/Train_NonFight/3HCpeji1_0.avi,9,72,87,NonFight,0.007749
carve,train/Train_NonFight/3HCpeji1_0.avi,10,80,95,NonFight,0.009375
carve,train/Train_NonFight/3HCpeji1_0.avi,11,88,103,NonFight,0.008480
carve,train/Train_NonFight/3HCpeji1_0.avi,12,96,111,NonFight,0.007915
carve,train/Train_NonFight/3HCpeji1_0.avi,13,104,119,NonFight,0.008887
carve,train/Train_NonFight/3HCpeji1_0.avi,14,112,127,NonFight,0.008188
carve,train/Train_NonFight/3HCpeji1_0.avi,15,120,135,NonFight,0.007636
carve,train/Train_NonFight/3HCpeji1_0.avi,16,128,143,NonFight,0.008848
carve,train/Train_NonFight/4RgIlSIB_0.avi,0,0,15,NonFight,0.013611
carve,train/Train_NonFight/4RgIlSIB_0.avi,1,8,23,NonFight,0.017644
carve,train/Train_NonFight/4RgIlSIB_0.avi,2,16,31,NonFight,0.045113
carve,train/Train_NonFight/4RgIlSIB_0.avi,3,24,39,NonFight,0.017087
carve,train/Train_NonFight/4RgIlSIB_0.avi,4,32,47,NonFight,0.008055
carve,train/Train_NonFight/4RgIlSIB_0.avi,5,40,55,NonFight,0.009974
carve,train/Train_NonFight/4RgIlSIB_0.avi,6,48,63,NonFight,0.008635
carve,train/Train_NonFight/4RgIlSIB_0.avi,7,56,71,NonFight,0.007735
carve,train/Train_NonFight/4RgIlSIB_0.avi,8,64,79,NonFight,0.007623
carve,train/Train_NonFight/4RgIlSIB_0.avi,9,72,87,NonFight,0.004699
carve,train/Train_NonFight/4RgIlSIB_0.avi,10,80,95,NonFight,0.007629
carve,train/Train_NonFight/4RgIlSIB_0.avi,11,88,103,NonFight,0.007404
carve,train/Train_NonFight/4RgIlSIB_0.avi,12,96,111,NonFight,0.002998
carve,train/Train_NonFight/4RgIlSIB_0.avi,13,104,119,NonFight,0.004438
carve,train/Train_NonFight/4RgIlSIB_0.avi,14,112,127,NonFight,0.004895
carve,train/Train_NonFight/4RgIlSIB_0.avi,15,120,135,NonFight,0.003414
carve,train/Train_NonFight/4RgIlSIB_0.avi,16,128,143,NonFight,0.007313
carve,train/Train_NonFight/4grE6XdY_0.avi,0,0,15,NonFight,0.003917
carve,train/Train_NonFight/4grE6XdY_0.avi,1,8,23,NonFight,0.001459
carve,train/Train_NonFight/4grE6XdY_0.avi,2,16,31,NonFight,0.003643
carve,train/Train_NonFight/4grE6XdY_0.avi,3,24,39,NonFight,0.002760
carve,train/Train_NonFight/4grE6XdY_0.avi,4,32,47,NonFight,0.002010
carve,train/Train_NonFight/4grE6XdY_0.avi,5,40,55,NonFight,0.002390
carve,train/Train_NonFight/4grE6XdY_0.avi,6,48,63,NonFight,0.014433
carve,train/Train_NonFight/4grE6XdY_0.avi,7,56,71,NonFight,0.009227
carve,train/Train_NonFight/4grE6XdY_0.avi,8,64,79,NonFight,0.024980
carve,train/Train_NonFight/4grE6XdY_0.avi,9,72,87,NonFight,0.015083
carve,train/Train_NonFight/4grE6XdY_0.avi,10,80,95,NonFight,0.027807
carve,train/Train_NonFight/4grE6XdY_0.avi,11,88,103,NonFight,0.048322
carve,train/Train_NonFight/4grE6XdY_0.avi,12,96,111,NonFight,0.003744
carve,train/Train_NonFight/4grE6XdY_0.avi,13,104,119,NonFight,0.004840
carve,train/Train_NonFight/4grE6XdY_0.avi,14,112,127,NonFight,0.003505
carve,train/Train_NonFight/4grE6XdY_0.avi,15,120,135,NonFight,0.002773
carve,train/Train_NonFight/4grE6XdY_0.avi,16,128,143,NonFight,0.009115
carve,train/Train_NonFight/5CwYc67y_0.avi,0,0,15,NonFight,0.000309
carve,train/Train_NonFight/5CwYc67y_0.avi,1,8,23,NonFight,0.000164
carve,train/Train_NonFight/5CwYc67y_0.avi,2,16,31,NonFight,0.000168
carve,train/Train_NonFight/5CwYc67y_0.avi,3,24,39,NonFight,0.000825
carve,train/Train_NonFight/5CwYc67y_0.avi,4,32,47,NonFight,0.001128
carve,train/Train_NonFight/5CwYc67y_0.avi,5,40,55,NonFight,0.001601
carve,train/Train_NonFight/5CwYc67y_0.avi,6,48,63,NonFight,0.001570
carve,train/Train_NonFight/5CwYc67y_0.avi,7,56,71,NonFight,0.004178
carve,train/Train_NonFight/5CwYc67y_0.avi,8,64,79,NonFight,0.001755
carve,train/Train_NonFight/5CwYc67y_0.avi,9,72,87,NonFight,0.001453
carve,train/Train_NonFight/5CwYc67y_0.avi,10,80,95,NonFight,0.000831
carve,train/Train_NonFight/5CwYc67y_0.avi,11,88,103,NonFight,0.000149
carve,train/Train_NonFight/5CwYc67y_0.avi,12,96,111,NonFight,0.000114
carve,train/Train_NonFight/5CwYc67y_0.avi,13,104,119,NonFight,0.000112
carve,train/Train_NonFight/5CwYc67y_0.avi,14,112,127,NonFight,0.000281
carve,train/Train_NonFight/5CwYc67y_0.avi,15,120,135,NonFight,0.000780
carve,train/Train_NonFight/5CwYc67y_0.avi,16,128,143,NonFight,0.000122
carve,train/Train_NonFight/5ieZt2nc_0.avi,0,0,15,NonFight,0.000196
carve,train/Train_NonFight/5ieZt2nc_0.avi,1,8,23,NonFight,0.000246
carve,train/Train_NonFight/5ieZt2nc_0.avi,2,16,31,NonFight,0.000176
carve,train/Train_NonFight/5ieZt2nc_0.avi,3,24,39,NonFight,0.000356
carve,train/Train_NonFight/5ieZt2nc_0.avi,4,32,47,NonFight,0.000383
carve,train/Train_NonFight/5ieZt2nc_0.avi,5,40,55,NonFight,0.001319
carve,train/Train_NonFight/5ieZt2nc_0.avi,6,48,63,NonFight,0.000571
carve,train/Train_NonFight/5ieZt2nc_0.avi,7,56,71,NonFight,0.003006
carve,train/Train_NonFight/5ieZt2nc_0.avi,8,64,79,NonFight,0.007616
carve,train/Train_NonFight/5ieZt2nc_0.avi,9,72,87,NonFight,0.008228
carve,train/Train_NonFight/5ieZt2nc_0.avi,10,80,95,NonFight,0.002118
carve,train/Train_NonFight/5ieZt2nc_0.avi,11,88,103,NonFight,0.000877
carve,train/Train_NonFight/5ieZt2nc_0.avi,12,96,111,NonFight,0.002127
carve,train/Train_NonFight/5ieZt2nc_0.avi,13,104,119,NonFight,0.002193
carve,train/Train_NonFight/5ieZt2nc_0.avi,14,112,127,NonFight,0.011784
carve,train/Train_NonFight/5ieZt2nc_0.avi,15,120,135,NonFight,0.001318
carve,train/Train_NonFight/5ieZt2nc_0.avi,16,128,143,NonFight,0.000556
carve,train/Train_NonFight/6mrIIcAQ2fI_0.avi,0,0,15,NonFight,0.152545
carve,train/Train_NonFight/6mrIIcAQ2fI_0.avi,1,8,23,NonFight,0.211596
carve,train/Train_NonFight/6mrIIcAQ2fI_0.avi,2,16,31,NonFight,0.220499
carve,train/Train_NonFight/6mrIIcAQ2fI_0.avi,3,24,39,NonFight,0.188682
carve,train/Train_NonFight/6mrIIcAQ2fI_0.avi,4,32,47,NonFight,0.177373
carve,train/Train_NonFight/6mrIIcAQ2fI_0.avi,5,40,55,NonFight,0.188045
carve,train/Train_NonFight/6mrIIcAQ2fI_0.avi,6,48,63,NonFight,0.115318
carve,train/Train_NonFight/6mrIIcAQ2fI_0.avi,7,56,71,NonFight,0.081024
carve,train/Train_NonFight/6mrIIcAQ2fI_0.avi,8,64,79,NonFight,0.104082
carve,train/Train_NonFight/6mrIIcAQ2fI_0.avi,9,72,87,NonFight,0.154304
carve,train/Train_NonFight/6mrIIcAQ2fI_0.avi,10,80,95,NonFight,0.149683
carve,train/Train_NonFight/6mrIIcAQ2fI_0.avi,11,88,103,NonFight,0.142445
carve,train/Train_NonFight/6mrIIcAQ2fI_0.avi,12,96,111,NonFight,0.125484
carve,train/Train_NonFight/6mrIIcAQ2fI_0.avi,13,104,119,NonFight,0.170530
carve,train/Train_NonFight/6mrIIcAQ2fI_0.avi,14,112,127,NonFight,0.137134
carve,train/Train_NonFight/6mrIIcAQ2fI_0.avi,15,120,135,NonFight,0.059050
carve,train/Train_NonFight/6mrIIcAQ2fI_0.avi,16,128,143,NonFight,0.073755
carve,train/Train_NonFight/6mrIIcAQ2fI_1.avi,0,0,15,NonFight,0.045116
carve,train/Train_NonFight/6mrIIcAQ2fI_1.avi,1,8,23,NonFight,0.049567
carve,train/Train_NonFight/6mrIIcAQ2fI_1.avi,2,16,31,NonFight,0.094550
carve,train/Train_NonFight/6mrIIcAQ2fI_1.avi,3,24,39,NonFight,0.048182
carve,train/Train_NonFight/6mrIIcAQ2fI_1.avi,4,32,47,NonFight,0.032086
carve,train/Train_NonFight/6mrIIcAQ2fI_1.avi,5,40,55,NonFight,0.041837
carve,train/Train_NonFight/6mrIIcAQ2fI_1.avi,6,48,63,NonFight,0.058683
carve,train/Train_NonFight/6mrIIcAQ2fI_1.avi,7,56,71,NonFight,0.046532
carve,train/Train_NonFight/6mrIIcAQ2fI_1.avi,8,64,79,NonFight,0.059586
carve,train/Train_NonFight/6mrIIcAQ2fI_1.avi,9,72,87,NonFight,0.062444
carve,train/Train_NonFight/6mrIIcAQ2fI_1.avi,10,80,95,NonFight,0.029194
carve,train/Train_NonFight/6mrIIcAQ2fI_1.avi,11,88,103,NonFight,0.048595
carve,train/Train_NonFight/6mrIIcAQ2fI_1.avi,12,96,111,NonFight,0.036271
carve,train/Train_NonFight/6mrIIcAQ2fI_1.avi,13,104,119,NonFight,0.072651
carve,train/Train_NonFight/6mrIIcAQ2fI_1.avi,14,112,127,NonFight,0.080195
carve,train/Train_NonFight/6mrIIcAQ2fI_1.avi,15,120,135,NonFight,0.110809
carve,train/Train_NonFight/6mrIIcAQ2fI_1.avi,16,128,143,NonFight,0.155597
carve,train/Train_NonFight/7icHwpC_d44_0.avi,0,0,15,NonFight,0.447438
carve,train/Train_NonFight/7icHwpC_d44_0.avi,1,8,23,NonFight,0.556906
carve,train/Train_NonFight/7icHwpC_d44_0.avi,2,16,31,NonFight,0.690933
carve,train/Train_NonFight/7icHwpC_d44_0.avi,3,24,39,NonFight,0.769448
carve,train/Train_NonFight/7icHwpC_d44_0.avi,4,32,47,NonFight,0.959554
carve,train/Train_NonFight/7icHwpC_d44_0.avi,5,40,55,NonFight,0.969956
carve,train/Train_NonFight/7icHwpC_d44_0.avi,6,48,63,NonFight,0.956959
carve,train/Train_NonFight/7icHwpC_d44_0.avi,7,56,71,NonFight,0.989449
carve,train/Train_NonFight/7icHwpC_d44_0.avi,8,64,79,NonFight,0.981151
carve,train/Train_NonFight/7icHwpC_d44_0.avi,9,72,87,NonFight,0.863437
carve,train/Train_NonFight/7icHwpC_d44_0.avi,10,80,95,NonFight,0.753802
carve,train/Train_NonFight/7icHwpC_d44_0.avi,11,88,103,NonFight,0.920636
carve,train/Train_NonFight/7icHwpC_d44_0.avi,12,96,111,NonFight,0.946572
carve,train/Train_NonFight/7icHwpC_d44_0.avi,13,104,119,NonFight,0.942252
carve,train/Train_NonFight/7icHwpC_d44_0.avi,14,112,127,NonFight,0.957022
carve,train/Train_NonFight/7icHwpC_d44_0.avi,15,120,135,NonFight,0.987809
carve,train/Train_NonFight/7icHwpC_d44_0.avi,16,128,143,NonFight,0.954493
carve,train/Train_NonFight/7qtRgyFsk3s_0.avi,0,0,15,NonFight,0.021979
carve,train/Train_NonFight/7qtRgyFsk3s_0.avi,1,8,23,NonFight,0.024465
carve,train/Train_NonFight/7qtRgyFsk3s_0.avi,2,16,31,NonFight,0.011568
carve,train/Train_NonFight/7qtRgyFsk3s_0.avi,3,24,39,NonFight,0.017895
carve,train/Train_NonFight/7qtRgyFsk3s_0.avi,4,32,47,NonFight,0.021754
carve,train/Train_NonFight/7qtRgyFsk3s_0.avi,5,40,55,NonFight,0.019579
carve,train/Train_NonFight/7qtRgyFsk3s_0.avi,6,48,63,NonFight,0.025710
carve,train/Train_NonFight/7qtRgyFsk3s_0.avi,7,56,71,NonFight,0.096246
carve,train/Train_NonFight/7qtRgyFsk3s_0.avi,8,64,79,NonFight,0.172729
carve,train/Train_NonFight/7qtRgyFsk3s_0.avi,9,72,87,NonFight,0.088138
carve,train/Train_NonFight/7qtRgyFsk3s_0.avi,10,80,95,NonFight,0.065905
carve,train/Train_NonFight/7qtRgyFsk3s_0.avi,11,88,103,NonFight,0.068552
carve,train/Train_NonFight/7qtRgyFsk3s_0.avi,12,96,111,NonFight,0.078049
carve,train/Train_NonFight/7qtRgyFsk3s_0.avi,13,104,119,NonFight,0.144253
carve,train/Train_NonFight/7qtRgyFsk3s_0.avi,14,112,127,NonFight,0.108273
carve,train/Train_NonFight/7qtRgyFsk3s_0.avi,15,120,135,NonFight,0.054963
carve,train/Train_NonFight/7qtRgyFsk3s_0.avi,16,128,143,NonFight,0.042249
carve,train/Train_NonFight/7qtRgyFsk3s_1.avi,0,0,15,NonFight,0.167950
carve,train/Train_NonFight/7qtRgyFsk3s_1.avi,1,8,23,NonFight,0.194775
carve,train/Train_NonFight/7qtRgyFsk3s_1.avi,2,16,31,NonFight,0.204234
carve,train/Train_NonFight/7qtRgyFsk3s_1.avi,3,24,39,NonFight,0.223836
carve,train/Train_NonFight/7qtRgyFsk3s_1.avi,4,32,47,NonFight,0.214522
carve,train/Train_NonFight/7qtRgyFsk3s_1.avi,5,40,55,NonFight,0.212959
carve,train/Train_NonFight/7qtRgyFsk3s_1.avi,6,48,63,NonFight,0.189620
carve,train/Train_NonFight/7qtRgyFsk3s_1.avi,7,56,71,NonFight,0.135776
carve,train/Train_NonFight/7qtRgyFsk3s_1.avi,8,64,79,NonFight,0.109151
carve,train/Train_NonFight/7qtRgyFsk3s_1.avi,9,72,87,NonFight,0.151861
carve,train/Train_NonFight/7qtRgyFsk3s_1.avi,10,80,95,NonFight,0.224732
carve,train/Train_NonFight/7qtRgyFsk3s_1.avi,11,88,103,NonFight,0.155767
carve,train/Train_NonFight/7qtRgyFsk3s_1.avi,12,96,111,NonFight,0.133139
carve,train/Train_NonFight/7qtRgyFsk3s_1.avi,13,104,119,NonFight,0.161517
carve,train/Train_NonFight/7qtRgyFsk3s_1.avi,14,112,127,NonFight,0.171498
carve,train/Train_NonFight/7qtRgyFsk3s_1.avi,15,120,135,NonFight,0.228235
carve,train/Train_NonFight/7qtRgyFsk3s_1.avi,16,128,143,NonFight,0.308260
carve,train/Train_NonFight/8SWZq5we_fk_0.avi,0,0,15,NonFight,0.005883
carve,train/Train_NonFight/8SWZq5we_fk_0.avi,1,8,23,NonFight,0.005539
carve,train/Train_NonFight/8SWZq5we_fk_0.avi,2,16,31,NonFight,0.004433
carve,train/Train_NonFight/8SWZq5we_fk_0.avi,3,24,39,NonFight,0.006601
carve,train/Train_NonFight/8SWZq5we_fk_0.avi,4,32,47,NonFight,0.011456
carve,train/Train_NonFight/8SWZq5we_fk_0.avi,5,40,55,NonFight,0.006144
carve,train/Train_NonFight/8SWZq5we_fk_0.avi,6,48,63,NonFight,0.009672
carve,train/Train_NonFight/8SWZq5we_fk_0.avi,7,56,71,NonFight,0.008116
carve,train/Train_NonFight/8SWZq5we_fk_0.avi,8,64,79,NonFight,0.009395
carve,train/Train_NonFight/8SWZq5we_fk_0.avi,9,72,87,NonFight,0.039605
carve,train/Train_NonFight/8SWZq5we_fk_0.avi,10,80,95,NonFight,0.070106
carve,train/Train_NonFight/8SWZq5we_fk_0.avi,11,88,103,NonFight,0.072873
carve,train/Train_NonFight/8SWZq5we_fk_0.avi,12,96,111,NonFight,0.101809
carve,train/Train_NonFight/8SWZq5we_fk_0.avi,13,104,119,NonFight,0.104469
carve,train/Train_NonFight/8SWZq5we_fk_0.avi,14,112,127,NonFight,0.133955
carve,train/Train_NonFight/8SWZq5we_fk_0.avi,15,120,135,NonFight,0.134635
carve,train/Train_NonFight/8SWZq5we_fk_0.avi,16,128,143,NonFight,0.124398
carve,train/Train_NonFight/8SWZq5we_fk_1.avi,0,0,15,NonFight,0.051059
carve,train/Train_NonFight/8SWZq5we_fk_1.avi,1,8,23,NonFight,0.053819
carve,train/Train_NonFight/8SWZq5we_fk_1.avi,2,16,31,NonFight,0.036937
carve,train/Train_NonFight/8SWZq5we_fk_1.avi,3,24,39,NonFight,0.021293
carve,train/Train_NonFight/8SWZq5we_fk_1.avi,4,32,47,NonFight,0.018691
carve,train/Train_NonFight/8SWZq5we_fk_1.avi,5,40,55,NonFight,0.047855
carve,train/Train_NonFight/8SWZq5we_fk_1.avi,6,48,63,NonFight,0.030643
carve,train/Train_NonFight/8SWZq5we_fk_1.avi,7,56,71,NonFight,0.041060
carve,train/Train_NonFight/8SWZq5we_fk_1.avi,8,64,79,NonFight,0.030674
carve,train/Train_NonFight/8SWZq5we_fk_1.avi,9,72,87,NonFight,0.054884
carve,train/Train_NonFight/8SWZq5we_fk_1.avi,10,80,95,NonFight,0.052924
carve,train/Train_NonFight/8SWZq5we_fk_1.avi,11,88,103,NonFight,0.047294
carve,train/Train_NonFight/8SWZq5we_fk_1.avi,12,96,111,NonFight,0.006491
carve,train/Train_NonFight/8SWZq5we_fk_1.avi,13,104,119,NonFight,0.017736
carve,train/Train_NonFight/8SWZq5we_fk_1.avi,14,112,127,NonFight,0.023506
carve,train/Train_NonFight/8SWZq5we_fk_1.avi,15,120,135,NonFight,0.066933
carve,train/Train_NonFight/8SWZq5we_fk_1.avi,16,128,143,NonFight,0.069715
carve,train/Train_NonFight/8SWZq5we_fk_2.avi,0,0,15,NonFight,0.170689
carve,train/Train_NonFight/8SWZq5we_fk_2.avi,1,8,23,NonFight,0.170152
carve,train/Train_NonFight/8SWZq5we_fk_2.avi,2,16,31,NonFight,0.232625
carve,train/Train_NonFight/8SWZq5we_fk_2.avi,3,24,39,NonFight,0.146452
carve,train/Train_NonFight/8SWZq5we_fk_2.avi,4,32,47,NonFight,0.164337
carve,train/Train_NonFight/8SWZq5we_fk_2.avi,5,40,55,NonFight,0.199953
carve,train/Train_NonFight/8SWZq5we_fk_2.avi,6,48,63,NonFight,0.257953
carve,train/Train_NonFight/8SWZq5we_fk_2.avi,7,56,71,NonFight,0.228396
carve,train/Train_NonFight/8SWZq5we_fk_2.avi,8,64,79,NonFight,0.194381
carve,train/Train_NonFight/8SWZq5we_fk_2.avi,9,72,87,NonFight,0.171703
carve,train/Train_NonFight/8SWZq5we_fk_2.avi,10,80,95,NonFight,0.161574
carve,train/Train_NonFight/8SWZq5we_fk_2.avi,11,88,103,NonFight,0.206522
carve,train/Train_NonFight/8SWZq5we_fk_2.avi,12,96,111,NonFight,0.201039
carve,train/Train_NonFight/8SWZq5we_fk_2.avi,13,104,119,NonFight,0.268632
carve,train/Train_NonFight/8SWZq5we_fk_2.avi,14,112,127,NonFight,0.270183
carve,train/Train_NonFight/8SWZq5we_fk_2.avi,15,120,135,NonFight,0.223764
carve,train/Train_NonFight/8SWZq5we_fk_2.avi,16,128,143,NonFight,0.183349
carve,train/Train_NonFight/8U6x0VMW_0.avi,0,0,15,NonFight,0.407619
carve,train/Train_NonFight/8U6x0VMW_0.avi,1,8,23,NonFight,0.405088
carve,train/Train_NonFight/8U6x0VMW_0.avi,2,16,31,NonFight,0.399438
carve,train/Train_NonFight/8U6x0VMW_0.avi,3,24,39,NonFight,0.390087
carve,train/Train_NonFight/8U6x0VMW_0.avi,4,32,47,NonFight,0.353164
carve,train/Train_NonFight/8U6x0VMW_0.avi,5,40,55,NonFight,0.287047
carve,train/Train_NonFight/8U6x0VMW_0.avi,6,48,63,NonFight,0.094099
carve,train/Train_NonFight/8U6x0VMW_0.avi,7,56,71,NonFight,0.002083
carve,train/Train_NonFight/8U6x0VMW_0.avi,8,64,79,NonFight,0.000531
carve,train/Train_NonFight/8U6x0VMW_0.avi,9,72,87,NonFight,0.000318
carve,train/Train_NonFight/8U6x0VMW_0.avi,10,80,95,NonFight,0.000430
carve,train/Train_NonFight/8U6x0VMW_0.avi,11,88,103,NonFight,0.000354
carve,train/Train_NonFight/8U6x0VMW_0.avi,12,96,111,NonFight,0.000427
carve,train/Train_NonFight/8U6x0VMW_0.avi,13,104,119,NonFight,0.000242
carve,train/Train_NonFight/8U6x0VMW_0.avi,14,112,127,NonFight,0.000682
carve,train/Train_NonFight/8U6x0VMW_0.avi,15,120,135,NonFight,0.000621
carve,train/Train_NonFight/8U6x0VMW_0.avi,16,128,143,NonFight,0.000517
carve,train/Train_NonFight/9F6pZn73_0.avi,0,0,15,NonFight,0.001342
carve,train/Train_NonFight/9F6pZn73_0.avi,1,8,23,NonFight,0.001261
carve,train/Train_NonFight/9F6pZn73_0.avi,2,16,31,NonFight,0.001343
carve,train/Train_NonFight/9F6pZn73_0.avi,3,24,39,NonFight,0.001460
carve,train/Train_NonFight/9F6pZn73_0.avi,4,32,47,NonFight,0.001547
carve,train/Train_NonFight/9F6pZn73_0.avi,5,40,55,NonFight,0.001403
carve,train/Train_NonFight/9F6pZn73_0.avi,6,48,63,NonFight,0.001224
carve,train/Train_NonFight/9F6pZn73_0.avi,7,56,71,NonFight,0.001489
carve,train/Train_NonFight/9F6pZn73_0.avi,8,64,79,NonFight,0.001665
carve,train/Train_NonFight/9F6pZn73_0.avi,9,72,87,NonFight,0.001701
carve,train/Train_NonFight/9F6pZn73_0.avi,10,80,95,NonFight,0.001592
carve,train/Train_NonFight/9F6pZn73_0.avi,11,88,103,NonFight,0.001290
carve,train/Train_NonFight/9F6pZn73_0.avi,12,96,111,NonFight,0.001251
carve,train/Train_NonFight/9F6pZn73_0.avi,13,104,119,NonFight,0.001142
carve,train/Train_NonFight/9F6pZn73_0.avi,14,112,127,NonFight,0.001082
carve,train/Train_NonFight/9F6pZn73_0.avi,15,120,135,NonFight,0.001233
carve,train/Train_NonFight/9F6pZn73_0.avi,16,128,143,NonFight,0.000905
carve,train/Train_NonFight/9GFNxpur_0.avi,0,0,15,NonFight,0.007689
carve,train/Train_NonFight/9GFNxpur_0.avi,1,8,23,NonFight,0.005041
carve,train/Train_NonFight/9GFNxpur_0.avi,2,16,31,NonFight,0.003349
carve,train/Train_NonFight/9GFNxpur_0.avi,3,24,39,NonFight,0.003245
carve,train/Train_NonFight/9GFNxpur_0.avi,4,32,47,NonFight,0.003962
carve,train/Train_NonFight/9GFNxpur_0.avi,5,40,55,NonFight,0.003703
carve,train/Train_NonFight/9GFNxpur_0.avi,6,48,63,NonFight,0.005151
carve,train/Train_NonFight/9GFNxpur_0.avi,7,56,71,NonFight,0.005138
carve,train/Train_NonFight/9GFNxpur_0.avi,8,64,79,NonFight,0.003705
carve,train/Train_NonFight/9GFNxpur_0.avi,9,72,87,NonFight,0.003361
carve,train/Train_NonFight/9GFNxpur_0.avi,10,80,95,NonFight,0.003955
carve,train/Train_NonFight/9GFNxpur_0.avi,11,88,103,NonFight,0.005403
carve,train/Train_NonFight/9GFNxpur_0.avi,12,96,111,NonFight,0.007308
carve,train/Train_NonFight/9GFNxpur_0.avi,13,104,119,NonFight,0.009880
carve,train/Train_NonFight/9GFNxpur_0.avi,14,112,127,NonFight,0.011193
carve,train/Train_NonFight/9GFNxpur_0.avi,15,120,135,NonFight,0.012544
carve,train/Train_NonFight/9GFNxpur_0.avi,16,128,143,NonFight,0.015488
carve,train/Train_NonFight/9Jss3rP1_0.avi,0,0,15,NonFight,0.005155
carve,train/Train_NonFight/9Jss3rP1_0.avi,1,8,23,NonFight,0.006880
carve,train/Train_NonFight/9Jss3rP1_0.avi,2,16,31,NonFight,0.007373
carve,train/Train_NonFight/9Jss3rP1_0.avi,3,24,39,NonFight,0.005098
carve,train/Train_NonFight/9Jss3rP1_0.avi,4,32,47,NonFight,0.011905
carve,train/Train_NonFight/9Jss3rP1_0.avi,5,40,55,NonFight,0.015304
carve,train/Train_NonFight/9Jss3rP1_0.avi,6,48,63,NonFight,0.022419
carve,train/Train_NonFight/9Jss3rP1_0.avi,7,56,71,NonFight,0.023065
carve,train/Train_NonFight/9Jss3rP1_0.avi,8,64,79,NonFight,0.012089
carve,train/Train_NonFight/9Jss3rP1_0.avi,9,72,87,NonFight,0.004800
carve,train/Train_NonFight/9Jss3rP1_0.avi,10,80,95,NonFight,0.001203
carve,train/Train_NonFight/9Jss3rP1_0.avi,11,88,103,NonFight,0.001413
carve,train/Train_NonFight/9Jss3rP1_0.avi,12,96,111,NonFight,0.002602
carve,train/Train_NonFight/9Jss3rP1_0.avi,13,104,119,NonFight,0.002776
carve,train/Train_NonFight/9Jss3rP1_0.avi,14,112,127,NonFight,0.005508
carve,train/Train_NonFight/9Jss3rP1_0.avi,15,120,135,NonFight,0.005803
carve,train/Train_NonFight/9Jss3rP1_0.avi,16,128,143,NonFight,0.002013
carve,train/Train_NonFight/Ae3RYgGF_0.avi,0,0,15,NonFight,0.011349
carve,train/Train_NonFight/Ae3RYgGF_0.avi,1,8,23,NonFight,0.011226
carve,train/Train_NonFight/Ae3RYgGF_0.avi,2,16,31,NonFight,0.010362
carve,train/Train_NonFight/Ae3RYgGF_0.avi,3,24,39,NonFight,0.009962
carve,train/Train_NonFight/Ae3RYgGF_0.avi,4,32,47,NonFight,0.007379
carve,train/Train_NonFight/Ae3RYgGF_0.avi,5,40,55,NonFight,0.007627
carve,train/Train_NonFight/Ae3RYgGF_0.avi,6,48,63,NonFight,0.007184
carve,train/Train_NonFight/Ae3RYgGF_0.avi,7,56,71,NonFight,0.006392
carve,train/Train_NonFight/Ae3RYgGF_0.avi,8,64,79,NonFight,0.006437
carve,train/Train_NonFight/Ae3RYgGF_0.avi,9,72,87,NonFight,0.009789
carve,train/Train_NonFight/Ae3RYgGF_0.avi,10,80,95,NonFight,0.009630
carve,train/Train_NonFight/Ae3RYgGF_0.avi,11,88,103,NonFight,0.006981
carve,train/Train_NonFight/Ae3RYgGF_0.avi,12,96,111,NonFight,0.007623
carve,train/Train_NonFight/Ae3RYgGF_0.avi,13,104,119,NonFight,0.005322
carve,train/Train_NonFight/Ae3RYgGF_0.avi,14,112,127,NonFight,0.005311
carve,train/Train_NonFight/Ae3RYgGF_0.avi,15,120,135,NonFight,0.006805
carve,train/Train_NonFight/Ae3RYgGF_0.avi,16,128,143,NonFight,0.005851
carve,train/Train_NonFight/B3UdlWcs_0.avi,0,0,15,NonFight,0.000083
carve,train/Train_NonFight/B3UdlWcs_0.avi,1,8,23,NonFight,0.000131
carve,train/Train_NonFight/B3UdlWcs_0.avi,2,16,31,NonFight,0.000195
carve,train/Train_NonFight/B3UdlWcs_0.avi,3,24,39,NonFight,0.000125
carve,train/Train_NonFight/B3UdlWcs_0.avi,4,32,47,NonFight,0.000106
carve,train/Train_NonFight/B3UdlWcs_0.avi,5,40,55,NonFight,0.000095
carve,train/Train_NonFight/B3UdlWcs_0.avi,6,48,63,NonFight,0.000104
carve,train/Train_NonFight/B3UdlWcs_0.avi,7,56,71,NonFight,0.000125
carve,train/Train_NonFight/B3UdlWcs_0.avi,8,64,79,NonFight,0.000189
carve,train/Train_NonFight/B3UdlWcs_0.avi,9,72,87,NonFight,0.000227
carve,train/Train_NonFight/B3UdlWcs_0.avi,10,80,95,NonFight,0.000537
carve,train/Train_NonFight/B3UdlWcs_0.avi,11,88,103,NonFight,0.000171
carve,train/Train_NonFight/B3UdlWcs_0.avi,12,96,111,NonFight,0.000071
carve,train/Train_NonFight/B3UdlWcs_0.avi,13,104,119,NonFight,0.000079
carve,train/Train_NonFight/B3UdlWcs_0.avi,14,112,127,NonFight,0.000337
carve,train/Train_NonFight/B3UdlWcs_0.avi,15,120,135,NonFight,0.000298
carve,train/Train_NonFight/B3UdlWcs_0.avi,16,128,143,NonFight,0.000112
carve,train/Train_NonFight/BEoVUtDm_0.avi,0,0,15,NonFight,0.005353
carve,train/Train_NonFight/BEoVUtDm_0.avi,1,8,23,NonFight,0.003337
carve,train/Train_NonFight/BEoVUtDm_0.avi,2,16,31,NonFight,0.002254
carve,train/Train_NonFight/BEoVUtDm_0.avi,3,24,39,NonFight,0.002498
carve,train/Train_NonFight/BEoVUtDm_0.avi,4,32,47,NonFight,0.002259
carve,train/Train_NonFight/BEoVUtDm_0.avi,5,40,55,NonFight,0.002734
carve,train/Train_NonFight/BEoVUtDm_0.avi,6,48,63,NonFight,0.002505
carve,train/Train_NonFight/BEoVUtDm_0.avi,7,56,71,NonFight,0.008056
carve,train/Train_NonFight/BEoVUtDm_0.avi,8,64,79,NonFight,0.005167
carve,train/Train_NonFight/BEoVUtDm_0.avi,9,72,87,NonFight,0.004550
carve,train/Train_NonFight/BEoVUtDm_0.avi,10,80,95,NonFight,0.004246
carve,train/Train_NonFight/BEoVUtDm_0.avi,11,88,103,NonFight,0.002409
carve,train/Train_NonFight/BEoVUtDm_0.avi,12,96,111,NonFight,0.002496
carve,train/Train_NonFight/BEoVUtDm_0.avi,13,104,119,NonFight,0.003399
carve,train/Train_NonFight/BEoVUtDm_0.avi,14,112,127,NonFight,0.006730
carve,train/Train_NonFight/BEoVUtDm_0.avi,15,120,135,NonFight,0.004428
carve,train/Train_NonFight/BEoVUtDm_0.avi,16,128,143,NonFight,0.003688
carve,train/Train_NonFight/BKtajPcB_0.avi,0,0,15,NonFight,0.000806
carve,train/Train_NonFight/BKtajPcB_0.avi,1,8,23,NonFight,0.001089
carve,train/Train_NonFight/BKtajPcB_0.avi,2,16,31,NonFight,0.001123
carve,train/Train_NonFight/BKtajPcB_0.avi,3,24,39,NonFight,0.000458
carve,train/Train_NonFight/BKtajPcB_0.avi,4,32,47,NonFight,0.000512
carve,train/Train_NonFight/BKtajPcB_0.avi,5,40,55,NonFight,0.000345
carve,train/Train_NonFight/BKtajPcB_0.avi,6,48,63,NonFight,0.000464
carve,train/Train_NonFight/BKtajPcB_0.avi,7,56,71,NonFight,0.000934
carve,train/Train_NonFight/BKtajPcB_0.avi,8,64,79,NonFight,0.001194
carve,train/Train_NonFight/BKtajPcB_0.avi,9,72,87,NonFight,0.000863
carve,train/Train_NonFight/BKtajPcB_0.avi,10,80,95,NonFight,0.000411
carve,train/Train_NonFight/BKtajPcB_0.avi,11,88,103,NonFight,0.000606
carve,train/Train_NonFight/BKtajPcB_0.avi,12,96,111,NonFight,0.000758
carve,train/Train_NonFight/BKtajPcB_0.avi,13,104,119,NonFight,0.000564
carve,train/Train_NonFight/BKtajPcB_0.avi,14,112,127,NonFight,0.000971
carve,train/Train_NonFight/BKtajPcB_0.avi,15,120,135,NonFight,0.000554
carve,train/Train_NonFight/BKtajPcB_0.avi,16,128,143,NonFight,0.000399
carve,train/Train_NonFight/BOLcNZ5O_0.avi,0,0,15,NonFight,0.000319
carve,train/Train_NonFight/BOLcNZ5O_0.avi,1,8,23,NonFight,0.000309
carve,train/Train_NonFight/BOLcNZ5O_0.avi,2,16,31,NonFight,0.000329
carve,train/Train_NonFight/BOLcNZ5O_0.avi,3,24,39,NonFight,0.000304
carve,train/Train_NonFight/BOLcNZ5O_0.avi,4,32,47,NonFight,0.000162
carve,train/Train_NonFight/BOLcNZ5O_0.avi,5,40,55,NonFight,0.000201
carve,train/Train_NonFight/BOLcNZ5O_0.avi,6,48,63,NonFight,0.000288
carve,train/Train_NonFight/BOLcNZ5O_0.avi,7,56,71,NonFight,0.000288
carve,train/Train_NonFight/BOLcNZ5O_0.avi,8,64,79,NonFight,0.000330
carve,train/Train_NonFight/BOLcNZ5O_0.avi,9,72,87,NonFight,0.000288
carve,train/Train_NonFight/BOLcNZ5O_0.avi,10,80,95,NonFight,0.000294
carve,train/Train_NonFight/BOLcNZ5O_0.avi,11,88,103,NonFight,0.000233
carve,train/Train_NonFight/BOLcNZ5O_0.avi,12,96,111,NonFight,0.000285
carve,train/Train_NonFight/BOLcNZ5O_0.avi,13,104,119,NonFight,0.001791
carve,train/Train_NonFight/BOLcNZ5O_0.avi,14,112,127,NonFight,0.076259
carve,train/Train_NonFight/BOLcNZ5O_0.avi,15,120,135,NonFight,0.013498
carve,train/Train_NonFight/BOLcNZ5O_0.avi,16,128,143,NonFight,0.005902
carve,train/Train_NonFight/DThokDTW_0.avi,0,0,15,NonFight,0.000622
carve,train/Train_NonFight/DThokDTW_0.avi,1,8,23,NonFight,0.000466
carve,train/Train_NonFight/DThokDTW_0.avi,2,16,31,NonFight,0.000360
carve,train/Train_NonFight/DThokDTW_0.avi,3,24,39,NonFight,0.000694
carve,train/Train_NonFight/DThokDTW_0.avi,4,32,47,NonFight,0.000907
carve,train/Train_NonFight/DThokDTW_0.avi,5,40,55,NonFight,0.002968
carve,train/Train_NonFight/DThokDTW_0.avi,6,48,63,NonFight,0.009818
carve,train/Train_NonFight/DThokDTW_0.avi,7,56,71,NonFight,0.015058
carve,train/Train_NonFight/DThokDTW_0.avi,8,64,79,NonFight,0.008284
carve,train/Train_NonFight/DThokDTW_0.avi,9,72,87,NonFight,0.006142
carve,train/Train_NonFight/DThokDTW_0.avi,10,80,95,NonFight,0.001858
carve,train/Train_NonFight/DThokDTW_0.avi,11,88,103,NonFight,0.000954
carve,train/Train_NonFight/DThokDTW_0.avi,12,96,111,NonFight,0.001346
carve,train/Train_NonFight/DThokDTW_0.avi,13,104,119,NonFight,0.001512
carve,train/Train_NonFight/DThokDTW_0.avi,14,112,127,NonFight,0.001683
carve,train/Train_NonFight/DThokDTW_0.avi,15,120,135,NonFight,0.001003
carve,train/Train_NonFight/DThokDTW_0.avi,16,128,143,NonFight,0.002212
carve,train/Train_NonFight/DX5wwFlF_0.avi,0,0,15,NonFight,0.005973
carve,train/Train_NonFight/DX5wwFlF_0.avi,1,8,23,NonFight,0.011601
carve,train/Train_NonFight/DX5wwFlF_0.avi,2,16,31,NonFight,0.012603
carve,train/Train_NonFight/DX5wwFlF_0.avi,3,24,39,NonFight,0.007120
carve,train/Train_NonFight/DX5wwFlF_0.avi,4,32,47,NonFight,0.010079
carve,train/Train_NonFight/DX5wwFlF_0.avi,5,40,55,NonFight,0.011300
carve,train/Train_NonFight/DX5wwFlF_0.avi,6,48,63,NonFight,0.007801
carve,train/Train_NonFight/DX5wwFlF_0.avi,7,56,71,NonFight,0.006290
carve,train/Train_NonFight/DX5wwFlF_0.avi,8,64,79,NonFight,0.008450
carve,train/Train_NonFight/DX5wwFlF_0.avi,9,72,87,NonFight,0.011134
carve,train/Train_NonFight/DX5wwFlF_0.avi,10,80,95,NonFight,0.006588
carve,train/Train_NonFight/DX5wwFlF_0.avi,11,88,103,NonFight,0.008646
carve,train/Train_NonFight/DX5wwFlF_0.avi,12,96,111,NonFight,0.012802
carve,train/Train_NonFight/DX5wwFlF_0.avi,13,104,119,NonFight,0.017850
carve,train/Train_NonFight/DX5wwFlF_0.avi,14,112,127,NonFight,0.015770
carve,train/Train_NonFight/DX5wwFlF_0.avi,15,120,135,NonFight,0.017367
carve,train/Train_NonFight/DX5wwFlF_0.avi,16,128,143,NonFight,0.023035
carve,train/Train_NonFight/DrKgJwIv_0.avi,0,0,15,NonFight,0.000053
carve,train/Train_NonFight/DrKgJwIv_0.avi,1,8,23,NonFight,0.000083
carve,train/Train_NonFight/DrKgJwIv_0.avi,2,16,31,NonFight,0.000138
carve,train/Train_NonFight/DrKgJwIv_0.avi,3,24,39,NonFight,0.000092
carve,train/Train_NonFight/DrKgJwIv_0.avi,4,32,47,NonFight,0.000095
carve,train/Train_NonFight/DrKgJwIv_0.avi,5,40,55,NonFight,0.000234
carve,train/Train_NonFight/DrKgJwIv_0.avi,6,48,63,NonFight,0.000242
carve,train/Train_NonFight/DrKgJwIv_0.avi,7,56,71,NonFight,0.000337
carve,train/Train_NonFight/DrKgJwIv_0.avi,8,64,79,NonFight,0.000371
carve,train/Train_NonFight/DrKgJwIv_0.avi,9,72,87,NonFight,0.000400
carve,train/Train_NonFight/DrKgJwIv_0.avi,10,80,95,NonFight,0.000221
carve,train/Train_NonFight/DrKgJwIv_0.avi,11,88,103,NonFight,0.000118
carve,train/Train_NonFight/DrKgJwIv_0.avi,12,96,111,NonFight,0.000121
carve,train/Train_NonFight/DrKgJwIv_0.avi,13,104,119,NonFight,0.000147
carve,train/Train_NonFight/DrKgJwIv_0.avi,14,112,127,NonFight,0.000170
carve,train/Train_NonFight/DrKgJwIv_0.avi,15,120,135,NonFight,0.000216
carve,train/Train_NonFight/DrKgJwIv_0.avi,16,128,143,NonFight,0.000129
carve,train/Train_NonFight/EckGCByW_0.avi,0,0,15,NonFight,0.000000
carve,train/Train_NonFight/EckGCByW_0.avi,1,8,23,NonFight,0.000000
carve,train/Train_NonFight/EckGCByW_0.avi,2,16,31,NonFight,0.000000
carve,train/Train_NonFight/EckGCByW_0.avi,3,24,39,NonFight,0.000000
carve,train/Train_NonFight/EckGCByW_0.avi,4,32,47,NonFight,0.000000
carve,train/Train_NonFight/EckGCByW_0.avi,5,40,55,NonFight,0.000000
carve,train/Train_NonFight/EckGCByW_0.avi,6,48,63,NonFight,0.000000
carve,train/Train_NonFight/EckGCByW_0.avi,7,56,71,NonFight,0.000000
carve,train/Train_NonFight/EckGCByW_0.avi,8,64,79,NonFight,0.000000
carve,train/Train_NonFight/EckGCByW_0.avi,9,72,87,NonFight,0.000000
carve,train/Train_NonFight/EckGCByW_0.avi,10,80,95,NonFight,0.000001
carve,train/Train_NonFight/EckGCByW_0.avi,11,88,103,NonFight,0.000001
carve,train/Train_NonFight/EckGCByW_0.avi,12,96,111,NonFight,0.000000
carve,train/Train_NonFight/EckGCByW_0.avi,13,104,119,NonFight,0.000001
carve,train/Train_NonFight/EckGCByW_0.avi,14,112,127,NonFight,0.000000
carve,train/Train_NonFight/EckGCByW_0.avi,15,120,135,NonFight,0.000000
carve,train/Train_NonFight/EckGCByW_0.avi,16,128,143,NonFight,0.000001
carve,train/Train_NonFight/F7W6PQ3V3y8_0.avi,0,0,15,NonFight,0.000585
carve,train/Train_NonFight/F7W6PQ3V3y8_0.avi,1,8,23,NonFight,0.000485
carve,train/Train_NonFight/F7W6PQ3V3y8_0.avi,2,16,31,NonFight,0.000760
carve,train/Train_NonFight/F7W6PQ3V3y8_0.avi,3,24,39,NonFight,0.000418
carve,train/Train_NonFight/F7W6PQ3V3y8_0.avi,4,32,47,NonFight,0.000520
carve,train/Train_NonFight/F7W6PQ3V3y8_0.avi,5,40,55,NonFight,0.000657
carve,train/Train_NonFight/F7W6PQ3V3y8_0.avi,6,48,63,NonFight,0.001363
carve,train/Train_NonFight/F7W6PQ3V3y8_0.avi,7,56,71,NonFight,0.000876
carve,train/Train_NonFight/F7W6PQ3V3y8_0.avi,8,64,79,NonFight,0.000188
carve,train/Train_NonFight/F7W6PQ3V3y8_0.avi,9,72,87,NonFight,0.000349
carve,train/Train_NonFight/F7W6PQ3V3y8_0.avi,10,80,95,NonFight,0.000179
carve,train/Train_NonFight/F7W6PQ3V3y8_0.avi,11,88,103,NonFight,0.000235
carve,train/Train_NonFight/F7W6PQ3V3y8_0.avi,12,96,111,NonFight,0.000154
carve,train/Train_NonFight/F7W6PQ3V3y8_0.avi,13,104,119,NonFight,0.000232
carve,train/Train_NonFight/F7W6PQ3V3y8_0.avi,14,112,127,NonFight,0.000399
carve,train/Train_NonFight/F7W6PQ3V3y8_0.avi,15,120,135,NonFight,0.000664
carve,train/Train_NonFight/F7W6PQ3V3y8_0.avi,16,128,143,NonFight,0.000983
carve,train/Train_NonFight/F7W6PQ3V3y8_1.avi,0,0,15,NonFight,0.000683
carve,train/Train_NonFight/F7W6PQ3V3y8_1.avi,1,8,23,NonFight,0.001436
carve,train/Train_NonFight/F7W6PQ3V3y8_1.avi,2,16,31,NonFight,0.001343
carve,train/Train_NonFight/F7W6PQ3V3y8_1.avi,3,24,39,NonFight,0.000690
carve,train/Train_NonFight/F7W6PQ3V3y8_1.avi,4,32,47,NonFight,0.000581
carve,train/Train_NonFight/F7W6PQ3V3y8_1.avi,5,40,55,NonFight,0.000641
carve,train/Train_NonFight/F7W6PQ3V3y8_1.avi,6,48,63,NonFight,0.000428
carve,train/Train_NonFight/F7W6PQ3V3y8_1.avi,7,56,71,NonFight,0.000404
carve,train/Train_NonFight/F7W6PQ3V3y8_1.avi,8,64,79,NonFight,0.000210
carve,train/Train_NonFight/F7W6PQ3V3y8_1.avi,9,72,87,NonFight,0.000466
carve,train/Train_NonFight/F7W6PQ3V3y8_1.avi,10,80,95,NonFight,0.000239
carve,train/Train_NonFight/F7W6PQ3V3y8_1.avi,11,88,103,NonFight,0.000537
carve,train/Train_NonFight/F7W6PQ3V3y8_1.avi,12,96,111,NonFight,0.000393
carve,train/Train_NonFight/F7W6PQ3V3y8_1.avi,13,104,119,NonFight,0.000616
carve,train/Train_NonFight/F7W6PQ3V3y8_1.avi,14,112,127,NonFight,0.000644
carve,train/Train_NonFight/F7W6PQ3V3y8_1.avi,15,120,135,NonFight,0.001505
carve,train/Train_NonFight/F7W6PQ3V3y8_1.avi,16,128,143,NonFight,0.000903
carve,train/Train_NonFight/F7W6PQ3V3y8_2.avi,0,0,15,NonFight,0.000973
carve,train/Train_NonFight/F7W6PQ3V3y8_2.avi,1,8,23,NonFight,0.000778
carve,train/Train_NonFight/F7W6PQ3V3y8_2.avi,2,16,31,NonFight,0.000480
carve,train/Train_NonFight/F7W6PQ3V3y8_2.avi,3,24,39,NonFight,0.000362
carve,train/Train_NonFight/F7W6PQ3V3y8_2.avi,4,32,47,NonFight,0.000444
carve,train/Train_NonFight/F7W6PQ3V3y8_2.avi,5,40,55,NonFight,0.000956
carve,train/Train_NonFight/F7W6PQ3V3y8_2.avi,6,48,63,NonFight,0.000630
carve,train/Train_NonFight/F7W6PQ3V3y8_2.avi,7,56,71,NonFight,0.000378
carve,train/Train_NonFight/F7W6PQ3V3y8_2.avi,8,64,79,NonFight,0.000056
carve,train/Train_NonFight/F7W6PQ3V3y8_2.avi,9,72,87,NonFight,0.000130
carve,train/Train_NonFight/F7W6PQ3V3y8_2.avi,10,80,95,NonFight,0.000571
carve,train/Train_NonFight/F7W6PQ3V3y8_2.avi,11,88,103,NonFight,0.001571
carve,train/Train_NonFight/F7W6PQ3V3y8_2.avi,12,96,111,NonFight,0.002358
carve,train/Train_NonFight/F7W6PQ3V3y8_2.avi,13,104,119,NonFight,0.001694
carve,train/Train_NonFight/F7W6PQ3V3y8_2.avi,14,112,127,NonFight,0.002042
carve,train/Train_NonFight/F7W6PQ3V3y8_2.avi,15,120,135,NonFight,0.000726
carve,train/Train_NonFight/F7W6PQ3V3y8_2.avi,16,128,143,NonFight,0.002092
carve,train/Train_NonFight/F7W6PQ3V3y8_3.avi,0,0,15,NonFight,0.012917
carve,train/Train_NonFight/F7W6PQ3V3y8_3.avi,1,8,23,NonFight,0.011203
carve,train/Train_NonFight/F7W6PQ3V3y8_3.avi,2,16,31,NonFight,0.012002
carve,train/Train_NonFight/F7W6PQ3V3y8_3.avi,3,24,39,NonFight,0.011234
carve,train/Train_NonFight/F7W6PQ3V3y8_3.avi,4,32,47,NonFight,0.010399
carve,train/Train_NonFight/F7W6PQ3V3y8_3.avi,5,40,55,NonFight,0.008046
carve,train/Train_NonFight/F7W6PQ3V3y8_3.avi,6,48,63,NonFight,0.009404
carve,train/Train_NonFight/F7W6PQ3V3y8_3.avi,7,56,71,NonFight,0.004604
carve,train/Train_NonFight/F7W6PQ3V3y8_3.avi,8,64,79,NonFight,0.005652
carve,train/Train_NonFight/F7W6PQ3V3y8_3.avi,9,72,87,NonFight,0.004828
carve,train/Train_NonFight/F7W6PQ3V3y8_3.avi,10,80,95,NonFight,0.005973
carve,train/Train_NonFight/F7W6PQ3V3y8_3.avi,11,88,103,NonFight,0.005981
carve,train/Train_NonFight/F7W6PQ3V3y8_3.avi,12,96,111,NonFight,0.005081
carve,train/Train_NonFight/F7W6PQ3V3y8_3.avi,13,104,119,NonFight,0.004842
carve,train/Train_NonFight/F7W6PQ3V3y8_3.avi,14,112,127,NonFight,0.003793
carve,train/Train_NonFight/F7W6PQ3V3y8_3.avi,15,120,135,NonFight,0.004593
carve,train/Train_NonFight/F7W6PQ3V3y8_3.avi,16,128,143,NonFight,0.002413
carve,train/Train_NonFight/FSaZ8wiFw8Q_0.avi,0,0,15,NonFight,0.026538
carve,train/Train_NonFight/FSaZ8wiFw8Q_0.avi,1,8,23,NonFight,0.020753
carve,train/Train_NonFight/FSaZ8wiFw8Q_0.avi,2,16,31,NonFight,0.038987
carve,train/Train_NonFight/FSaZ8wiFw8Q_0.avi,3,24,39,NonFight,0.046424
carve,train/Train_NonFight/FSaZ8wiFw8Q_0.avi,4,32,47,NonFight,0.240788
carve,train/Train_NonFight/FSaZ8wiFw8Q_0.avi,5,40,55,NonFight,0.249968
carve,train/Train_NonFight/FSaZ8wiFw8Q_0.avi,6,48,63,NonFight,0.068854
carve,train/Train_NonFight/FSaZ8wiFw8Q_0.avi,7,56,71,NonFight,0.148096
carve,train/Train_NonFight/FSaZ8wiFw8Q_0.avi,8,64,79,NonFight,0.057849
carve,train/Train_NonFight/FSaZ8wiFw8Q_0.avi,9,72,87,NonFight,0.146948
carve,train/Train_NonFight/FSaZ8wiFw8Q_0.avi,10,80,95,NonFight,0.526934
carve,train/Train_NonFight/FSaZ8wiFw8Q_0.avi,11,88,103,NonFight,0.858762
carve,train/Train_NonFight/FSaZ8wiFw8Q_0.avi,12,96,111,NonFight,0.057449
carve,train/Train_NonFight/FSaZ8wiFw8Q_0.avi,13,104,119,NonFight,0.221999
carve,train/Train_NonFight/FSaZ8wiFw8Q_0.avi,14,112,127,NonFight,0.074219
carve,train/Train_NonFight/FSaZ8wiFw8Q_0.avi,15,120,135,NonFight,0.015305
carve,train/Train_NonFight/FSaZ8wiFw8Q_0.avi,16,128,143,NonFight,0.000632
carve,train/Train_NonFight/Fn4sSVbO_0.avi,0,0,15,NonFight,0.000175
carve,train/Train_NonFight/Fn4sSVbO_0.avi,1,8,23,NonFight,0.000017
carve,train/Train_NonFight/Fn4sSVbO_0.avi,2,16,31,NonFight,0.000319
carve,train/Train_NonFight/Fn4sSVbO_0.avi,3,24,39,NonFight,0.000808
carve,train/Train_NonFight/Fn4sSVbO_0.avi,4,32,47,NonFight,0.000360
carve,train/Train_NonFight/Fn4sSVbO_0.avi,5,40,55,NonFight,0.000126
carve,train/Train_NonFight/Fn4sSVbO_0.avi,6,48,63,NonFight,0.001230
carve,train/Train_NonFight/Fn4sSVbO_0.avi,7,56,71,NonFight,0.000172
carve,train/Train_NonFight/Fn4sSVbO_0.avi,8,64,79,NonFight,0.000114
carve,train/Train_NonFight/Fn4sSVbO_0.avi,9,72,87,NonFight,0.000118
carve,train/Train_NonFight/Fn4sSVbO_0.avi,10,80,95,NonFight,0.000175
carve,train/Train_NonFight/Fn4sSVbO_0.avi,11,88,103,NonFight,0.000073
carve,train/Train_NonFight/Fn4sSVbO_0.avi,12,96,111,NonFight,0.000171
carve,train/Train_NonFight/Fn4sSVbO_0.avi,13,104,119,NonFight,0.000300
carve,train/Train_NonFight/Fn4sSVbO_0.avi,14,112,127,NonFight,0.000509
carve,train/Train_NonFight/Fn4sSVbO_0.avi,15,120,135,NonFight,0.001144
carve,train/Train_NonFight/Fn4sSVbO_0.avi,16,128,143,NonFight,0.001988
carve,train/Train_NonFight/GgT095uX_0.avi,0,0,15,NonFight,0.000058
carve,train/Train_NonFight/GgT095uX_0.avi,1,8,23,NonFight,0.000066
carve,train/Train_NonFight/GgT095uX_0.avi,2,16,31,NonFight,0.000065
carve,train/Train_NonFight/GgT095uX_0.avi,3,24,39,NonFight,0.000076
carve,train/Train_NonFight/GgT095uX_0.avi,4,32,47,NonFight,0.000088
carve,train/Train_NonFight/GgT095uX_0.avi,5,40,55,NonFight,0.000104
carve,train/Train_NonFight/GgT095uX_0.avi,6,48,63,NonFight,0.000111
carve,train/Train_NonFight/GgT095uX_0.avi,7,56,71,NonFight,0.000096
carve,train/Train_NonFight/GgT095uX_0.avi,8,64,79,NonFight,0.000064
carve,train/Train_NonFight/GgT095uX_0.avi,9,72,87,NonFight,0.000073
carve,train/Train_NonFight/GgT095uX_0.avi,10,80,95,NonFight,0.000091
carve,train/Train_NonFight/GgT095uX_0.avi,11,88,103,NonFight,0.000038
carve,train/Train_NonFight/GgT095uX_0.avi,12,96,111,NonFight,0.000023
carve,train/Train_NonFight/GgT095uX_0.avi,13,104,119,NonFight,0.000024
carve,train/Train_NonFight/GgT095uX_0.avi,14,112,127,NonFight,0.000027
carve,train/Train_NonFight/GgT095uX_0.avi,15,120,135,NonFight,0.000022
carve,train/Train_NonFight/GgT095uX_0.avi,16,128,143,NonFight,0.000023
carve,train/Train_NonFight/Gr3ikl6A2bE_0.avi,0,0,15,NonFight,0.000513
carve,train/Train_NonFight/Gr3ikl6A2bE_0.avi,1,8,23,NonFight,0.000500
carve,train/Train_NonFight/Gr3ikl6A2bE_0.avi,2,16,31,NonFight,0.000214
carve,train/Train_NonFight/Gr3ikl6A2bE_0.avi,3,24,39,NonFight,0.000171
carve,train/Train_NonFight/Gr3ikl6A2bE_0.avi,4,32,47,NonFight,0.000124
carve,train/Train_NonFight/Gr3ikl6A2bE_0.avi,5,40,55,NonFight,0.000184
carve,train/Train_NonFight/Gr3ikl6A2bE_0.avi,6,48,63,NonFight,0.000357
carve,train/Train_NonFight/Gr3ikl6A2bE_0.avi,7,56,71,NonFight,0.000458
carve,train/Train_NonFight/Gr3ikl6A2bE_0.avi,8,64,79,NonFight,0.000224
carve,train/Train_NonFight/Gr3ikl6A2bE_0.avi,9,72,87,NonFight,0.000233
carve,train/Train_NonFight/Gr3ikl6A2bE_0.avi,10,80,95,NonFight,0.000129
carve,train/Train_NonFight/Gr3ikl6A2bE_0.avi,11,88,103,NonFight,0.021729
carve,train/Train_NonFight/Gr3ikl6A2bE_0.avi,12,96,111,NonFight,0.009440
carve,train/Train_NonFight/Gr3ikl6A2bE_0.avi,13,104,119,NonFight,0.014589
carve,train/Train_NonFight/Gr3ikl6A2bE_0.avi,14,112,127,NonFight,0.024468
carve,train/Train_NonFight/Gr3ikl6A2bE_0.avi,15,120,135,NonFight,0.109897
carve,train/Train_NonFight/Gr3ikl6A2bE_0.avi,16,128,143,NonFight,0.073056
carve,train/Train_NonFight/HbfZYAXw_0.avi,0,0,15,NonFight,0.000014
carve,train/Train_NonFight/HbfZYAXw_0.avi,1,8,23,NonFight,0.000012
carve,train/Train_NonFight/HbfZYAXw_0.avi,2,16,31,NonFight,0.000009
carve,train/Train_NonFight/HbfZYAXw_0.avi,3,24,39,NonFight,0.000026
carve,train/Train_NonFight/HbfZYAXw_0.avi,4,32,47,NonFight,0.000058
carve,train/Train_NonFight/HbfZYAXw_0.avi,5,40,55,NonFight,0.000047
carve,train/Train_NonFight/HbfZYAXw_0.avi,6,48,63,NonFight,0.000063
carve,train/Train_NonFight/HbfZYAXw_0.avi,7,56,71,NonFight,0.000021
carve,train/Train_NonFight/HbfZYAXw_0.avi,8,64,79,NonFight,0.000026
carve,train/Train_NonFight/HbfZYAXw_0.avi,9,72,87,NonFight,0.000008
carve,train/Train_NonFight/HbfZYAXw_0.avi,10,80,95,NonFight,0.000005
carve,train/Train_NonFight/HbfZYAXw_0.avi,11,88,103,NonFight,0.000010
carve,train/Train_NonFight/HbfZYAXw_0.avi,12,96,111,NonFight,0.000003
carve,train/Train_NonFight/HbfZYAXw_0.avi,13,104,119,NonFight,0.000003
carve,train/Train_NonFight/HbfZYAXw_0.avi,14,112,127,NonFight,0.000003
carve,train/Train_NonFight/HbfZYAXw_0.avi,15,120,135,NonFight,0.000002
carve,train/Train_NonFight/HbfZYAXw_0.avi,16,128,143,NonFight,0.000001
carve,train/Train_NonFight/JPIeYvRgo6I_0.avi,0,0,15,NonFight,0.289034
carve,train/Train_NonFight/JPIeYvRgo6I_0.avi,1,8,23,NonFight,0.347881
carve,train/Train_NonFight/JPIeYvRgo6I_0.avi,2,16,31,NonFight,0.402738
carve,train/Train_NonFight/JPIeYvRgo6I_0.avi,3,24,39,NonFight,0.161330
carve,train/Train_NonFight/JPIeYvRgo6I_0.avi,4,32,47,NonFight,0.096336
carve,train/Train_NonFight/JPIeYvRgo6I_0.avi,5,40,55,NonFight,0.142522
carve,train/Train_NonFight/JPIeYvRgo6I_0.avi,6,48,63,NonFight,0.150227
carve,train/Train_NonFight/JPIeYvRgo6I_0.avi,7,56,71,NonFight,0.198218
carve,train/Train_NonFight/JPIeYvRgo6I_0.avi,8,64,79,NonFight,0.156597
carve,train/Train_NonFight/JPIeYvRgo6I_0.avi,9,72,87,NonFight,0.159221
carve,train/Train_NonFight/JPIeYvRgo6I_0.avi,10,80,95,NonFight,0.174772
carve,train/Train_NonFight/JPIeYvRgo6I_0.avi,11,88,103,NonFight,0.037474
carve,train/Train_NonFight/JPIeYvRgo6I_0.avi,12,96,111,NonFight,0.062793
carve,train/Train_NonFight/JPIeYvRgo6I_0.avi,13,104,119,NonFight,0.071655
carve,train/Train_NonFight/JPIeYvRgo6I_0.avi,14,112,127,NonFight,0.081585
carve,train/Train_NonFight/JPIeYvRgo6I_0.avi,15,120,135,NonFight,0.049971
carve,train/Train_NonFight/JPIeYvRgo6I_0.avi,16,128,143,NonFight,0.050879
carve,train/Train_NonFight/JPIeYvRgo6I_1.avi,0,0,15,NonFight,0.061765
carve,train/Train_NonFight/JPIeYvRgo6I_1.avi,1,8,23,NonFight,0.068404
carve,train/Train_NonFight/JPIeYvRgo6I_1.avi,2,16,31,NonFight,0.082938
carve,train/Train_NonFight/JPIeYvRgo6I_1.avi,3,24,39,NonFight,0.039645
carve,train/Train_NonFight/JPIeYvRgo6I_1.avi,4,32,47,NonFight,0.093752
carve,train/Train_NonFight/JPIeYvRgo6I_1.avi,5,40,55,NonFight,0.127399
carve,train/Train_NonFight/JPIeYvRgo6I_1.avi,6,48,63,NonFight,0.129910
carve,train/Train_NonFight/JPIeYvRgo6I_1.avi,7,56,71,NonFight,0.141382
carve,train/Train_NonFight/JPIeYvRgo6I_1.avi,8,64,79,NonFight,0.211086
carve,train/Train_NonFight/JPIeYvRgo6I_1.avi,9,72,87,NonFight,0.189832
carve,train/Train_NonFight/JPIeYvRgo6I_1.avi,10,80,95,NonFight,0.180332
carve,train/Train_NonFight/JPIeYvRgo6I_1.avi,11,88,103,NonFight,0.172396
carve,train/Train_NonFight/JPIeYvRgo6I_1.avi,12,96,111,NonFight,0.276608
carve,train/Train_NonFight/JPIeYvRgo6I_1.avi,13,104,119,NonFight,0.168227
carve,train/Train_NonFight/JPIeYvRgo6I_1.avi,14,112,127,NonFight,0.205059
carve,train/Train_NonFight/JPIeYvRgo6I_1.avi,15,120,135,NonFight,0.172708
carve,train/Train_NonFight/JPIeYvRgo6I_1.avi,16,128,143,NonFight,0.247245
carve,train/Train_NonFight/JPIeYvRgo6I_2.avi,0,0,15,NonFight,0.356188
carve,train/Train_NonFight/JPIeYvRgo6I_2.avi,1,8,23,NonFight,0.338575
carve,train/Train_NonFight/JPIeYvRgo6I_2.avi,2,16,31,NonFight,0.329229
carve,train/Train_NonFight/JPIeYvRgo6I_2.avi,3,24,39,NonFight,0.336696
carve,train/Train_NonFight/JPIeYvRgo6I_2.avi,4,32,47,NonFight,0.342116
carve,train/Train_NonFight/JPIeYvRgo6I_2.avi,5,40,55,NonFight,0.334489
carve,train/Train_NonFight/JPIeYvRgo6I_2.avi,6,48,63,NonFight,0.368044
carve,train/Train_NonFight/JPIeYvRgo6I_2.avi,7,56,71,NonFight,0.357820
carve,train/Train_NonFight/JPIeYvRgo6I_2.avi,8,64,79,NonFight,0.364995
carve,train/Train_NonFight/JPIeYvRgo6I_2.avi,9,72,87,NonFight,0.281526
carve,train/Train_NonFight/JPIeYvRgo6I_2.avi,10,80,95,NonFight,0.273084
carve,train/Train_NonFight/JPIeYvRgo6I_2.avi,11,88,103,NonFight,0.305453
carve,train/Train_NonFight/JPIeYvRgo6I_2.avi,12,96,111,NonFight,0.296136
carve,train/Train_NonFight/JPIeYvRgo6I_2.avi,13,104,119,NonFight,0.329631
carve,train/Train_NonFight/JPIeYvRgo6I_2.avi,14,112,127,NonFight,0.297033
carve,train/Train_NonFight/JPIeYvRgo6I_2.avi,15,120,135,NonFight,0.290342
carve,train/Train_NonFight/JPIeYvRgo6I_2.avi,16,128,143,NonFight,0.296474
carve,train/Train_NonFight/JwfajujK_0.avi,0,0,15,NonFight,0.000031
carve,train/Train_NonFight/JwfajujK_0.avi,1,8,23,NonFight,0.000017
carve,train/Train_NonFight/JwfajujK_0.avi,2,16,31,NonFight,0.000014
carve,train/Train_NonFight/JwfajujK_0.avi,3,24,39,NonFight,0.000022
carve,train/Train_NonFight/JwfajujK_0.avi,4,32,47,NonFight,0.000030
carve,train/Train_NonFight/JwfajujK_0.avi,5,40,55,NonFight,0.000022
carve,train/Train_NonFight/JwfajujK_0.avi,6,48,63,NonFight,0.000033
carve,train/Train_NonFight/JwfajujK_0.avi,7,56,71,NonFight,0.000033
carve,train/Train_NonFight/JwfajujK_0.avi,8,64,79,NonFight,0.000053
carve,train/Train_NonFight/JwfajujK_0.avi,9,72,87,NonFight,0.000057
carve,train/Train_NonFight/JwfajujK_0.avi,10,80,95,NonFight,0.000017
carve,train/Train_NonFight/JwfajujK_0.avi,11,88,103,NonFight,0.000010
carve,train/Train_NonFight/JwfajujK_0.avi,12,96,111,NonFight,0.000012
carve,train/Train_NonFight/JwfajujK_0.avi,13,104,119,NonFight,0.000058
carve,train/Train_NonFight/JwfajujK_0.avi,14,112,127,NonFight,0.000071
carve,train/Train_NonFight/JwfajujK_0.avi,15,120,135,NonFight,0.000040
carve,train/Train_NonFight/JwfajujK_0.avi,16,128,143,NonFight,0.000281
carve,train/Train_NonFight/KDOVTf7T_0.avi,0,0,15,NonFight,0.045069
carve,train/Train_NonFight/KDOVTf7T_0.avi,1,8,23,NonFight,0.031582
carve,train/Train_NonFight/KDOVTf7T_0.avi,2,16,31,NonFight,0.039997
carve,train/Train_NonFight/KDOVTf7T_0.avi,3,24,39,NonFight,0.053691
carve,train/Train_NonFight/KDOVTf7T_0.avi,4,32,47,NonFight,0.072403
carve,train/Train_NonFight/KDOVTf7T_0.avi,5,40,55,NonFight,0.079532
carve,train/Train_NonFight/KDOVTf7T_0.avi,6,48,63,NonFight,0.104981
carve,train/Train_NonFight/KDOVTf7T_0.avi,7,56,71,NonFight,0.143885
carve,train/Train_NonFight/KDOVTf7T_0.avi,8,64,79,NonFight,0.136993
carve,train/Train_NonFight/KDOVTf7T_0.avi,9,72,87,NonFight,0.125426
carve,train/Train_NonFight/KDOVTf7T_0.avi,10,80,95,NonFight,0.090860
carve,train/Train_NonFight/KDOVTf7T_0.avi,11,88,103,NonFight,0.094836
carve,train/Train_NonFight/KDOVTf7T_0.avi,12,96,111,NonFight,0.054727
carve,train/Train_NonFight/KDOVTf7T_0.avi,13,104,119,NonFight,0.031864
carve,train/Train_NonFight/KDOVTf7T_0.avi,14,112,127,NonFight,0.042450
carve,train/Train_NonFight/KDOVTf7T_0.avi,15,120,135,NonFight,0.055618
carve,train/Train_NonFight/KDOVTf7T_0.avi,16,128,143,NonFight,0.057991
carve,train/Train_NonFight/Km94kW0O_0.avi,0,0,15,NonFight,0.000017
carve,train/Train_NonFight/Km94kW0O_0.avi,1,8,23,NonFight,0.000020
carve,train/Train_NonFight/Km94kW0O_0.avi,2,16,31,NonFight,0.000022
carve,train/Train_NonFight/Km94kW0O_0.avi,3,24,39,NonFight,0.000021
carve,train/Train_NonFight/Km94kW0O_0.avi,4,32,47,NonFight,0.000020
carve,train/Train_NonFight/Km94kW0O_0.avi,5,40,55,NonFight,0.000012
carve,train/Train_NonFight/Km94kW0O_0.avi,6,48,63,NonFight,0.000009
carve,train/Train_NonFight/Km94kW0O_0.avi,7,56,71,NonFight,0.000008
carve,train/Train_NonFight/Km94kW0O_0.avi,8,64,79,NonFight,0.000014
carve,train/Train_NonFight/Km94kW0O_0.avi,9,72,87,NonFight,0.000005
carve,train/Train_NonFight/Km94kW0O_0.avi,10,80,95,NonFight,0.000004
carve,train/Train_NonFight/Km94kW0O_0.avi,11,88,103,NonFight,0.000010
carve,train/Train_NonFight/Km94kW0O_0.avi,12,96,111,NonFight,0.000011
carve,train/Train_NonFight/Km94kW0O_0.avi,13,104,119,NonFight,0.000014
carve,train/Train_NonFight/Km94kW0O_0.avi,14,112,127,NonFight,0.000008
carve,train/Train_NonFight/Km94kW0O_0.avi,15,120,135,NonFight,0.000003
carve,train/Train_NonFight/Km94kW0O_0.avi,16,128,143,NonFight,0.000004
carve,train/Train_NonFight/MhVfgPWz_0.avi,0,0,15,NonFight,0.000005
carve,train/Train_NonFight/MhVfgPWz_0.avi,1,8,23,NonFight,0.000006
carve,train/Train_NonFight/MhVfgPWz_0.avi,2,16,31,NonFight,0.000011
carve,train/Train_NonFight/MhVfgPWz_0.avi,3,24,39,NonFight,0.000018
carve,train/Train_NonFight/MhVfgPWz_0.avi,4,32,47,NonFight,0.000013
carve,train/Train_NonFight/MhVfgPWz_0.avi,5,40,55,NonFight,0.000015
carve,train/Train_NonFight/MhVfgPWz_0.avi,6,48,63,NonFight,0.000007
carve,train/Train_NonFight/MhVfgPWz_0.avi,7,56,71,NonFight,0.000016
carve,train/Train_NonFight/MhVfgPWz_0.avi,8,64,79,NonFight,0.000017
carve,train/Train_NonFight/MhVfgPWz_0.avi,9,72,87,NonFight,0.000014
carve,train/Train_NonFight/MhVfgPWz_0.avi,10,80,95,NonFight,0.000015
carve,train/Train_NonFight/MhVfgPWz_0.avi,11,88,103,NonFight,0.000014
carve,train/Train_NonFight/MhVfgPWz_0.avi,12,96,111,NonFight,0.000011
carve,train/Train_NonFight/MhVfgPWz_0.avi,13,104,119,NonFight,0.000009
carve,train/Train_NonFight/MhVfgPWz_0.avi,14,112,127,NonFight,0.000011
carve,train/Train_NonFight/MhVfgPWz_0.avi,15,120,135,NonFight,0.000008
carve,train/Train_NonFight/MhVfgPWz_0.avi,16,128,143,NonFight,0.000006
carve,train/Train_NonFight/NxtwlqSnLbY_0.avi,0,0,15,NonFight,0.015904
carve,train/Train_NonFight/NxtwlqSnLbY_0.avi,1,8,23,NonFight,0.016554
carve,train/Train_NonFight/NxtwlqSnLbY_0.avi,2,16,31,NonFight,0.006431
carve,train/Train_NonFight/NxtwlqSnLbY_0.avi,3,24,39,NonFight,0.006943
carve,train/Train_NonFight/NxtwlqSnLbY_0.avi,4,32,47,NonFight,0.003657
carve,train/Train_NonFight/NxtwlqSnLbY_0.avi,5,40,55,NonFight,0.008949
carve,train/Train_NonFight/NxtwlqSnLbY_0.avi,6,48,63,NonFight,0.013174
carve,train/Train_NonFight/NxtwlqSnLbY_0.avi,7,56,71,NonFight,0.011780
carve,train/Train_NonFight/NxtwlqSnLbY_0.avi,8,64,79,NonFight,0.007667
carve,train/Train_NonFight/NxtwlqSnLbY_0.avi,9,72,87,NonFight,0.015605
carve,train/Train_NonFight/NxtwlqSnLbY_0.avi,10,80,95,NonFight,0.012622
carve,train/Train_NonFight/NxtwlqSnLbY_0.avi,11,88,103,NonFight,0.015293
carve,train/Train_NonFight/NxtwlqSnLbY_0.avi,12,96,111,NonFight,0.020006
carve,train/Train_NonFight/NxtwlqSnLbY_0.avi,13,104,119,NonFight,0.015033
carve,train/Train_NonFight/NxtwlqSnLbY_0.avi,14,112,127,NonFight,0.022980
carve,train/Train_NonFight/NxtwlqSnLbY_0.avi,15,120,135,NonFight,0.021673
carve,train/Train_NonFight/NxtwlqSnLbY_0.avi,16,128,143,NonFight,0.014920
carve,train/Train_NonFight/NxtwlqSnLbY_1.avi,0,0,15,NonFight,0.024537
carve,train/Train_NonFight/NxtwlqSnLbY_1.avi,1,8,23,NonFight,0.034193
carve,train/Train_NonFight/NxtwlqSnLbY_1.avi,2,16,31,NonFight,0.014949
carve,train/Train_NonFight/NxtwlqSnLbY_1.avi,3,24,39,NonFight,0.009996
carve,train/Train_NonFight/NxtwlqSnLbY_1.avi,4,32,47,NonFight,0.016109
carve,train/Train_NonFight/NxtwlqSnLbY_1.avi,5,40,55,NonFight,0.024191
carve,train/Train_NonFight/NxtwlqSnLbY_1.avi,6,48,63,NonFight,0.030136
carve,train/Train_NonFight/NxtwlqSnLbY_1.avi,7,56,71,NonFight,0.032876
carve,train/Train_NonFight/NxtwlqSnLbY_1.avi,8,64,79,NonFight,0.014330
carve,train/Train_NonFight/NxtwlqSnLbY_1.avi,9,72,87,NonFight,0.002999
carve,train/Train_NonFight/NxtwlqSnLbY_1.avi,10,80,95,NonFight,0.003433
carve,train/Train_NonFight/NxtwlqSnLbY_1.avi,11,88,103,NonFight,0.008634
carve,train/Train_NonFight/NxtwlqSnLbY_1.avi,12,96,111,NonFight,0.015650
carve,train/Train_NonFight/NxtwlqSnLbY_1.avi,13,104,119,NonFight,0.027421
carve,train/Train_NonFight/NxtwlqSnLbY_1.avi,14,112,127,NonFight,0.023701
carve,train/Train_NonFight/NxtwlqSnLbY_1.avi,15,120,135,NonFight,0.019260
carve,train/Train_NonFight/NxtwlqSnLbY_1.avi,16,128,143,NonFight,0.006219
carve,train/Train_NonFight/OFwYyouR_0.avi,0,0,15,NonFight,0.000787
carve,train/Train_NonFight/OFwYyouR_0.avi,1,8,23,NonFight,0.000665
carve,train/Train_NonFight/OFwYyouR_0.avi,2,16,31,NonFight,0.000465
carve,train/Train_NonFight/OFwYyouR_0.avi,3,24,39,NonFight,0.000362
carve,train/Train_NonFight/OFwYyouR_0.avi,4,32,47,NonFight,0.000756
carve,train/Train_NonFight/OFwYyouR_0.avi,5,40,55,NonFight,0.000865
carve,train/Train_NonFight/OFwYyouR_0.avi,6,48,63,NonFight,0.000502
carve,train/Train_NonFight/OFwYyouR_0.avi,7,56,71,NonFight,0.000520
carve,train/Train_NonFight/OFwYyouR_0.avi,8,64,79,NonFight,0.000993
carve,train/Train_NonFight/OFwYyouR_0.avi,9,72,87,NonFight,0.000802
carve,train/Train_NonFight/OFwYyouR_0.avi,10,80,95,NonFight,0.000410
carve,train/Train_NonFight/OFwYyouR_0.avi,11,88,103,NonFight,0.000565
carve,train/Train_NonFight/OFwYyouR_0.avi,12,96,111,NonFight,0.000856
carve,train/Train_NonFight/OFwYyouR_0.avi,13,104,119,NonFight,0.001092
carve,train/Train_NonFight/OFwYyouR_0.avi,14,112,127,NonFight,0.007666
carve,train/Train_NonFight/OFwYyouR_0.avi,15,120,135,NonFight,0.011493
carve,train/Train_NonFight/OFwYyouR_0.avi,16,128,143,NonFight,0.023876
carve,train/Train_NonFight/OznqyUJq_0.avi,0,0,15,NonFight,0.000483
carve,train/Train_NonFight/OznqyUJq_0.avi,1,8,23,NonFight,0.000556
carve,train/Train_NonFight/OznqyUJq_0.avi,2,16,31,NonFight,0.002879
carve,train/Train_NonFight/OznqyUJq_0.avi,3,24,39,NonFight,0.001764
carve,train/Train_NonFight/OznqyUJq_0.avi,4,32,47,NonFight,0.001757
carve,train/Train_NonFight/OznqyUJq_0.avi,5,40,55,NonFight,0.002274
carve,train/Train_NonFight/OznqyUJq_0.avi,6,48,63,NonFight,0.001984
carve,train/Train_NonFight/OznqyUJq_0.avi,7,56,71,NonFight,0.001440
carve,train/Train_NonFight/OznqyUJq_0.avi,8,64,79,NonFight,0.000230
carve,train/Train_NonFight/OznqyUJq_0.avi,9,72,87,NonFight,0.000087
carve,train/Train_NonFight/OznqyUJq_0.avi,10,80,95,NonFight,0.000040
carve,train/Train_NonFight/OznqyUJq_0.avi,11,88,103,NonFight,0.000052
carve,train/Train_NonFight/OznqyUJq_0.avi,12,96,111,NonFight,0.000037
carve,train/Train_NonFight/OznqyUJq_0.avi,13,104,119,NonFight,0.000051
carve,train/Train_NonFight/OznqyUJq_0.avi,14,112,127,NonFight,0.000063
carve,train/Train_NonFight/OznqyUJq_0.avi,15,120,135,NonFight,0.002682
carve,train/Train_NonFight/OznqyUJq_0.avi,16,128,143,NonFight,0.010362
carve,train/Train_NonFight/QzNWGaQi_0.avi,0,0,15,NonFight,0.002726
carve,train/Train_NonFight/QzNWGaQi_0.avi,1,8,23,NonFight,0.003593
carve,train/Train_NonFight/QzNWGaQi_0.avi,2,16,31,NonFight,0.003313
carve,train/Train_NonFight/QzNWGaQi_0.avi,3,24,39,NonFight,0.004305
carve,train/Train_NonFight/QzNWGaQi_0.avi,4,32,47,NonFight,0.004615
carve,train/Train_NonFight/QzNWGaQi_0.avi,5,40,55,NonFight,0.003745
carve,train/Train_NonFight/QzNWGaQi_0.avi,6,48,63,NonFight,0.002923
carve,train/Train_NonFight/QzNWGaQi_0.avi,7,56,71,NonFight,0.003546
carve,train/Train_NonFight/QzNWGaQi_0.avi,8,64,79,NonFight,0.003859
carve,train/Train_NonFight/QzNWGaQi_0.avi,9,72,87,NonFight,0.004485
carve,train/Train_NonFight/QzNWGaQi_0.avi,10,80,95,NonFight,0.005256
carve,train/Train_NonFight/QzNWGaQi_0.avi,11,88,103,NonFight,0.004253
carve,train/Train_NonFight/QzNWGaQi_0.avi,12,96,111,NonFight,0.003573
carve,train/Train_NonFight/QzNWGaQi_0.avi,13,104,119,NonFight,0.003866
carve,train/Train_NonFight/QzNWGaQi_0.avi,14,112,127,NonFight,0.004149
carve,train/Train_NonFight/QzNWGaQi_0.avi,15,120,135,NonFight,0.004138
carve,train/Train_NonFight/QzNWGaQi_0.avi,16,128,143,NonFight,0.004642
carve,train/Train_NonFight/R1A_AxUKosk_0.avi,0,0,15,NonFight,0.515488
carve,train/Train_NonFight/R1A_AxUKosk_0.avi,1,8,23,NonFight,0.666000
carve,train/Train_NonFight/R1A_AxUKosk_0.avi,2,16,31,NonFight,0.930142
carve,train/Train_NonFight/R1A_AxUKosk_0.avi,3,24,39,NonFight,0.557104
carve,train/Train_NonFight/R1A_AxUKosk_0.avi,4,32,47,NonFight,0.528857
carve,train/Train_NonFight/R1A_AxUKosk_0.avi,5,40,55,NonFight,0.381625
carve,train/Train_NonFight/R1A_AxUKosk_0.avi,6,48,63,NonFight,0.401252
carve,train/Train_NonFight/R1A_AxUKosk_0.avi,7,56,71,NonFight,0.414372
carve,train/Train_NonFight/R1A_AxUKosk_0.avi,8,64,79,NonFight,0.301892
carve,train/Train_NonFight/R1A_AxUKosk_0.avi,9,72,87,NonFight,0.264861
carve,train/Train_NonFight/R1A_AxUKosk_0.avi,10,80,95,NonFight,0.349059
carve,train/Train_NonFight/R1A_AxUKosk_0.avi,11,88,103,NonFight,0.327196
carve,train/Train_NonFight/R1A_AxUKosk_0.avi,12,96,111,NonFight,0.313196
carve,train/Train_NonFight/R1A_AxUKosk_0.avi,13,104,119,NonFight,0.264700
carve,train/Train_NonFight/R1A_AxUKosk_0.avi,14,112,127,NonFight,0.240367
carve,train/Train_NonFight/R1A_AxUKosk_0.avi,15,120,135,NonFight,0.070848
carve,train/Train_NonFight/R1A_AxUKosk_0.avi,16,128,143,NonFight,0.029114
carve,train/Train_NonFight/R1A_AxUKosk_1.avi,0,0,15,NonFight,0.215656
carve,train/Train_NonFight/R1A_AxUKosk_1.avi,1,8,23,NonFight,0.161498
carve,train/Train_NonFight/R1A_AxUKosk_1.avi,2,16,31,NonFight,0.086176
carve,train/Train_NonFight/R1A_AxUKosk_1.avi,3,24,39,NonFight,0.847444
carve,train/Train_NonFight/R1A_AxUKosk_1.avi,4,32,47,NonFight,0.409744
carve,train/Train_NonFight/R1A_AxUKosk_1.avi,5,40,55,NonFight,0.505038
carve,train/Train_NonFight/R1A_AxUKosk_1.avi,6,48,63,NonFight,0.075717
carve,train/Train_NonFight/R1A_AxUKosk_1.avi,7,56,71,NonFight,0.082738
carve,train/Train_NonFight/R1A_AxUKosk_1.avi,8,64,79,NonFight,0.127782
carve,train/Train_NonFight/R1A_AxUKosk_1.avi,9,72,87,NonFight,0.162828
carve,train/Train_NonFight/R1A_AxUKosk_1.avi,10,80,95,NonFight,0.078930
carve,train/Train_NonFight/R1A_AxUKosk_1.avi,11,88,103,NonFight,0.022128
carve,train/Train_NonFight/R1A_AxUKosk_1.avi,12,96,111,NonFight,0.028732
carve,train/Train_NonFight/R1A_AxUKosk_1.avi,13,104,119,NonFight,0.035056
carve,train/Train_NonFight/R1A_AxUKosk_1.avi,14,112,127,NonFight,0.050821
carve,train/Train_NonFight/R1A_AxUKosk_1.avi,15,120,135,NonFight,0.129890
carve,train/Train_NonFight/R1A_AxUKosk_1.avi,16,128,143,NonFight,0.056146
carve,train/Train_NonFight/RfqBhe5z_0.avi,0,0,15,NonFight,0.001240
carve,train/Train_NonFight/RfqBhe5z_0.avi,1,8,23,NonFight,0.000246
carve,train/Train_NonFight/RfqBhe5z_0.avi,2,16,31,NonFight,0.000356
carve,train/Train_NonFight/RfqBhe5z_0.avi,3,24,39,NonFight,0.001497
carve,train/Train_NonFight/RfqBhe5z_0.avi,4,32,47,NonFight,0.000779
carve,train/Train_NonFight/RfqBhe5z_0.avi,5,40,55,NonFight,0.000256
carve,train/Train_NonFight/RfqBhe5z_0.avi,6,48,63,NonFight,0.000309
carve,train/Train_NonFight/RfqBhe5z_0.avi,7,56,71,NonFight,0.000096
carve,train/Train_NonFight/RfqBhe5z_0.avi,8,64,79,NonFight,0.000320
carve,train/Train_NonFight/RfqBhe5z_0.avi,9,72,87,NonFight,0.001317
carve,train/Train_NonFight/RfqBhe5z_0.avi,10,80,95,NonFight,0.000368
carve,train/Train_NonFight/RfqBhe5z_0.avi,11,88,103,NonFight,0.000666
carve,train/Train_NonFight/RfqBhe5z_0.avi,12,96,111,NonFight,0.009378
carve,train/Train_NonFight/RfqBhe5z_0.avi,13,104,119,NonFight,0.002474
carve,train/Train_NonFight/RfqBhe5z_0.avi,14,112,127,NonFight,0.000397
carve,train/Train_NonFight/RfqBhe5z_0.avi,15,120,135,NonFight,0.000282
carve,train/Train_NonFight/RfqBhe5z_0.avi,16,128,143,NonFight,0.000197
carve,train/Train_NonFight/SCnBiAteLVI_0.avi,0,0,15,NonFight,0.165911
carve,train/Train_NonFight/SCnBiAteLVI_0.avi,1,8,23,NonFight,0.163430
carve,train/Train_NonFight/SCnBiAteLVI_0.avi,2,16,31,NonFight,0.175276
carve,train/Train_NonFight/SCnBiAteLVI_0.avi,3,24,39,NonFight,0.169940
carve,train/Train_NonFight/SCnBiAteLVI_0.avi,4,32,47,NonFight,0.172123
carve,train/Train_NonFight/SCnBiAteLVI_0.avi,5,40,55,NonFight,0.167885
carve,train/Train_NonFight/SCnBiAteLVI_0.avi,6,48,63,NonFight,0.175664
carve,train/Train_NonFight/SCnBiAteLVI_0.avi,7,56,71,NonFight,0.181272
carve,train/Train_NonFight/SCnBiAteLVI_0.avi,8,64,79,NonFight,0.174692
carve,train/Train_NonFight/SCnBiAteLVI_0.avi,9,72,87,NonFight,0.172830
carve,train/Train_NonFight/SCnBiAteLVI_0.avi,10,80,95,NonFight,0.164570
carve,train/Train_NonFight/SCnBiAteLVI_0.avi,11,88,103,NonFight,0.163223
carve,train/Train_NonFight/SCnBiAteLVI_0.avi,12,96,111,NonFight,0.153008
carve,train/Train_NonFight/SCnBiAteLVI_0.avi,13,104,119,NonFight,0.153660
carve,train/Train_NonFight/SCnBiAteLVI_0.avi,14,112,127,NonFight,0.158401
carve,train/Train_NonFight/SCnBiAteLVI_0.avi,15,120,135,NonFight,0.162847
carve,train/Train_NonFight/SCnBiAteLVI_0.avi,16,128,143,NonFight,0.163488
carve,train/Train_NonFight/SCnBiAteLVI_1.avi,0,0,15,NonFight,0.077017
carve,train/Train_NonFight/SCnBiAteLVI_1.avi,1,8,23,NonFight,0.106490
carve,train/Train_NonFight/SCnBiAteLVI_1.avi,2,16,31,NonFight,0.071546
carve,train/Train_NonFight/SCnBiAteLVI_1.avi,3,24,39,NonFight,0.053412
carve,train/Train_NonFight/SCnBiAteLVI_1.avi,4,32,47,NonFight,0.039909
carve,train/Train_NonFight/SCnBiAteLVI_1.avi,5,40,55,NonFight,0.037211
carve,train/Train_NonFight/SCnBiAteLVI_1.avi,6,48,63,NonFight,0.040685
carve,train/Train_NonFight/SCnBiAteLVI_1.avi,7,56,71,NonFight,0.037742
carve,train/Train_NonFight/SCnBiAteLVI_1.avi,8,64,79,NonFight,0.038641
carve,train/Train_NonFight/SCnBiAteLVI_1.avi,9,72,87,NonFight,0.060452
carve,train/Train_NonFight/SCnBiAteLVI_1.avi,10,80,95,NonFight,0.049192
carve,train/Train_NonFight/SCnBiAteLVI_1.avi,11,88,103,NonFight,0.037464
carve,train/Train_NonFight/SCnBiAteLVI_1.avi,12,96,111,NonFight,0.037851
carve,train/Train_NonFight/SCnBiAteLVI_1.avi,13,104,119,NonFight,0.039790
carve,train/Train_NonFight/SCnBiAteLVI_1.avi,14,112,127,NonFight,0.028246
carve,train/Train_NonFight/SCnBiAteLVI_1.avi,15,120,135,NonFight,0.024857
carve,train/Train_NonFight/SCnBiAteLVI_1.avi,16,128,143,NonFight,0.043435
carve,train/Train_NonFight/SCnBiAteLVI_2.avi,0,0,15,NonFight,0.024428
carve,train/Train_NonFight/SCnBiAteLVI_2.avi,1,8,23,NonFight,0.024536
carve,train/Train_NonFight/SCnBiAteLVI_2.avi,2,16,31,NonFight,0.029584
carve,train/Train_NonFight/SCnBiAteLVI_2.avi,3,24,39,NonFight,0.023341
carve,train/Train_NonFight/SCnBiAteLVI_2.avi,4,32,47,NonFight,0.029418
carve,train/Train_NonFight/SCnBiAteLVI_2.avi,5,40,55,NonFight,0.104486
carve,train/Train_NonFight/SCnBiAteLVI_2.avi,6,48,63,NonFight,0.205292
carve,train/Train_NonFight/SCnBiAteLVI_2.avi,7,56,71,NonFight,0.177204
carve,train/Train_NonFight/SCnBiAteLVI_2.avi,8,64,79,NonFight,0.116800
carve,train/Train_NonFight/SCnBiAteLVI_2.avi,9,72,87,NonFight,0.143507
carve,train/Train_NonFight/SCnBiAteLVI_2.avi,10,80,95,NonFight,0.146455
carve,train/Train_NonFight/SCnBiAteLVI_2.avi,11,88,103,NonFight,0.113388
carve,train/Train_NonFight/SCnBiAteLVI_2.avi,12,96,111,NonFight,0.106171
carve,train/Train_NonFight/SCnBiAteLVI_2.avi,13,104,119,NonFight,0.047969
carve,train/Train_NonFight/SCnBiAteLVI_2.avi,14,112,127,NonFight,0.052401
carve,train/Train_NonFight/SCnBiAteLVI_2.avi,15,120,135,NonFight,0.196181
carve,train/Train_NonFight/SCnBiAteLVI_2.avi,16,128,143,NonFight,0.221480
carve,train/Train_NonFight/THqDidIr4Xs_0.avi,0,0,15,NonFight,0.000246
carve,train/Train_NonFight/THqDidIr4Xs_0.avi,1,8,23,NonFight,0.000339
carve,train/Train_NonFight/THqDidIr4Xs_0.avi,2,16,31,NonFight,0.000187
carve,train/Train_NonFight/THqDidIr4Xs_0.avi,3,24,39,NonFight,0.000120
carve,train/Train_NonFight/THqDidIr4Xs_0.avi,4,32,47,NonFight,0.000046
carve,train/Train_NonFight/THqDidIr4Xs_0.avi,5,40,55,NonFight,0.000242
carve,train/Train_NonFight/THqDidIr4Xs_0.avi,6,48,63,NonFight,0.000030
carve,train/Train_NonFight/THqDidIr4Xs_0.avi,7,56,71,NonFight,0.000103
carve,train/Train_NonFight/THqDidIr4Xs_0.avi,8,64,79,NonFight,0.000050
carve,train/Train_NonFight/THqDidIr4Xs_0.avi,9,72,87,NonFight,0.000105
carve,train/Train_NonFight/THqDidIr4Xs_0.avi,10,80,95,NonFight,0.001761
carve,train/Train_NonFight/THqDidIr4Xs_0.avi,11,88,103,NonFight,0.002915
carve,train/Train_NonFight/THqDidIr4Xs_0.avi,12,96,111,NonFight,0.002324
carve,train/Train_NonFight/THqDidIr4Xs_0.avi,13,104,119,NonFight,0.004053
carve,train/Train_NonFight/THqDidIr4Xs_0.avi,14,112,127,NonFight,0.002595
carve,train/Train_NonFight/THqDidIr4Xs_0.avi,15,120,135,NonFight,0.000417
carve,train/Train_NonFight/THqDidIr4Xs_0.avi,16,128,143,NonFight,0.007438
carve,train/Train_NonFight/THqDidIr4Xs_1.avi,0,0,15,NonFight,0.000935
carve,train/Train_NonFight/THqDidIr4Xs_1.avi,1,8,23,NonFight,0.000816
carve,train/Train_NonFight/THqDidIr4Xs_1.avi,2,16,31,NonFight,0.000981
carve,train/Train_NonFight/THqDidIr4Xs_1.avi,3,24,39,NonFight,0.001263
carve,train/Train_NonFight/THqDidIr4Xs_1.avi,4,32,47,NonFight,0.002394
carve,train/Train_NonFight/THqDidIr4Xs_1.avi,5,40,55,NonFight,0.001046
carve,train/Train_NonFight/THqDidIr4Xs_1.avi,6,48,63,NonFight,0.000606
carve,train/Train_NonFight/THqDidIr4Xs_1.avi,7,56,71,NonFight,0.001522
carve,train/Train_NonFight/THqDidIr4Xs_1.avi,8,64,79,NonFight,0.010625
carve,train/Train_NonFight/THqDidIr4Xs_1.avi,9,72,87,NonFight,0.017268
carve,train/Train_NonFight/THqDidIr4Xs_1.avi,10,80,95,NonFight,0.015614
carve,train/Train_NonFight/THqDidIr4Xs_1.avi,11,88,103,NonFight,0.021766
carve,train/Train_NonFight/THqDidIr4Xs_1.avi,12,96,111,NonFight,0.012907
carve,train/Train_NonFight/THqDidIr4Xs_1.avi,13,104,119,NonFight,0.023310
carve,train/Train_NonFight/THqDidIr4Xs_1.avi,14,112,127,NonFight,0.012956
carve,train/Train_NonFight/THqDidIr4Xs_1.avi,15,120,135,NonFight,0.015540
carve,train/Train_NonFight/THqDidIr4Xs_1.avi,16,128,143,NonFight,0.012920
carve,train/Train_NonFight/TfDHgxDm_0.avi,0,0,15,NonFight,0.000159
carve,train/Train_NonFight/TfDHgxDm_0.avi,1,8,23,NonFight,0.000050
carve,train/Train_NonFight/TfDHgxDm_0.avi,2,16,31,NonFight,0.000040
carve,train/Train_NonFight/TfDHgxDm_0.avi,3,24,39,NonFight,0.000018
carve,train/Train_NonFight/TfDHgxDm_0.avi,4,32,47,NonFight,0.000046
carve,train/Train_NonFight/TfDHgxDm_0.avi,5,40,55,NonFight,0.000051
carve,train/Train_NonFight/TfDHgxDm_0.avi,6,48,63,NonFight,0.000032
carve,train/Train_NonFight/TfDHgxDm_0.avi,7,56,71,NonFight,0.000021
carve,train/Train_NonFight/TfDHgxDm_0.avi,8,64,79,NonFight,0.000042
carve,train/Train_NonFight/TfDHgxDm_0.avi,9,72,87,NonFight,0.000026
carve,train/Train_NonFight/TfDHgxDm_0.avi,10,80,95,NonFight,0.000026
carve,train/Train_NonFight/TfDHgxDm_0.avi,11,88,103,NonFight,0.000009
carve,train/Train_NonFight/TfDHgxDm_0.avi,12,96,111,NonFight,0.000004
carve,train/Train_NonFight/TfDHgxDm_0.avi,13,104,119,NonFight,0.000002
carve,train/Train_NonFight/TfDHgxDm_0.avi,14,112,127,NonFight,0.000003
carve,train/Train_NonFight/TfDHgxDm_0.avi,15,120,135,NonFight,0.000001
carve,train/Train_NonFight/TfDHgxDm_0.avi,16,128,143,NonFight,0.000001
carve,train/Train_NonFight/UIsigi4O-sI_0.avi,0,0,15,NonFight,0.114993
carve,train/Train_NonFight/UIsigi4O-sI_0.avi,1,8,23,NonFight,0.166098
carve,train/Train_NonFight/UIsigi4O-sI_0.avi,2,16,31,NonFight,0.527469
carve,train/Train_NonFight/UIsigi4O-sI_0.avi,3,24,39,NonFight,0.406487
carve,train/Train_NonFight/UIsigi4O-sI_0.avi,4,32,47,NonFight,0.682540
carve,train/Train_NonFight/UIsigi4O-sI_0.avi,5,40,55,NonFight,0.225630
carve,train/Train_NonFight/UIsigi4O-sI_0.avi,6,48,63,NonFight,0.181558
carve,train/Train_NonFight/UIsigi4O-sI_0.avi,7,56,71,NonFight,0.099425
carve,train/Train_NonFight/UIsigi4O-sI_0.avi,8,64,79,NonFight,0.067511
carve,train/Train_NonFight/UIsigi4O-sI_0.avi,9,72,87,NonFight,0.115225
carve,train/Train_NonFight/UIsigi4O-sI_0.avi,10,80,95,NonFight,0.298300
carve,train/Train_NonFight/UIsigi4O-sI_0.avi,11,88,103,NonFight,0.359353
carve,train/Train_NonFight/UIsigi4O-sI_0.avi,12,96,111,NonFight,0.572814
carve,train/Train_NonFight/UIsigi4O-sI_0.avi,13,104,119,NonFight,0.352466
carve,train/Train_NonFight/UIsigi4O-sI_0.avi,14,112,127,NonFight,0.064238
carve,train/Train_NonFight/UIsigi4O-sI_0.avi,15,120,135,NonFight,0.031512
carve,train/Train_NonFight/UIsigi4O-sI_0.avi,16,128,143,NonFight,0.034757
carve,train/Train_NonFight/UIsigi4O-sI_1.avi,0,0,15,NonFight,0.040407
carve,train/Train_NonFight/UIsigi4O-sI_1.avi,1,8,23,NonFight,0.044171
carve,train/Train_NonFight/UIsigi4O-sI_1.avi,2,16,31,NonFight,0.076519
carve,train/Train_NonFight/UIsigi4O-sI_1.avi,3,24,39,NonFight,0.360726
carve,train/Train_NonFight/UIsigi4O-sI_1.avi,4,32,47,NonFight,0.620297
carve,train/Train_NonFight/UIsigi4O-sI_1.avi,5,40,55,NonFight,0.180666
carve,train/Train_NonFight/UIsigi4O-sI_1.avi,6,48,63,NonFight,0.083519
carve,train/Train_NonFight/UIsigi4O-sI_1.avi,7,56,71,NonFight,0.014060
carve,train/Train_NonFight/UIsigi4O-sI_1.avi,8,64,79,NonFight,0.013984
carve,train/Train_NonFight/UIsigi4O-sI_1.avi,9,72,87,NonFight,0.018451
carve,train/Train_NonFight/UIsigi4O-sI_1.avi,10,80,95,NonFight,0.012399
carve,train/Train_NonFight/UIsigi4O-sI_1.avi,11,88,103,NonFight,0.007194
carve,train/Train_NonFight/UIsigi4O-sI_1.avi,12,96,111,NonFight,0.008151
carve,train/Train_NonFight/UIsigi4O-sI_1.avi,13,104,119,NonFight,0.001385
carve,train/Train_NonFight/UIsigi4O-sI_1.avi,14,112,127,NonFight,0.002053
carve,train/Train_NonFight/UIsigi4O-sI_1.avi,15,120,135,NonFight,0.003621
carve,train/Train_NonFight/UIsigi4O-sI_1.avi,16,128,143,NonFight,0.045613
carve,train/Train_NonFight/UvLAudRA91Y_0.avi,0,0,15,NonFight,0.000405
carve,train/Train_NonFight/UvLAudRA91Y_0.avi,1,8,23,NonFight,0.000964
carve,train/Train_NonFight/UvLAudRA91Y_0.avi,2,16,31,NonFight,0.002663
carve,train/Train_NonFight/UvLAudRA91Y_0.avi,3,24,39,NonFight,0.002965
carve,train/Train_NonFight/UvLAudRA91Y_0.avi,4,32,47,NonFight,0.004663
carve,train/Train_NonFight/UvLAudRA91Y_0.avi,5,40,55,NonFight,0.005852
carve,train/Train_NonFight/UvLAudRA91Y_0.avi,6,48,63,NonFight,0.011350
carve,train/Train_NonFight/UvLAudRA91Y_0.avi,7,56,71,NonFight,0.012695
carve,train/Train_NonFight/UvLAudRA91Y_0.avi,8,64,79,NonFight,0.007851
carve,train/Train_NonFight/UvLAudRA91Y_0.avi,9,72,87,NonFight,0.002659
carve,train/Train_NonFight/UvLAudRA91Y_0.avi,10,80,95,NonFight,0.001789
carve,train/Train_NonFight/UvLAudRA91Y_0.avi,11,88,103,NonFight,0.001087
carve,train/Train_NonFight/UvLAudRA91Y_0.avi,12,96,111,NonFight,0.003678
carve,train/Train_NonFight/UvLAudRA91Y_0.avi,13,104,119,NonFight,0.006035
carve,train/Train_NonFight/UvLAudRA91Y_0.avi,14,112,127,NonFight,0.001221
carve,train/Train_NonFight/UvLAudRA91Y_0.avi,15,120,135,NonFight,0.000702
carve,train/Train_NonFight/UvLAudRA91Y_0.avi,16,128,143,NonFight,0.000653
carve,train/Train_NonFight/UvLAudRA91Y_1.avi,0,0,15,NonFight,0.000383
carve,train/Train_NonFight/UvLAudRA91Y_1.avi,1,8,23,NonFight,0.000829
carve,train/Train_NonFight/UvLAudRA91Y_1.avi,2,16,31,NonFight,0.001159
carve,train/Train_NonFight/UvLAudRA91Y_1.avi,3,24,39,NonFight,0.001884
carve,train/Train_NonFight/UvLAudRA91Y_1.avi,4,32,47,NonFight,0.002198
carve,train/Train_NonFight/UvLAudRA91Y_1.avi,5,40,55,NonFight,0.003334
carve,train/Train_NonFight/UvLAudRA91Y_1.avi,6,48,63,NonFight,0.004566
carve,train/Train_NonFight/UvLAudRA91Y_1.avi,7,56,71,NonFight,0.003941
carve,train/Train_NonFight/UvLAudRA91Y_1.avi,8,64,79,NonFight,0.004981
carve,train/Train_NonFight/UvLAudRA91Y_1.avi,9,72,87,NonFight,0.002551
carve,train/Train_NonFight/UvLAudRA91Y_1.avi,10,80,95,NonFight,0.001073
carve,train/Train_NonFight/UvLAudRA91Y_1.avi,11,88,103,NonFight,0.000578
carve,train/Train_NonFight/UvLAudRA91Y_1.avi,12,96,111,NonFight,0.000277
carve,train/Train_NonFight/UvLAudRA91Y_1.avi,13,104,119,NonFight,0.002225
carve,train/Train_NonFight/UvLAudRA91Y_1.avi,14,112,127,NonFight,0.003086
carve,train/Train_NonFight/UvLAudRA91Y_1.avi,15,120,135,NonFight,0.002583
carve,train/Train_NonFight/UvLAudRA91Y_1.avi,16,128,143,NonFight,0.002003
carve,train/Train_NonFight/UvLAudRA91Y_2.avi,0,0,15,NonFight,0.000029
carve,train/Train_NonFight/UvLAudRA91Y_2.avi,1,8,23,NonFight,0.000136
carve,train/Train_NonFight/UvLAudRA91Y_2.avi,2,16,31,NonFight,0.000181
carve,train/Train_NonFight/UvLAudRA91Y_2.avi,3,24,39,NonFight,0.000056
carve,train/Train_NonFight/UvLAudRA91Y_2.avi,4,32,47,NonFight,0.000265
carve,train/Train_NonFight/UvLAudRA91Y_2.avi,5,40,55,NonFight,0.000366
carve,train/Train_NonFight/UvLAudRA91Y_2.avi,6,48,63,NonFight,0.000073
carve,train/Train_NonFight/UvLAudRA91Y_2.avi,7,56,71,NonFight,0.000151
carve,train/Train_NonFight/UvLAudRA91Y_2.avi,8,64,79,NonFight,0.000884
carve,train/Train_NonFight/UvLAudRA91Y_2.avi,9,72,87,NonFight,0.003691
carve,train/Train_NonFight/UvLAudRA91Y_2.avi,10,80,95,NonFight,0.001020
carve,train/Train_NonFight/UvLAudRA91Y_2.avi,11,88,103,NonFight,0.000323
carve,train/Train_NonFight/UvLAudRA91Y_2.avi,12,96,111,NonFight,0.000137
carve,train/Train_NonFight/UvLAudRA91Y_2.avi,13,104,119,NonFight,0.000098
carve,train/Train_NonFight/UvLAudRA91Y_2.avi,14,112,127,NonFight,0.000033
carve,train/Train_NonFight/UvLAudRA91Y_2.avi,15,120,135,NonFight,0.000053
carve,train/Train_NonFight/UvLAudRA91Y_2.avi,16,128,143,NonFight,0.000671
carve,train/Train_NonFight/VXLdrn0b_0.avi,0,0,15,NonFight,0.002582
carve,train/Train_NonFight/VXLdrn0b_0.avi,1,8,23,NonFight,0.004831
carve,train/Train_NonFight/VXLdrn0b_0.avi,2,16,31,NonFight,0.001302
carve,train/Train_NonFight/VXLdrn0b_0.avi,3,24,39,NonFight,0.000859
carve,train/Train_NonFight/VXLdrn0b_0.avi,4,32,47,NonFight,0.000138
carve,train/Train_NonFight/VXLdrn0b_0.avi,5,40,55,NonFight,0.000090
carve,train/Train_NonFight/VXLdrn0b_0.avi,6,48,63,NonFight,0.000131
carve,train/Train_NonFight/VXLdrn0b_0.avi,7,56,71,NonFight,0.000145
carve,train/Train_NonFight/VXLdrn0b_0.avi,8,64,79,NonFight,0.000106
carve,train/Train_NonFight/VXLdrn0b_0.avi,9,72,87,NonFight,0.000205
carve,train/Train_NonFight/VXLdrn0b_0.avi,10,80,95,NonFight,0.000456
carve,train/Train_NonFight/VXLdrn0b_0.avi,11,88,103,NonFight,0.000818
carve,train/Train_NonFight/VXLdrn0b_0.avi,12,96,111,NonFight,0.000710
carve,train/Train_NonFight/VXLdrn0b_0.avi,13,104,119,NonFight,0.001050
carve,train/Train_NonFight/VXLdrn0b_0.avi,14,112,127,NonFight,0.000492
carve,train/Train_NonFight/VXLdrn0b_0.avi,15,120,135,NonFight,0.004066
carve,train/Train_NonFight/VXLdrn0b_0.avi,16,128,143,NonFight,0.003520
carve,train/Train_NonFight/WCHYnPMG_0.avi,0,0,15,NonFight,0.002081
carve,train/Train_NonFight/WCHYnPMG_0.avi,1,8,23,NonFight,0.002162
carve,train/Train_NonFight/WCHYnPMG_0.avi,2,16,31,NonFight,0.001604
carve,train/Train_NonFight/WCHYnPMG_0.avi,3,24,39,NonFight,0.003460
carve,train/Train_NonFight/WCHYnPMG_0.avi,4,32,47,NonFight,0.003067
carve,train/Train_NonFight/WCHYnPMG_0.avi,5,40,55,NonFight,0.003088
carve,train/Train_NonFight/WCHYnPMG_0.avi,6,48,63,NonFight,0.002899
carve,train/Train_NonFight/WCHYnPMG_0.avi,7,56,71,NonFight,0.004458
carve,train/Train_NonFight/WCHYnPMG_0.avi,8,64,79,NonFight,0.004217
carve,train/Train_NonFight/WCHYnPMG_0.avi,9,72,87,NonFight,0.004534
carve,train/Train_NonFight/WCHYnPMG_0.avi,10,80,95,NonFight,0.004935
carve,train/Train_NonFight/WCHYnPMG_0.avi,11,88,103,NonFight,0.008838
carve,train/Train_NonFight/WCHYnPMG_0.avi,12,96,111,NonFight,0.006320
carve,train/Train_NonFight/WCHYnPMG_0.avi,13,104,119,NonFight,0.005102
carve,train/Train_NonFight/WCHYnPMG_0.avi,14,112,127,NonFight,0.003667
carve,train/Train_NonFight/WCHYnPMG_0.avi,15,120,135,NonFight,0.003535
carve,train/Train_NonFight/WCHYnPMG_0.avi,16,128,143,NonFight,0.002107
carve,train/Train_NonFight/X3mPJLe9_0.avi,0,0,15,NonFight,0.000598
carve,train/Train_NonFight/X3mPJLe9_0.avi,1,8,23,NonFight,0.000244
carve,train/Train_NonFight/X3mPJLe9_0.avi,2,16,31,NonFight,0.000273
carve,train/Train_NonFight/X3mPJLe9_0.avi,3,24,39,NonFight,0.000121
carve,train/Train_NonFight/X3mPJLe9_0.avi,4,32,47,NonFight,0.000229
carve,train/Train_NonFight/X3mPJLe9_0.avi,5,40,55,NonFight,0.000380
carve,train/Train_NonFight/X3mPJLe9_0.avi,6,48,63,NonFight,0.000906
carve,train/Train_NonFight/X3mPJLe9_0.avi,7,56,71,NonFight,0.000876
carve,train/Train_NonFight/X3mPJLe9_0.avi,8,64,79,NonFight,0.000708
carve,train/Train_NonFight/X3mPJLe9_0.avi,9,72,87,NonFight,0.000410
carve,train/Train_NonFight/X3mPJLe9_0.avi,10,80,95,NonFight,0.000519
carve,train/Train_NonFight/X3mPJLe9_0.avi,11,88,103,NonFight,0.001574
carve,train/Train_NonFight/X3mPJLe9_0.avi,12,96,111,NonFight,0.001050
carve,train/Train_NonFight/X3mPJLe9_0.avi,13,104,119,NonFight,0.001501
carve,train/Train_NonFight/X3mPJLe9_0.avi,14,112,127,NonFight,0.001294
carve,train/Train_NonFight/X3mPJLe9_0.avi,15,120,135,NonFight,0.001282
carve,train/Train_NonFight/X3mPJLe9_0.avi,16,128,143,NonFight,0.001461
carve,train/Train_NonFight/XQR0CvyY_0.avi,0,0,15,NonFight,0.000253
carve,train/Train_NonFight/XQR0CvyY_0.avi,1,8,23,NonFight,0.000049
carve,train/Train_NonFight/XQR0CvyY_0.avi,2,16,31,NonFight,0.000098
carve,train/Train_NonFight/XQR0CvyY_0.avi,3,24,39,NonFight,0.000021
carve,train/Train_NonFight/XQR0CvyY_0.avi,4,32,47,NonFight,0.000008
carve,train/Train_NonFight/XQR0CvyY_0.avi,5,40,55,NonFight,0.000018
carve,train/Train_NonFight/XQR0CvyY_0.avi,6,48,63,NonFight,0.000035
carve,train/Train_NonFight/XQR0CvyY_0.avi,7,56,71,NonFight,0.000121
carve,train/Train_NonFight/XQR0CvyY_0.avi,8,64,79,NonFight,0.000215
carve,train/Train_NonFight/XQR0CvyY_0.avi,9,72,87,NonFight,0.000259
carve,train/Train_NonFight/XQR0CvyY_0.avi,10,80,95,NonFight,0.000144
carve,train/Train_NonFight/XQR0CvyY_0.avi,11,88,103,NonFight,0.000221
carve,train/Train_NonFight/XQR0CvyY_0.avi,12,96,111,NonFight,0.000115
carve,train/Train_NonFight/XQR0CvyY_0.avi,13,104,119,NonFight,0.000101
carve,train/Train_NonFight/XQR0CvyY_0.avi,14,112,127,NonFight,0.000225
carve,train/Train_NonFight/XQR0CvyY_0.avi,15,120,135,NonFight,0.000412
carve,train/Train_NonFight/XQR0CvyY_0.avi,16,128,143,NonFight,0.000950
carve,train/Train_NonFight/XQR0CvyY_1.avi,0,0,15,NonFight,0.004178
carve,train/Train_NonFight/XQR0CvyY_1.avi,1,8,23,NonFight,0.003978
carve,train/Train_NonFight/XQR0CvyY_1.avi,2,16,31,NonFight,0.004373
carve,train/Train_NonFight/XQR0CvyY_1.avi,3,24,39,NonFight,0.003472
carve,train/Train_NonFight/XQR0CvyY_1.avi,4,32,47,NonFight,0.003617
carve,train/Train_NonFight/XQR0CvyY_1.avi,5,40,55,NonFight,0.003167
carve,train/Train_NonFight/XQR0CvyY_1.avi,6,48,63,NonFight,0.002896
carve,train/Train_NonFight/XQR0CvyY_1.avi,7,56,71,NonFight,0.003172
carve,train/Train_NonFight/XQR0CvyY_1.avi,8,64,79,NonFight,0.003620
carve,train/Train_NonFight/XQR0CvyY_1.avi,9,72,87,NonFight,0.002258
carve,train/Train_NonFight/XQR0CvyY_1.avi,10,80,95,NonFight,0.002034
carve,train/Train_NonFight/XQR0CvyY_1.avi,11,88,103,NonFight,0.000781
carve,train/Train_NonFight/XQR0CvyY_1.avi,12,96,111,NonFight,0.001091
carve,train/Train_NonFight/XQR0CvyY_1.avi,13,104,119,NonFight,0.001100
carve,train/Train_NonFight/XQR0CvyY_1.avi,14,112,127,NonFight,0.000612
carve,train/Train_NonFight/XQR0CvyY_1.avi,15,120,135,NonFight,0.000541
carve,train/Train_NonFight/XQR0CvyY_1.avi,16,128,143,NonFight,0.000508
carve,train/Train_NonFight/Y1y9Gxs6_0.avi,0,0,15,NonFight,0.010765
carve,train/Train_NonFight/Y1y9Gxs6_0.avi,1,8,23,NonFight,0.008322
carve,train/Train_NonFight/Y1y9Gxs6_0.avi,2,16,31,NonFight,0.008300
carve,train/Train_NonFight/Y1y9Gxs6_0.avi,3,24,39,NonFight,0.007917
carve,train/Train_NonFight/Y1y9Gxs6_0.avi,4,32,47,NonFight,0.006129
carve,train/Train_NonFight/Y1y9Gxs6_0.avi,5,40,55,NonFight,0.008205
carve,train/Train_NonFight/Y1y9Gxs6_0.avi,6,48,63,NonFight,0.008482
carve,train/Train_NonFight/Y1y9Gxs6_0.avi,7,56,71,NonFight,0.008822
carve,train/Train_NonFight/Y1y9Gxs6_0.avi,8,64,79,NonFight,0.009113
carve,train/Train_NonFight/Y1y9Gxs6_0.avi,9,72,87,NonFight,0.006239
carve,train/Train_NonFight/Y1y9Gxs6_0.avi,10,80,95,NonFight,0.004715
carve,train/Train_NonFight/Y1y9Gxs6_0.avi,11,88,103,NonFight,0.006038
carve,train/Train_NonFight/Y1y9Gxs6_0.avi,12,96,111,NonFight,0.011522
carve,train/Train_NonFight/Y1y9Gxs6_0.avi,13,104,119,NonFight,0.011427
carve,train/Train_NonFight/Y1y9Gxs6_0.avi,14,112,127,NonFight,0.006763
carve,train/Train_NonFight/Y1y9Gxs6_0.avi,15,120,135,NonFight,0.004159
carve,train/Train_NonFight/Y1y9Gxs6_0.avi,16,128,143,NonFight,0.003082
carve,train/Train_NonFight/YJvuxdWs_0.avi,0,0,15,NonFight,0.000740
carve,train/Train_NonFight/YJvuxdWs_0.avi,1,8,23,NonFight,0.000792
carve,train/Train_NonFight/YJvuxdWs_0.avi,2,16,31,NonFight,0.000741
carve,train/Train_NonFight/YJvuxdWs_0.avi,3,24,39,NonFight,0.000761
carve,train/Train_NonFight/YJvuxdWs_0.avi,4,32,47,NonFight,0.000560
carve,train/Train_NonFight/YJvuxdWs_0.avi,5,40,55,NonFight,0.000788
carve,train/Train_NonFight/YJvuxdWs_0.avi,6,48,63,NonFight,0.000707
carve,train/Train_NonFight/YJvuxdWs_0.avi,7,56,71,NonFight,0.000815
carve,train/Train_NonFight/YJvuxdWs_0.avi,8,64,79,NonFight,0.000946
carve,train/Train_NonFight/YJvuxdWs_0.avi,9,72,87,NonFight,0.001121
carve,train/Train_NonFight/YJvuxdWs_0.avi,10,80,95,NonFight,0.000947
carve,train/Train_NonFight/YJvuxdWs_0.avi,11,88,103,NonFight,0.000866
carve,train/Train_NonFight/YJvuxdWs_0.avi,12,96,111,NonFight,0.000921
carve,train/Train_NonFight/YJvuxdWs_0.avi,13,104,119,NonFight,0.000828
carve,train/Train_NonFight/YJvuxdWs_0.avi,14,112,127,NonFight,0.000762
carve,train/Train_NonFight/YJvuxdWs_0.avi,15,120,135,NonFight,0.000663
carve,train/Train_NonFight/YJvuxdWs_0.avi,16,128,143,NonFight,0.000500
carve,train/Train_NonFight/Yw7Ip3VS_0.avi,0,0,15,NonFight,0.009601
carve,train/Train_NonFight/Yw7Ip3VS_0.avi,1,8,23,NonFight,0.007419
carve,train/Train_NonFight/Yw7Ip3VS_0.avi,2,16,31,NonFight,0.009006
carve,train/Train_NonFight/Yw7Ip3VS_0.avi,3,24,39,NonFight,0.011559
carve,train/Train_NonFight/Yw7Ip3VS_0.avi,4,32,47,NonFight,0.010401
carve,train/Train_NonFight/Yw7Ip3VS_0.avi,5,40,55,NonFight,0.009216
carve,train/Train_NonFight/Yw7Ip3VS_0.avi,6,48,63,NonFight,0.010525
carve,train/Train_NonFight/Yw7Ip3VS_0.avi,7,56,71,NonFight,0.017654
carve,train/Train_NonFight/Yw7Ip3VS_0.avi,8,64,79,NonFight,0.014816
carve,train/Train_NonFight/Yw7Ip3VS_0.avi,9,72,87,NonFight,0.008750
carve,train/Train_NonFight/Yw7Ip3VS_0.avi,10,80,95,NonFight,0.005581
carve,train/Train_NonFight/Yw7Ip3VS_0.avi,11,88,103,NonFight,0.003869
carve,train/Train_NonFight/Yw7Ip3VS_0.avi,12,96,111,NonFight,0.003165
carve,train/Train_NonFight/Yw7Ip3VS_0.avi,13,104,119,NonFight,0.002001
carve,train/Train_NonFight/Yw7Ip3VS_0.avi,14,112,127,NonFight,0.004963
carve,train/Train_NonFight/Yw7Ip3VS_0.avi,15,120,135,NonFight,0.006846
carve,train/Train_NonFight/Yw7Ip3VS_0.avi,16,128,143,NonFight,0.010845
carve,train/Train_NonFight/a39igxDY_0.avi,0,0,15,NonFight,0.007704
carve,train/Train_NonFight/a39igxDY_0.avi,1,8,23,NonFight,0.007097
carve,train/Train_NonFight/a39igxDY_0.avi,2,16,31,NonFight,0.005809
carve,train/Train_NonFight/a39igxDY_0.avi,3,24,39,NonFight,0.006998
carve,train/Train_NonFight/a39igxDY_0.avi,4,32,47,NonFight,0.006875
carve,train/Train_NonFight/a39igxDY_0.avi,5,40,55,NonFight,0.007291
carve,train/Train_NonFight/a39igxDY_0.avi,6,48,63,NonFight,0.006965
carve,train/Train_NonFight/a39igxDY_0.avi,7,56,71,NonFight,0.006422
carve,train/Train_NonFight/a39igxDY_0.avi,8,64,79,NonFight,0.007243
carve,train/Train_NonFight/a39igxDY_0.avi,9,72,87,NonFight,0.006311
carve,train/Train_NonFight/a39igxDY_0.avi,10,80,95,NonFight,0.006240
carve,train/Train_NonFight/a39igxDY_0.avi,11,88,103,NonFight,0.005561
carve,train/Train_NonFight/a39igxDY_0.avi,12,96,111,NonFight,0.006209
carve,train/Train_NonFight/a39igxDY_0.avi,13,104,119,NonFight,0.006353
carve,train/Train_NonFight/a39igxDY_0.avi,14,112,127,NonFight,0.006459
carve,train/Train_NonFight/a39igxDY_0.avi,15,120,135,NonFight,0.006036
carve,train/Train_NonFight/a39igxDY_0.avi,16,128,143,NonFight,0.006102
carve,train/Train_NonFight/aRvWjteA_0.avi,0,0,15,NonFight,0.000137
carve,train/Train_NonFight/aRvWjteA_0.avi,1,8,23,NonFight,0.000123
carve,train/Train_NonFight/aRvWjteA_0.avi,2,16,31,NonFight,0.000109
carve,train/Train_NonFight/aRvWjteA_0.avi,3,24,39,NonFight,0.000073
carve,train/Train_NonFight/aRvWjteA_0.avi,4,32,47,NonFight,0.000129
carve,train/Train_NonFight/aRvWjteA_0.avi,5,40,55,NonFight,0.000137
carve,train/Train_NonFight/aRvWjteA_0.avi,6,48,63,NonFight,0.000118
carve,train/Train_NonFight/aRvWjteA_0.avi,7,56,71,NonFight,0.000118
carve,train/Train_NonFight/aRvWjteA_0.avi,8,64,79,NonFight,0.000103
carve,train/Train_NonFight/aRvWjteA_0.avi,9,72,87,NonFight,0.000077
carve,train/Train_NonFight/aRvWjteA_0.avi,10,80,95,NonFight,0.000054
carve,train/Train_NonFight/aRvWjteA_0.avi,11,88,103,NonFight,0.000052
carve,train/Train_NonFight/aRvWjteA_0.avi,12,96,111,NonFight,0.000084
carve,train/Train_NonFight/aRvWjteA_0.avi,13,104,119,NonFight,0.000068
carve,train/Train_NonFight/aRvWjteA_0.avi,14,112,127,NonFight,0.000049
carve,train/Train_NonFight/aRvWjteA_0.avi,15,120,135,NonFight,0.000047
carve,train/Train_NonFight/aRvWjteA_0.avi,16,128,143,NonFight,0.000034
carve,train/Train_NonFight/aoFX2ZCB_0.avi,0,0,15,NonFight,0.001403
carve,train/Train_NonFight/aoFX2ZCB_0.avi,1,8,23,NonFight,0.005250
carve,train/Train_NonFight/aoFX2ZCB_0.avi,2,16,31,NonFight,0.002844
carve,train/Train_NonFight/aoFX2ZCB_0.avi,3,24,39,NonFight,0.001652
carve,train/Train_NonFight/aoFX2ZCB_0.avi,4,32,47,NonFight,0.000844
carve,train/Train_NonFight/aoFX2ZCB_0.avi,5,40,55,NonFight,0.000736
carve,train/Train_NonFight/aoFX2ZCB_0.avi,6,48,63,NonFight,0.002597
carve,train/Train_NonFight/aoFX2ZCB_0.avi,7,56,71,NonFight,0.005517
carve,train/Train_NonFight/aoFX2ZCB_0.avi,8,64,79,NonFight,0.004017
carve,train/Train_NonFight/aoFX2ZCB_0.avi,9,72,87,NonFight,0.001777
carve,train/Train_NonFight/aoFX2ZCB_0.avi,10,80,95,NonFight,0.004031
carve,train/Train_NonFight/aoFX2ZCB_0.avi,11,88,103,NonFight,0.026744
carve,train/Train_NonFight/aoFX2ZCB_0.avi,12,96,111,NonFight,0.018247
carve,train/Train_NonFight/aoFX2ZCB_0.avi,13,104,119,NonFight,0.004078
carve,train/Train_NonFight/aoFX2ZCB_0.avi,14,112,127,NonFight,0.001787
carve,train/Train_NonFight/aoFX2ZCB_0.avi,15,120,135,NonFight,0.002084
carve,train/Train_NonFight/aoFX2ZCB_0.avi,16,128,143,NonFight,0.000714
carve,train/Train_NonFight/cLsPLNQn_0.avi,0,0,15,NonFight,0.010996
carve,train/Train_NonFight/cLsPLNQn_0.avi,1,8,23,NonFight,0.008774
carve,train/Train_NonFight/cLsPLNQn_0.avi,2,16,31,NonFight,0.009764
carve,train/Train_NonFight/cLsPLNQn_0.avi,3,24,39,NonFight,0.010159
carve,train/Train_NonFight/cLsPLNQn_0.avi,4,32,47,NonFight,0.010285
carve,train/Train_NonFight/cLsPLNQn_0.avi,5,40,55,NonFight,0.008580
carve,train/Train_NonFight/cLsPLNQn_0.avi,6,48,63,NonFight,0.007366
carve,train/Train_NonFight/cLsPLNQn_0.avi,7,56,71,NonFight,0.006942
carve,train/Train_NonFight/cLsPLNQn_0.avi,8,64,79,NonFight,0.009694
carve,train/Train_NonFight/cLsPLNQn_0.avi,9,72,87,NonFight,0.009240
carve,train/Train_NonFight/cLsPLNQn_0.avi,10,80,95,NonFight,0.009246
carve,train/Train_NonFight/cLsPLNQn_0.avi,11,88,103,NonFight,0.008254
carve,train/Train_NonFight/cLsPLNQn_0.avi,12,96,111,NonFight,0.007527
carve,train/Train_NonFight/cLsPLNQn_0.avi,13,104,119,NonFight,0.007136
carve,train/Train_NonFight/cLsPLNQn_0.avi,14,112,127,NonFight,0.008399
carve,train/Train_NonFight/cLsPLNQn_0.avi,15,120,135,NonFight,0.009182
carve,train/Train_NonFight/cLsPLNQn_0.avi,16,128,143,NonFight,0.008607
carve,train/Train_NonFight/cqP8OyUh_0.avi,0,0,15,NonFight,0.000152
carve,train/Train_NonFight/cqP8OyUh_0.avi,1,8,23,NonFight,0.000292
carve,train/Train_NonFight/cqP8OyUh_0.avi,2,16,31,NonFight,0.000225
carve,train/Train_NonFight/cqP8OyUh_0.avi,3,24,39,NonFight,0.000408
carve,train/Train_NonFight/cqP8OyUh_0.avi,4,32,47,NonFight,0.000371
carve,train/Train_NonFight/cqP8OyUh_0.avi,5,40,55,NonFight,0.000310
carve,train/Train_NonFight/cqP8OyUh_0.avi,6,48,63,NonFight,0.000475
carve,train/Train_NonFight/cqP8OyUh_0.avi,7,56,71,NonFight,0.001081
carve,train/Train_NonFight/cqP8OyUh_0.avi,8,64,79,NonFight,0.000989
carve,train/Train_NonFight/cqP8OyUh_0.avi,9,72,87,NonFight,0.000189
carve,train/Train_NonFight/cqP8OyUh_0.avi,10,80,95,NonFight,0.000051
carve,train/Train_NonFight/cqP8OyUh_0.avi,11,88,103,NonFight,0.000094
carve,train/Train_NonFight/cqP8OyUh_0.avi,12,96,111,NonFight,0.000017
carve,train/Train_NonFight/cqP8OyUh_0.avi,13,104,119,NonFight,0.000056
carve,train/Train_NonFight/cqP8OyUh_0.avi,14,112,127,NonFight,0.000035
carve,train/Train_NonFight/cqP8OyUh_0.avi,15,120,135,NonFight,0.000010
carve,train/Train_NonFight/cqP8OyUh_0.avi,16,128,143,NonFight,0.000004
carve,train/Train_NonFight/dkTzP0SB_0.avi,0,0,15,NonFight,0.001911
carve,train/Train_NonFight/dkTzP0SB_0.avi,1,8,23,NonFight,0.001915
carve,train/Train_NonFight/dkTzP0SB_0.avi,2,16,31,NonFight,0.000618
carve,train/Train_NonFight/dkTzP0SB_0.avi,3,24,39,NonFight,0.000331
carve,train/Train_NonFight/dkTzP0SB_0.avi,4,32,47,NonFight,0.001763
carve,train/Train_NonFight/dkTzP0SB_0.avi,5,40,55,NonFight,0.000259
carve,train/Train_NonFight/dkTzP0SB_0.avi,6,48,63,NonFight,0.000061
carve,train/Train_NonFight/dkTzP0SB_0.avi,7,56,71,NonFight,0.000535
carve,train/Train_NonFight/dkTzP0SB_0.avi,8,64,79,NonFight,0.000541
carve,train/Train_NonFight/dkTzP0SB_0.avi,9,72,87,NonFight,0.000906
carve,train/Train_NonFight/dkTzP0SB_0.avi,10,80,95,NonFight,0.000449
carve,train/Train_NonFight/dkTzP0SB_0.avi,11,88,103,NonFight,0.000300
carve,train/Train_NonFight/dkTzP0SB_0.avi,12,96,111,NonFight,0.000483
carve,train/Train_NonFight/dkTzP0SB_0.avi,13,104,119,NonFight,0.000144
carve,train/Train_NonFight/dkTzP0SB_0.avi,14,112,127,NonFight,0.000077
carve,train/Train_NonFight/dkTzP0SB_0.avi,15,120,135,NonFight,0.000128
carve,train/Train_NonFight/dkTzP0SB_0.avi,16,128,143,NonFight,0.000065
carve,train/Train_NonFight/dt8YUGoOSgQ_0.avi,0,0,15,NonFight,0.010560
carve,train/Train_NonFight/dt8YUGoOSgQ_0.avi,1,8,23,NonFight,0.018059
carve,train/Train_NonFight/dt8YUGoOSgQ_0.avi,2,16,31,NonFight,0.014379
carve,train/Train_NonFight/dt8YUGoOSgQ_0.avi,3,24,39,NonFight,0.012602
carve,train/Train_NonFight/dt8YUGoOSgQ_0.avi,4,32,47,NonFight,0.010313
carve,train/Train_NonFight/dt8YUGoOSgQ_0.avi,5,40,55,NonFight,0.010331
carve,train/Train_NonFight/dt8YUGoOSgQ_0.avi,6,48,63,NonFight,0.006991
carve,train/Train_NonFight/dt8YUGoOSgQ_0.avi,7,56,71,NonFight,0.004423
carve,train/Train_NonFight/dt8YUGoOSgQ_0.avi,8,64,79,NonFight,0.011334
carve,train/Train_NonFight/dt8YUGoOSgQ_0.avi,9,72,87,NonFight,0.014708
carve,train/Train_NonFight/dt8YUGoOSgQ_0.avi,10,80,95,NonFight,0.013049
carve,train/Train_NonFight/dt8YUGoOSgQ_0.avi,11,88,103,NonFight,0.012510
carve,train/Train_NonFight/dt8YUGoOSgQ_0.avi,12,96,111,NonFight,0.017668
carve,train/Train_NonFight/dt8YUGoOSgQ_0.avi,13,104,119,NonFight,0.020084
carve,train/Train_NonFight/dt8YUGoOSgQ_0.avi,14,112,127,NonFight,0.031576
carve,train/Train_NonFight/dt8YUGoOSgQ_0.avi,15,120,135,NonFight,0.030910
carve,train/Train_NonFight/dt8YUGoOSgQ_0.avi,16,128,143,NonFight,0.057231
carve,train/Train_NonFight/dt8YUGoOSgQ_1.avi,0,0,15,NonFight,0.010546
carve,train/Train_NonFight/dt8YUGoOSgQ_1.avi,1,8,23,NonFight,0.009171
carve,train/Train_NonFight/dt8YUGoOSgQ_1.avi,2,16,31,NonFight,0.007990
carve,train/Train_NonFight/dt8YUGoOSgQ_1.avi,3,24,39,NonFight,0.014719
carve,train/Train_NonFight/dt8YUGoOSgQ_1.avi,4,32,47,NonFight,0.007525
carve,train/Train_NonFight/dt8YUGoOSgQ_1.avi,5,40,55,NonFight,0.009464
carve,train/Train_NonFight/dt8YUGoOSgQ_1.avi,6,48,63,NonFight,0.003739
carve,train/Train_NonFight/dt8YUGoOSgQ_1.avi,7,56,71,NonFight,0.003070
carve,train/Train_NonFight/dt8YUGoOSgQ_1.avi,8,64,79,NonFight,0.002349
carve,train/Train_NonFight/dt8YUGoOSgQ_1.avi,9,72,87,NonFight,0.023385
carve,train/Train_NonFight/dt8YUGoOSgQ_1.avi,10,80,95,NonFight,0.112082
carve,train/Train_NonFight/dt8YUGoOSgQ_1.avi,11,88,103,NonFight,0.029821
carve,train/Train_NonFight/dt8YUGoOSgQ_1.avi,12,96,111,NonFight,0.017373
carve,train/Train_NonFight/dt8YUGoOSgQ_1.avi,13,104,119,NonFight,0.026560
carve,train/Train_NonFight/dt8YUGoOSgQ_1.avi,14,112,127,NonFight,0.051187
carve,train/Train_NonFight/dt8YUGoOSgQ_1.avi,15,120,135,NonFight,0.052566
carve,train/Train_NonFight/dt8YUGoOSgQ_1.avi,16,128,143,NonFight,0.043558
carve,train/Train_NonFight/e4U3gEDEB58_0.avi,0,0,15,NonFight,0.103220
carve,train/Train_NonFight/e4U3gEDEB58_0.avi,1,8,23,NonFight,0.094418
carve,train/Train_NonFight/e4U3gEDEB58_0.avi,2,16,31,NonFight,0.072238
carve,train/Train_NonFight/e4U3gEDEB58_0.avi,3,24,39,NonFight,0.059108
carve,train/Train_NonFight/e4U3gEDEB58_0.avi,4,32,47,NonFight,0.112473
carve,train/Train_NonFight/e4U3gEDEB58_0.avi,5,40,55,NonFight,0.082331
carve,train/Train_NonFight/e4U3gEDEB58_0.avi,6,48,63,NonFight,0.049457
carve,train/Train_NonFight/e4U3gEDEB58_0.avi,7,56,71,NonFight,0.093545
carve,train/Train_NonFight/e4U3gEDEB58_0.avi,8,64,79,NonFight,0.050494
carve,train/Train_NonFight/e4U3gEDEB58_0.avi,9,72,87,NonFight,0.081159
carve,train/Train_NonFight/e4U3gEDEB58_0.avi,10,80,95,NonFight,0.057912
carve,train/Train_NonFight/e4U3gEDEB58_0.avi,11,88,103,NonFight,0.033207
carve,train/Train_NonFight/e4U3gEDEB58_0.avi,12,96,111,NonFight,0.025868
carve,train/Train_NonFight/e4U3gEDEB58_0.avi,13,104,119,NonFight,0.019425
carve,train/Train_NonFight/e4U3gEDEB58_0.avi,14,112,127,NonFight,0.016961
carve,train/Train_NonFight/e4U3gEDEB58_0.avi,15,120,135,NonFight,0.038948
carve,train/Train_NonFight/e4U3gEDEB58_0.avi,16,128,143,NonFight,0.057028
carve,train/Train_NonFight/e7tarNsO_0.avi,0,0,15,NonFight,0.000201
carve,train/Train_NonFight/e7tarNsO_0.avi,1,8,23,NonFight,0.000235
carve,train/Train_NonFight/e7tarNsO_0.avi,2,16,31,NonFight,0.000324
carve,train/Train_NonFight/e7tarNsO_0.avi,3,24,39,NonFight,0.000332
carve,train/Train_NonFight/e7tarNsO_0.avi,4,32,47,NonFight,0.000164
carve,train/Train_NonFight/e7tarNsO_0.avi,5,40,55,NonFight,0.000173
carve,train/Train_NonFight/e7tarNsO_0.avi,6,48,63,NonFight,0.000208
carve,train/Train_NonFight/e7tarNsO_0.avi,7,56,71,NonFight,0.000290
carve,train/Train_NonFight/e7tarNsO_0.avi,8,64,79,NonFight,0.000329
carve,train/Train_NonFight/e7tarNsO_0.avi,9,72,87,NonFight,0.000238
carve,train/Train_NonFight/e7tarNsO_0.avi,10,80,95,NonFight,0.000312
carve,train/Train_NonFight/e7tarNsO_0.avi,11,88,103,NonFight,0.000487
carve,train/Train_NonFight/e7tarNsO_0.avi,12,96,111,NonFight,0.000407
carve,train/Train_NonFight/e7tarNsO_0.avi,13,104,119,NonFight,0.000413
carve,train/Train_NonFight/e7tarNsO_0.avi,14,112,127,NonFight,0.000589
carve,train/Train_NonFight/e7tarNsO_0.avi,15,120,135,NonFight,0.000745
carve,train/Train_NonFight/e7tarNsO_0.avi,16,128,143,NonFight,0.000800
carve,train/Train_NonFight/f9jcrHqO_0.avi,0,0,15,NonFight,0.119545
carve,train/Train_NonFight/f9jcrHqO_0.avi,1,8,23,NonFight,0.120742
carve,train/Train_NonFight/f9jcrHqO_0.avi,2,16,31,NonFight,0.126864
carve,train/Train_NonFight/f9jcrHqO_0.avi,3,24,39,NonFight,0.120518
carve,train/Train_NonFight/f9jcrHqO_0.avi,4,32,47,NonFight,0.008544
carve,train/Train_NonFight/f9jcrHqO_0.avi,5,40,55,NonFight,0.003582
carve,train/Train_NonFight/f9jcrHqO_0.avi,6,48,63,NonFight,0.000451
carve,train/Train_NonFight/f9jcrHqO_0.avi,7,56,71,NonFight,0.000090
carve,train/Train_NonFight/f9jcrHqO_0.avi,8,64,79,NonFight,0.000137
carve,train/Train_NonFight/f9jcrHqO_0.avi,9,72,87,NonFight,0.000054
carve,train/Train_NonFight/f9jcrHqO_0.avi,10,80,95,NonFight,0.000052
carve,train/Train_NonFight/f9jcrHqO_0.avi,11,88,103,NonFight,0.000040
carve,train/Train_NonFight/f9jcrHqO_0.avi,12,96,111,NonFight,0.000192
carve,train/Train_NonFight/f9jcrHqO_0.avi,13,104,119,NonFight,0.000193
carve,train/Train_NonFight/f9jcrHqO_0.avi,14,112,127,NonFight,0.000264
carve,train/Train_NonFight/f9jcrHqO_0.avi,15,120,135,NonFight,0.000045
carve,train/Train_NonFight/f9jcrHqO_0.avi,16,128,143,NonFight,0.000162
carve,train/Train_NonFight/fJMvC8TV_0.avi,0,0,15,NonFight,0.013958
carve,train/Train_NonFight/fJMvC8TV_0.avi,1,8,23,NonFight,0.014472
carve,train/Train_NonFight/fJMvC8TV_0.avi,2,16,31,NonFight,0.016453
carve,train/Train_NonFight/fJMvC8TV_0.avi,3,24,39,NonFight,0.017719
carve,train/Train_NonFight/fJMvC8TV_0.avi,4,32,47,NonFight,0.020382
carve,train/Train_NonFight/fJMvC8TV_0.avi,5,40,55,NonFight,0.018248
carve,train/Train_NonFight/fJMvC8TV_0.avi,6,48,63,NonFight,0.017866
carve,train/Train_NonFight/fJMvC8TV_0.avi,7,56,71,NonFight,0.013443
carve,train/Train_NonFight/fJMvC8TV_0.avi,8,64,79,NonFight,0.007791
carve,train/Train_NonFight/fJMvC8TV_0.avi,9,72,87,NonFight,0.010936
carve,train/Train_NonFight/fJMvC8TV_0.avi,10,80,95,NonFight,0.012847
carve,train/Train_NonFight/fJMvC8TV_0.avi,11,88,103,NonFight,0.013458
carve,train/Train_NonFight/fJMvC8TV_0.avi,12,96,111,NonFight,0.013176
carve,train/Train_NonFight/fJMvC8TV_0.avi,13,104,119,NonFight,0.011650
carve,train/Train_NonFight/fJMvC8TV_0.avi,14,112,127,NonFight,0.009037
carve,train/Train_NonFight/fJMvC8TV_0.avi,15,120,135,NonFight,0.011798
carve,train/Train_NonFight/fJMvC8TV_0.avi,16,128,143,NonFight,0.015033
carve,train/Train_NonFight/fJkWWpNB_0.avi,0,0,15,NonFight,0.000028
carve,train/Train_NonFight/fJkWWpNB_0.avi,1,8,23,NonFight,0.000023
carve,train/Train_NonFight/fJkWWpNB_0.avi,2,16,31,NonFight,0.000018
carve,train/Train_NonFight/fJkWWpNB_0.avi,3,24,39,NonFight,0.000014
carve,train/Train_NonFight/fJkWWpNB_0.avi,4,32,47,NonFight,0.000045
carve,train/Train_NonFight/fJkWWpNB_0.avi,5,40,55,NonFight,0.000021
carve,train/Train_NonFight/fJkWWpNB_0.avi,6,48,63,NonFight,0.000006
carve,train/Train_NonFight/fJkWWpNB_0.avi,7,56,71,NonFight,0.000008
carve,train/Train_NonFight/fJkWWpNB_0.avi,8,64,79,NonFight,0.000002
carve,train/Train_NonFight/fJkWWpNB_0.avi,9,72,87,NonFight,0.000005
carve,train/Train_NonFight/fJkWWpNB_0.avi,10,80,95,NonFight,0.000024
carve,train/Train_NonFight/fJkWWpNB_0.avi,11,88,103,NonFight,0.000122
carve,train/Train_NonFight/fJkWWpNB_0.avi,12,96,111,NonFight,0.000067
carve,train/Train_NonFight/fJkWWpNB_0.avi,13,104,119,NonFight,0.000033
carve,train/Train_NonFight/fJkWWpNB_0.avi,14,112,127,NonFight,0.000040
carve,train/Train_NonFight/fJkWWpNB_0.avi,15,120,135,NonFight,0.000015
carve,train/Train_NonFight/fJkWWpNB_0.avi,16,128,143,NonFight,0.000009
carve,train/Train_NonFight/gSmdNZya_0.avi,0,0,15,NonFight,0.002124
carve,train/Train_NonFight/gSmdNZya_0.avi,1,8,23,NonFight,0.003206
carve,train/Train_NonFight/gSmdNZya_0.avi,2,16,31,NonFight,0.026971
carve,train/Train_NonFight/gSmdNZya_0.avi,3,24,39,NonFight,0.008148
carve,train/Train_NonFight/gSmdNZya_0.avi,4,32,47,NonFight,0.002905
carve,train/Train_NonFight/gSmdNZya_0.avi,5,40,55,NonFight,0.004513
carve,train/Train_NonFight/gSmdNZya_0.avi,6,48,63,NonFight,0.003396
carve,train/Train_NonFight/gSmdNZya_0.avi,7,56,71,NonFight,0.003205
carve,train/Train_NonFight/gSmdNZya_0.avi,8,64,79,NonFight,0.007628
carve,train/Train_NonFight/gSmdNZya_0.avi,9,72,87,NonFight,0.008798
carve,train/Train_NonFight/gSmdNZya_0.avi,10,80,95,NonFight,0.004579
carve,train/Train_NonFight/gSmdNZya_0.avi,11,88,103,NonFight,0.005550
carve,train/Train_NonFight/gSmdNZya_0.avi,12,96,111,NonFight,0.006173
carve,train/Train_NonFight/gSmdNZya_0.avi,13,104,119,NonFight,0.002168
carve,train/Train_NonFight/gSmdNZya_0.avi,14,112,127,NonFight,0.002113
carve,train/Train_NonFight/gSmdNZya_0.avi,15,120,135,NonFight,0.002532
carve,train/Train_NonFight/gSmdNZya_0.avi,16,128,143,NonFight,0.002069
carve,train/Train_NonFight/gk0v57Xn_0.avi,0,0,15,NonFight,0.002243
carve,train/Train_NonFight/gk0v57Xn_0.avi,1,8,23,NonFight,0.002285
carve,train/Train_NonFight/gk0v57Xn_0.avi,2,16,31,NonFight,0.001892
carve,train/Train_NonFight/gk0v57Xn_0.avi,3,24,39,NonFight,0.002389
carve,train/Train_NonFight/gk0v57Xn_0.avi,4,32,47,NonFight,0.002003
carve,train/Train_NonFight/gk0v57Xn_0.avi,5,40,55,NonFight,0.002633
carve,train/Train_NonFight/gk0v57Xn_0.avi,6,48,63,NonFight,0.002831
carve,train/Train_NonFight/gk0v57Xn_0.avi,7,56,71,NonFight,0.002695
carve,train/Train_NonFight/gk0v57Xn_0.avi,8,64,79,NonFight,0.002877
carve,train/Train_NonFight/gk0v57Xn_0.avi,9,72,87,NonFight,0.001584
carve,train/Train_NonFight/gk0v57Xn_0.avi,10,80,95,NonFight,0.003085
carve,train/Train_NonFight/gk0v57Xn_0.avi,11,88,103,NonFight,0.002831
carve,train/Train_NonFight/gk0v57Xn_0.avi,12,96,111,NonFight,0.001882
carve,train/Train_NonFight/gk0v57Xn_0.avi,13,104,119,NonFight,0.002461
carve,train/Train_NonFight/gk0v57Xn_0.avi,14,112,127,NonFight,0.002008
carve,train/Train_NonFight/gk0v57Xn_0.avi,15,120,135,NonFight,0.002081
carve,train/Train_NonFight/gk0v57Xn_0.avi,16,128,143,NonFight,0.001705
carve,train/Train_NonFight/gzozjcrr_0.avi,0,0,15,NonFight,0.000077
carve,train/Train_NonFight/gzozjcrr_0.avi,1,8,23,NonFight,0.000047
carve,train/Train_NonFight/gzozjcrr_0.avi,2,16,31,NonFight,0.000038
carve,train/Train_NonFight/gzozjcrr_0.avi,3,24,39,NonFight,0.000068
carve,train/Train_NonFight/gzozjcrr_0.avi,4,32,47,NonFight,0.000159
carve,train/Train_NonFight/gzozjcrr_0.avi,5,40,55,NonFight,0.000089
carve,train/Train_NonFight/gzozjcrr_0.avi,6,48,63,NonFight,0.000101
carve,train/Train_NonFight/gzozjcrr_0.avi,7,56,71,NonFight,0.000172
carve,train/Train_NonFight/gzozjcrr_0.avi,8,64,79,NonFight,0.000163
carve,train/Train_NonFight/gzozjcrr_0.avi,9,72,87,NonFight,0.000157
carve,train/Train_NonFight/gzozjcrr_0.avi,10,80,95,NonFight,0.000089
carve,train/Train_NonFight/gzozjcrr_0.avi,11,88,103,NonFight,0.000083
carve,train/Train_NonFight/gzozjcrr_0.avi,12,96,111,NonFight,0.000102
carve,train/Train_NonFight/gzozjcrr_0.avi,13,104,119,NonFight,0.000095
carve,train/Train_NonFight/gzozjcrr_0.avi,14,112,127,NonFight,0.000227
carve,train/Train_NonFight/gzozjcrr_0.avi,15,120,135,NonFight,0.000531
carve,train/Train_NonFight/gzozjcrr_0.avi,16,128,143,NonFight,0.000536
carve,train/Train_NonFight/hrBh5x_3hW0_0.avi,0,0,15,NonFight,0.042882
carve,train/Train_NonFight/hrBh5x_3hW0_0.avi,1,8,23,NonFight,0.031008
carve,train/Train_NonFight/hrBh5x_3hW0_0.avi,2,16,31,NonFight,0.002233
carve,train/Train_NonFight/hrBh5x_3hW0_0.avi,3,24,39,NonFight,0.002338
carve,train/Train_NonFight/hrBh5x_3hW0_0.avi,4,32,47,NonFight,0.006086
carve,train/Train_NonFight/hrBh5x_3hW0_0.avi,5,40,55,NonFight,0.011299
carve,train/Train_NonFight/hrBh5x_3hW0_0.avi,6,48,63,NonFight,0.003084
carve,train/Train_NonFight/hrBh5x_3hW0_0.avi,7,56,71,NonFight,0.004717
carve,train/Train_NonFight/hrBh5x_3hW0_0.avi,8,64,79,NonFight,0.001426
carve,train/Train_NonFight/hrBh5x_3hW0_0.avi,9,72,87,NonFight,0.001776
carve,train/Train_NonFight/hrBh5x_3hW0_0.avi,10,80,95,NonFight,0.001378
carve,train/Train_NonFight/hrBh5x_3hW0_0.avi,11,88,103,NonFight,0.000776
carve,train/Train_NonFight/hrBh5x_3hW0_0.avi,12,96,111,NonFight,0.001368
carve,train/Train_NonFight/hrBh5x_3hW0_0.avi,13,104,119,NonFight,0.020474
carve,train/Train_NonFight/hrBh5x_3hW0_0.avi,14,112,127,NonFight,0.018251
carve,train/Train_NonFight/hrBh5x_3hW0_0.avi,15,120,135,NonFight,0.346136
carve,train/Train_NonFight/hrBh5x_3hW0_0.avi,16,128,143,NonFight,0.010832
carve,train/Train_NonFight/hrBh5x_3hW0_1.avi,0,0,15,NonFight,0.049865
carve,train/Train_NonFight/hrBh5x_3hW0_1.avi,1,8,23,NonFight,0.039923
carve,train/Train_NonFight/hrBh5x_3hW0_1.avi,2,16,31,NonFight,0.020559
carve,train/Train_NonFight/hrBh5x_3hW0_1.avi,3,24,39,NonFight,0.045222
carve,train/Train_NonFight/hrBh5x_3hW0_1.avi,4,32,47,NonFight,0.031765
carve,train/Train_NonFight/hrBh5x_3hW0_1.avi,5,40,55,NonFight,0.038587
carve,train/Train_NonFight/hrBh5x_3hW0_1.avi,6,48,63,NonFight,0.001061
carve,train/Train_NonFight/hrBh5x_3hW0_1.avi,7,56,71,NonFight,0.001535
carve,train/Train_NonFight/hrBh5x_3hW0_1.avi,8,64,79,NonFight,0.002570
carve,train/Train_NonFight/hrBh5x_3hW0_1.avi,9,72,87,NonFight,0.001800
carve,train/Train_NonFight/hrBh5x_3hW0_1.avi,10,80,95,NonFight,0.002027
carve,train/Train_NonFight/hrBh5x_3hW0_1.avi,11,88,103,NonFight,0.000882
carve,train/Train_NonFight/hrBh5x_3hW0_1.avi,12,96,111,NonFight,0.001742
carve,train/Train_NonFight/hrBh5x_3hW0_1.avi,13,104,119,NonFight,0.002691
carve,train/Train_NonFight/hrBh5x_3hW0_1.avi,14,112,127,NonFight,0.001404
carve,train/Train_NonFight/hrBh5x_3hW0_1.avi,15,120,135,NonFight,0.001741
carve,train/Train_NonFight/hrBh5x_3hW0_1.avi,16,128,143,NonFight,0.001431
carve,train/Train_NonFight/jgjAKGZW_0.avi,0,0,15,NonFight,0.003467
carve,train/Train_NonFight/jgjAKGZW_0.avi,1,8,23,NonFight,0.005052
carve,train/Train_NonFight/jgjAKGZW_0.avi,2,16,31,NonFight,0.002482
carve,train/Train_NonFight/jgjAKGZW_0.avi,3,24,39,NonFight,0.001913
carve,train/Train_NonFight/jgjAKGZW_0.avi,4,32,47,NonFight,0.001869
carve,train/Train_NonFight/jgjAKGZW_0.avi,5,40,55,NonFight,0.001782
carve,train/Train_NonFight/jgjAKGZW_0.avi,6,48,63,NonFight,0.000993
carve,train/Train_NonFight/jgjAKGZW_0.avi,7,56,71,NonFight,0.000986
carve,train/Train_NonFight/jgjAKGZW_0.avi,8,64,79,NonFight,0.000646
carve,train/Train_NonFight/jgjAKGZW_0.avi,9,72,87,NonFight,0.000491
carve,train/Train_NonFight/jgjAKGZW_0.avi,10,80,95,NonFight,0.000259
carve,train/Train_NonFight/jgjAKGZW_0.avi,11,88,103,NonFight,0.000206
carve,train/Train_NonFight/jgjAKGZW_0.avi,12,96,111,NonFight,0.000333
carve,train/Train_NonFight/jgjAKGZW_0.avi,13,104,119,NonFight,0.000451
carve,train/Train_NonFight/jgjAKGZW_0.avi,14,112,127,NonFight,0.000664
carve,train/Train_NonFight/jgjAKGZW_0.avi,15,120,135,NonFight,0.000506
carve,train/Train_NonFight/jgjAKGZW_0.avi,16,128,143,NonFight,0.000501
carve,train/Train_NonFight/kOp57sQKMPY_0.avi,0,0,15,NonFight,0.055416
carve,train/Train_NonFight/kOp57sQKMPY_0.avi,1,8,23,NonFight,0.062801
carve,train/Train_NonFight/kOp57sQKMPY_0.avi,2,16,31,NonFight,0.036941
carve,train/Train_NonFight/kOp57sQKMPY_0.avi,3,24,39,NonFight,0.034653
carve,train/Train_NonFight/kOp57sQKMPY_0.avi,4,32,47,NonFight,0.012216
carve,train/Train_NonFight/kOp57sQKMPY_0.avi,5,40,55,NonFight,0.002066
carve,train/Train_NonFight/kOp57sQKMPY_0.avi,6,48,63,NonFight,0.002585
carve,train/Train_NonFight/kOp57sQKMPY_0.avi,7,56,71,NonFight,0.001484
carve,train/Train_NonFight/kOp57sQKMPY_0.avi,8,64,79,NonFight,0.003497
carve,train/Train_NonFight/kOp57sQKMPY_0.avi,9,72,87,NonFight,0.001303
carve,train/Train_NonFight/kOp57sQKMPY_0.avi,10,80,95,NonFight,0.002057
carve,train/Train_NonFight/kOp57sQKMPY_0.avi,11,88,103,NonFight,0.002819
carve,train/Train_NonFight/kOp57sQKMPY_0.avi,12,96,111,NonFight,0.003710
carve,train/Train_NonFight/kOp57sQKMPY_0.avi,13,104,119,NonFight,0.003501
carve,train/Train_NonFight/kOp57sQKMPY_0.avi,14,112,127,NonFight,0.009237
carve,train/Train_NonFight/kOp57sQKMPY_0.avi,15,120,135,NonFight,0.009507
carve,train/Train_NonFight/kOp57sQKMPY_0.avi,16,128,143,NonFight,0.013265
carve,train/Train_NonFight/kOp57sQKMPY_1.avi,0,0,15,NonFight,0.044903
carve,train/Train_NonFight/kOp57sQKMPY_1.avi,1,8,23,NonFight,0.046441
carve,train/Train_NonFight/kOp57sQKMPY_1.avi,2,16,31,NonFight,0.067186
carve,train/Train_NonFight/kOp57sQKMPY_1.avi,3,24,39,NonFight,0.051612
carve,train/Train_NonFight/kOp57sQKMPY_1.avi,4,32,47,NonFight,0.055259
carve,train/Train_NonFight/kOp57sQKMPY_1.avi,5,40,55,NonFight,0.071283
carve,train/Train_NonFight/kOp57sQKMPY_1.avi,6,48,63,NonFight,0.048190
carve,train/Train_NonFight/kOp57sQKMPY_1.avi,7,56,71,NonFight,0.061050
carve,train/Train_NonFight/kOp57sQKMPY_1.avi,8,64,79,NonFight,0.073916
carve,train/Train_NonFight/kOp57sQKMPY_1.avi,9,72,87,NonFight,0.047547
carve,train/Train_NonFight/kOp57sQKMPY_1.avi,10,80,95,NonFight,0.080418
carve,train/Train_NonFight/kOp57sQKMPY_1.avi,11,88,103,NonFight,0.094190
carve,train/Train_NonFight/kOp57sQKMPY_1.avi,12,96,111,NonFight,0.091696
carve,train/Train_NonFight/kOp57sQKMPY_1.avi,13,104,119,NonFight,0.101899
carve,train/Train_NonFight/kOp57sQKMPY_1.avi,14,112,127,NonFight,0.113113
carve,train/Train_NonFight/kOp57sQKMPY_1.avi,15,120,135,NonFight,0.105813
carve,train/Train_NonFight/kOp57sQKMPY_1.avi,16,128,143,NonFight,0.097766
carve,train/Train_NonFight/kOp57sQKMPY_2.avi,0,0,15,NonFight,0.087254
carve,train/Train_NonFight/kOp57sQKMPY_2.avi,1,8,23,NonFight,0.082008
carve,train/Train_NonFight/kOp57sQKMPY_2.avi,2,16,31,NonFight,0.083324
carve,train/Train_NonFight/kOp57sQKMPY_2.avi,3,24,39,NonFight,0.047107
carve,train/Train_NonFight/kOp57sQKMPY_2.avi,4,32,47,NonFight,0.047707
carve,train/Train_NonFight/kOp57sQKMPY_2.avi,5,40,55,NonFight,0.062742
carve,train/Train_NonFight/kOp57sQKMPY_2.avi,6,48,63,NonFight,0.051594
carve,train/Train_NonFight/kOp57sQKMPY_2.avi,7,56,71,NonFight,0.058081
carve,train/Train_NonFight/kOp57sQKMPY_2.avi,8,64,79,NonFight,0.055730
carve,train/Train_NonFight/kOp57sQKMPY_2.avi,9,72,87,NonFight,0.050721
carve,train/Train_NonFight/kOp57sQKMPY_2.avi,10,80,95,NonFight,0.073443
carve,train/Train_NonFight/kOp57sQKMPY_2.avi,11,88,103,NonFight,0.058378
carve,train/Train_NonFight/kOp57sQKMPY_2.avi,12,96,111,NonFight,0.065159
carve,train/Train_NonFight/kOp57sQKMPY_2.avi,13,104,119,NonFight,0.037607
carve,train/Train_NonFight/kOp57sQKMPY_2.avi,14,112,127,NonFight,0.048461
carve,train/Train_NonFight/kOp57sQKMPY_2.avi,15,120,135,NonFight,0.069906
carve,train/Train_NonFight/kOp57sQKMPY_2.avi,16,128,143,NonFight,0.066775
carve,train/Train_NonFight/mE9Cp4na_0.avi,0,0,15,NonFight,0.001657
carve,train/Train_NonFight/mE9Cp4na_0.avi,1,8,23,NonFight,0.001280
carve,train/Train_NonFight/mE9Cp4na_0.avi,2,16,31,NonFight,0.002549
carve,train/Train_NonFight/mE9Cp4na_0.avi,3,24,39,NonFight,0.004769
carve,train/Train_NonFight/mE9Cp4na_0.avi,4,32,47,NonFight,0.005602
carve,train/Train_NonFight/mE9Cp4na_0.avi,5,40,55,NonFight,0.006764
carve,train/Train_NonFight/mE9Cp4na_0.avi,6,48,63,NonFight,0.010665
carve,train/Train_NonFight/mE9Cp4na_0.avi,7,56,71,NonFight,0.010056
carve,train/Train_NonFight/mE9Cp4na_0.avi,8,64,79,NonFight,0.004781
carve,train/Train_NonFight/mE9Cp4na_0.avi,9,72,87,NonFight,0.008118
carve,train/Train_NonFight/mE9Cp4na_0.avi,10,80,95,NonFight,0.004446
carve,train/Train_NonFight/mE9Cp4na_0.avi,11,88,103,NonFight,0.004015
carve,train/Train_NonFight/mE9Cp4na_0.avi,12,96,111,NonFight,0.005094
carve,train/Train_NonFight/mE9Cp4na_0.avi,13,104,119,NonFight,0.009627
carve,train/Train_NonFight/mE9Cp4na_0.avi,14,112,127,NonFight,0.011874
carve,train/Train_NonFight/mE9Cp4na_0.avi,15,120,135,NonFight,0.009611
carve,train/Train_NonFight/mE9Cp4na_0.avi,16,128,143,NonFight,0.012231
carve,train/Train_NonFight/mVAv7aB5_0.avi,0,0,15,NonFight,0.000061
carve,train/Train_NonFight/mVAv7aB5_0.avi,1,8,23,NonFight,0.000427
carve,train/Train_NonFight/mVAv7aB5_0.avi,2,16,31,NonFight,0.000371
carve,train/Train_NonFight/mVAv7aB5_0.avi,3,24,39,NonFight,0.000095
carve,train/Train_NonFight/mVAv7aB5_0.avi,4,32,47,NonFight,0.000058
carve,train/Train_NonFight/mVAv7aB5_0.avi,5,40,55,NonFight,0.000130
carve,train/Train_NonFight/mVAv7aB5_0.avi,6,48,63,NonFight,0.000058
carve,train/Train_NonFight/mVAv7aB5_0.avi,7,56,71,NonFight,0.000054
carve,train/Train_NonFight/mVAv7aB5_0.avi,8,64,79,NonFight,0.000026
carve,train/Train_NonFight/mVAv7aB5_0.avi,9,72,87,NonFight,0.000074
carve,train/Train_NonFight/mVAv7aB5_0.avi,10,80,95,NonFight,0.000056
carve,train/Train_NonFight/mVAv7aB5_0.avi,11,88,103,NonFight,0.000035
carve,train/Train_NonFight/mVAv7aB5_0.avi,12,96,111,NonFight,0.000072
carve,train/Train_NonFight/mVAv7aB5_0.avi,13,104,119,NonFight,0.000189
carve,train/Train_NonFight/mVAv7aB5_0.avi,14,112,127,NonFight,0.000089
carve,train/Train_NonFight/mVAv7aB5_0.avi,15,120,135,NonFight,0.000075
carve,train/Train_NonFight/mVAv7aB5_0.avi,16,128,143,NonFight,0.000452
carve,train/Train_NonFight/o8sEvktx_0.avi,0,0,15,NonFight,0.032018
carve,train/Train_NonFight/o8sEvktx_0.avi,1,8,23,NonFight,0.023664
carve,train/Train_NonFight/o8sEvktx_0.avi,2,16,31,NonFight,0.017245
carve,train/Train_NonFight/o8sEvktx_0.avi,3,24,39,NonFight,0.013971
carve,train/Train_NonFight/o8sEvktx_0.avi,4,32,47,NonFight,0.015169
carve,train/Train_NonFight/o8sEvktx_0.avi,5,40,55,NonFight,0.017818
carve,train/Train_NonFight/o8sEvktx_0.avi,6,48,63,NonFight,0.017026
carve,train/Train_NonFight/o8sEvktx_0.avi,7,56,71,NonFight,0.018951
carve,train/Train_NonFight/o8sEvktx_0.avi,8,64,79,NonFight,0.024631
carve,train/Train_NonFight/o8sEvktx_0.avi,9,72,87,NonFight,0.027250
carve,train/Train_NonFight/o8sEvktx_0.avi,10,80,95,NonFight,0.023519
carve,train/Train_NonFight/o8sEvktx_0.avi,11,88,103,NonFight,0.020365
carve,train/Train_NonFight/o8sEvktx_0.avi,12,96,111,NonFight,0.020967
carve,train/Train_NonFight/o8sEvktx_0.avi,13,104,119,NonFight,0.023229
carve,train/Train_NonFight/o8sEvktx_0.avi,14,112,127,NonFight,0.023137
carve,train/Train_NonFight/o8sEvktx_0.avi,15,120,135,NonFight,0.027210
carve,train/Train_NonFight/o8sEvktx_0.avi,16,128,143,NonFight,0.021555
carve,train/Train_NonFight/q78eIX56_0.avi,0,0,15,NonFight,0.000005
carve,train/Train_NonFight/q78eIX56_0.avi,1,8,23,NonFight,0.000014
carve,train/Train_NonFight/q78eIX56_0.avi,2,16,31,NonFight,0.000007
carve,train/Train_NonFight/q78eIX56_0.avi,3,24,39,NonFight,0.000002
carve,train/Train_NonFight/q78eIX56_0.avi,4,32,47,NonFight,0.000007
carve,train/Train_NonFight/q78eIX56_0.avi,5,40,55,NonFight,0.000028
carve,train/Train_NonFight/q78eIX56_0.avi,6,48,63,NonFight,0.000032
carve,train/Train_NonFight/q78eIX56_0.avi,7,56,71,NonFight,0.000093
carve,train/Train_NonFight/q78eIX56_0.avi,8,64,79,NonFight,0.000035
carve,train/Train_NonFight/q78eIX56_0.avi,9,72,87,NonFight,0.000044
carve,train/Train_NonFight/q78eIX56_0.avi,10,80,95,NonFight,0.000171
carve,train/Train_NonFight/q78eIX56_0.avi,11,88,103,NonFight,0.000237
carve,train/Train_NonFight/q78eIX56_0.avi,12,96,111,NonFight,0.000653
carve,train/Train_NonFight/q78eIX56_0.avi,13,104,119,NonFight,0.001064
carve,train/Train_NonFight/q78eIX56_0.avi,14,112,127,NonFight,0.001499
carve,train/Train_NonFight/q78eIX56_0.avi,15,120,135,NonFight,0.000968
carve,train/Train_NonFight/q78eIX56_0.avi,16,128,143,NonFight,0.000394
carve,train/Train_NonFight/r8PX3ZJ1_II_0.avi,0,0,15,NonFight,0.005243
carve,train/Train_NonFight/r8PX3ZJ1_II_0.avi,1,8,23,NonFight,0.017609
carve,train/Train_NonFight/r8PX3ZJ1_II_0.avi,2,16,31,NonFight,0.025999
carve,train/Train_NonFight/r8PX3ZJ1_II_0.avi,3,24,39,NonFight,0.091554
carve,train/Train_NonFight/r8PX3ZJ1_II_0.avi,4,32,47,NonFight,0.154189
carve,train/Train_NonFight/r8PX3ZJ1_II_0.avi,5,40,55,NonFight,0.228603
carve,train/Train_NonFight/r8PX3ZJ1_II_0.avi,6,48,63,NonFight,0.085736
carve,train/Train_NonFight/r8PX3ZJ1_II_0.avi,7,56,71,NonFight,0.076711
carve,train/Train_NonFight/r8PX3ZJ1_II_0.avi,8,64,79,NonFight,0.075678
carve,train/Train_NonFight/r8PX3ZJ1_II_0.avi,9,72,87,NonFight,0.074892
carve,train/Train_NonFight/r8PX3ZJ1_II_0.avi,10,80,95,NonFight,0.073559
carve,train/Train_NonFight/r8PX3ZJ1_II_0.avi,11,88,103,NonFight,0.074124
carve,train/Train_NonFight/r8PX3ZJ1_II_0.avi,12,96,111,NonFight,0.074621
carve,train/Train_NonFight/r8PX3ZJ1_II_0.avi,13,104,119,NonFight,0.073872
carve,train/Train_NonFight/r8PX3ZJ1_II_0.avi,14,112,127,NonFight,0.073813
carve,train/Train_NonFight/r8PX3ZJ1_II_0.avi,15,120,135,NonFight,0.074811
carve,train/Train_NonFight/r8PX3ZJ1_II_0.avi,16,128,143,NonFight,0.073966
carve,train/Train_NonFight/s2S2nIWk_0.avi,0,0,15,NonFight,0.006987
carve,train/Train_NonFight/s2S2nIWk_0.avi,1,8,23,NonFight,0.004707
carve,train/Train_NonFight/s2S2nIWk_0.avi,2,16,31,NonFight,0.004133
carve,train/Train_NonFight/s2S2nIWk_0.avi,3,24,39,NonFight,0.002780
carve,train/Train_NonFight/s2S2nIWk_0.avi,4,32,47,NonFight,0.003134
carve,train/Train_NonFight/s2S2nIWk_0.avi,5,40,55,NonFight,0.003144
carve,train/Train_NonFight/s2S2nIWk_0.avi,6,48,63,NonFight,0.002549
carve,train/Train_NonFight/s2S2nIWk_0.avi,7,56,71,NonFight,0.001951
carve,train/Train_NonFight/s2S2nIWk_0.avi,8,64,79,NonFight,0.000976
carve,train/Train_NonFight/s2S2nIWk_0.avi,9,72,87,NonFight,0.000728
carve,train/Train_NonFight/s2S2nIWk_0.avi,10,80,95,NonFight,0.002432
carve,train/Train_NonFight/s2S2nIWk_0.avi,11,88,103,NonFight,0.001200
carve,train/Train_NonFight/s2S2nIWk_0.avi,12,96,111,NonFight,0.000514
carve,train/Train_NonFight/s2S2nIWk_0.avi,13,104,119,NonFight,0.000499
carve,train/Train_NonFight/s2S2nIWk_0.avi,14,112,127,NonFight,0.000155
carve,train/Train_NonFight/s2S2nIWk_0.avi,15,120,135,NonFight,0.000035
carve,train/Train_NonFight/s2S2nIWk_0.avi,16,128,143,NonFight,0.000059
carve,train/Train_NonFight/tIHY2ZFQ_0.avi,0,0,15,NonFight,0.000045
carve,train/Train_NonFight/tIHY2ZFQ_0.avi,1,8,23,NonFight,0.000485
carve,train/Train_NonFight/tIHY2ZFQ_0.avi,2,16,31,NonFight,0.000517
carve,train/Train_NonFight/tIHY2ZFQ_0.avi,3,24,39,NonFight,0.000490
carve,train/Train_NonFight/tIHY2ZFQ_0.avi,4,32,47,NonFight,0.000664
carve,train/Train_NonFight/tIHY2ZFQ_0.avi,5,40,55,NonFight,0.000427
carve,train/Train_NonFight/tIHY2ZFQ_0.avi,6,48,63,NonFight,0.000238
carve,train/Train_NonFight/tIHY2ZFQ_0.avi,7,56,71,NonFight,0.000048
carve,train/Train_NonFight/tIHY2ZFQ_0.avi,8,64,79,NonFight,0.000067
carve,train/Train_NonFight/tIHY2ZFQ_0.avi,9,72,87,NonFight,0.000047
carve,train/Train_NonFight/tIHY2ZFQ_0.avi,10,80,95,NonFight,0.000036
carve,train/Train_NonFight/tIHY2ZFQ_0.avi,11,88,103,NonFight,0.000053
carve,train/Train_NonFight/tIHY2ZFQ_0.avi,12,96,111,NonFight,0.000060
carve,train/Train_NonFight/tIHY2ZFQ_0.avi,13,104,119,NonFight,0.000053
carve,train/Train_NonFight/tIHY2ZFQ_0.avi,14,112,127,NonFight,0.000097
carve,train/Train_NonFight/tIHY2ZFQ_0.avi,15,120,135,NonFight,0.000056
carve,train/Train_NonFight/tIHY2ZFQ_0.avi,16,128,143,NonFight,0.000071
carve,train/Train_NonFight/uEzFjs3X_0.avi,0,0,15,NonFight,0.023122
carve,train/Train_NonFight/uEzFjs3X_0.avi,1,8,23,NonFight,0.024879
carve,train/Train_NonFight/uEzFjs3X_0.avi,2,16,31,NonFight,0.020192
carve,train/Train_NonFight/uEzFjs3X_0.avi,3,24,39,NonFight,0.021058
carve,train/Train_NonFight/uEzFjs3X_0.avi,4,32,47,NonFight,0.019971
carve,train/Train_NonFight/uEzFjs3X_0.avi,5,40,55,NonFight,0.016648
carve,train/Train_NonFight/uEzFjs3X_0.avi,6,48,63,NonFight,0.020428
carve,train/Train_NonFight/uEzFjs3X_0.avi,7,56,71,NonFight,0.018889
carve,train/Train_NonFight/uEzFjs3X_0.avi,8,64,79,NonFight,0.020421
carve,train/Train_NonFight/uEzFjs3X_0.avi,9,72,87,NonFight,0.023066
carve,train/Train_NonFight/uEzFjs3X_0.avi,10,80,95,NonFight,0.018691
carve,train/Train_NonFight/uEzFjs3X_0.avi,11,88,103,NonFight,0.017637
carve,train/Train_NonFight/uEzFjs3X_0.avi,12,96,111,NonFight,0.018818
carve,train/Train_NonFight/uEzFjs3X_0.avi,13,104,119,NonFight,0.018818
carve,train/Train_NonFight/uEzFjs3X_0.avi,14,112,127,NonFight,0.017009
carve,train/Train_NonFight/uEzFjs3X_0.avi,15,120,135,NonFight,0.021925
carve,train/Train_NonFight/uEzFjs3X_0.avi,16,128,143,NonFight,0.018167
carve,train/Train_NonFight/uXf4C-YwbtM_0.avi,0,0,15,NonFight,0.000740
carve,train/Train_NonFight/uXf4C-YwbtM_0.avi,1,8,23,NonFight,0.002849
carve,train/Train_NonFight/uXf4C-YwbtM_0.avi,2,16,31,NonFight,0.002239
carve,train/Train_NonFight/uXf4C-YwbtM_0.avi,3,24,39,NonFight,0.001891
carve,train/Train_NonFight/uXf4C-YwbtM_0.avi,4,32,47,NonFight,0.000415
carve,train/Train_NonFight/uXf4C-YwbtM_0.avi,5,40,55,NonFight,0.003182
carve,train/Train_NonFight/uXf4C-YwbtM_0.avi,6,48,63,NonFight,0.012515
carve,train/Train_NonFight/uXf4C-YwbtM_0.avi,7,56,71,NonFight,0.030558
carve,train/Train_NonFight/uXf4C-YwbtM_0.avi,8,64,79,NonFight,0.021329
carve,train/Train_NonFight/uXf4C-YwbtM_0.avi,9,72,87,NonFight,0.012393
carve,train/Train_NonFight/uXf4C-YwbtM_0.avi,10,80,95,NonFight,0.005374
carve,train/Train_NonFight/uXf4C-YwbtM_0.avi,11,88,103,NonFight,0.007043
carve,train/Train_NonFight/uXf4C-YwbtM_0.avi,12,96,111,NonFight,0.008013
carve,train/Train_NonFight/uXf4C-YwbtM_0.avi,13,104,119,NonFight,0.012865
carve,train/Train_NonFight/uXf4C-YwbtM_0.avi,14,112,127,NonFight,0.010984
carve,train/Train_NonFight/uXf4C-YwbtM_0.avi,15,120,135,NonFight,0.002806
carve,train/Train_NonFight/uXf4C-YwbtM_0.avi,16,128,143,NonFight,0.002709
carve,train/Train_NonFight/uXf4C-YwbtM_1.avi,0,0,15,NonFight,0.000848
carve,train/Train_NonFight/uXf4C-YwbtM_1.avi,1,8,23,NonFight,0.000829
carve,train/Train_NonFight/uXf4C-YwbtM_1.avi,2,16,31,NonFight,0.000816
carve,train/Train_NonFight/uXf4C-YwbtM_1.avi,3,24,39,NonFight,0.000559
carve,train/Train_NonFight/uXf4C-YwbtM_1.avi,4,32,47,NonFight,0.001162
carve,train/Train_NonFight/uXf4C-YwbtM_1.avi,5,40,55,NonFight,0.001964
carve,train/Train_NonFight/uXf4C-YwbtM_1.avi,6,48,63,NonFight,0.001775
carve,train/Train_NonFight/uXf4C-YwbtM_1.avi,7,56,71,NonFight,0.001249
carve,train/Train_NonFight/uXf4C-YwbtM_1.avi,8,64,79,NonFight,0.001653
carve,train/Train_NonFight/uXf4C-YwbtM_1.avi,9,72,87,NonFight,0.002552
carve,train/Train_NonFight/uXf4C-YwbtM_1.avi,10,80,95,NonFight,0.001254
carve,train/Train_NonFight/uXf4C-YwbtM_1.avi,11,88,103,NonFight,0.000584
carve,train/Train_NonFight/uXf4C-YwbtM_1.avi,12,96,111,NonFight,0.000302
carve,train/Train_NonFight/uXf4C-YwbtM_1.avi,13,104,119,NonFight,0.000230
carve,train/Train_NonFight/uXf4C-YwbtM_1.avi,14,112,127,NonFight,0.000094
carve,train/Train_NonFight/uXf4C-YwbtM_1.avi,15,120,135,NonFight,0.000263
carve,train/Train_NonFight/uXf4C-YwbtM_1.avi,16,128,143,NonFight,0.000486
carve,train/Train_NonFight/uhTalZ00_0.avi,0,0,15,NonFight,0.018119
carve,train/Train_NonFight/uhTalZ00_0.avi,1,8,23,NonFight,0.023838
carve,train/Train_NonFight/uhTalZ00_0.avi,2,16,31,NonFight,0.047005
carve,train/Train_NonFight/uhTalZ00_0.avi,3,24,39,NonFight,0.038503
carve,train/Train_NonFight/uhTalZ00_0.avi,4,32,47,NonFight,0.040760
carve,train/Train_NonFight/uhTalZ00_0.avi,5,40,55,NonFight,0.038634
carve,train/Train_NonFight/uhTalZ00_0.avi,6,48,63,NonFight,0.039780
carve,train/Train_NonFight/uhTalZ00_0.avi,7,56,71,NonFight,0.014626
carve,train/Train_NonFight/uhTalZ00_0.avi,8,64,79,NonFight,0.007867
carve,train/Train_NonFight/uhTalZ00_0.avi,9,72,87,NonFight,0.015555
carve,train/Train_NonFight/uhTalZ00_0.avi,10,80,95,NonFight,0.012188
carve,train/Train_NonFight/uhTalZ00_0.avi,11,88,103,NonFight,0.010160
carve,train/Train_NonFight/uhTalZ00_0.avi,12,96,111,NonFight,0.007194
carve,train/Train_NonFight/uhTalZ00_0.avi,13,104,119,NonFight,0.006326
carve,train/Train_NonFight/uhTalZ00_0.avi,14,112,127,NonFight,0.003416
carve,train/Train_NonFight/uhTalZ00_0.avi,15,120,135,NonFight,0.003566
carve,train/Train_NonFight/uhTalZ00_0.avi,16,128,143,NonFight,0.008023
carve,train/Train_NonFight/wKMXI2vp_0.avi,0,0,15,NonFight,0.015606
carve,train/Train_NonFight/wKMXI2vp_0.avi,1,8,23,NonFight,0.005987
carve,train/Train_NonFight/wKMXI2vp_0.avi,2,16,31,NonFight,0.006421
carve,train/Train_NonFight/wKMXI2vp_0.avi,3,24,39,NonFight,0.009001
carve,train/Train_NonFight/wKMXI2vp_0.avi,4,32,47,NonFight,0.008228
carve,train/Train_NonFight/wKMXI2vp_0.avi,5,40,55,NonFight,0.000449
carve,train/Train_NonFight/wKMXI2vp_0.avi,6,48,63,NonFight,0.000785
carve,train/Train_NonFight/wKMXI2vp_0.avi,7,56,71,NonFight,0.001112
carve,train/Train_NonFight/wKMXI2vp_0.avi,8,64,79,NonFight,0.003072
carve,train/Train_NonFight/wKMXI2vp_0.avi,9,72,87,NonFight,0.001182
carve,train/Train_NonFight/wKMXI2vp_0.avi,10,80,95,NonFight,0.001627
carve,train/Train_NonFight/wKMXI2vp_0.avi,11,88,103,NonFight,0.001500
carve,train/Train_NonFight/wKMXI2vp_0.avi,12,96,111,NonFight,0.002871
carve,train/Train_NonFight/wKMXI2vp_0.avi,13,104,119,NonFight,0.001311
carve,train/Train_NonFight/wKMXI2vp_0.avi,14,112,127,NonFight,0.003230
carve,train/Train_NonFight/wKMXI2vp_0.avi,15,120,135,NonFight,0.000896
carve,train/Train_NonFight/wKMXI2vp_0.avi,16,128,143,NonFight,0.000476
carve,train/Train_NonFight/wMgaVgMG_0.avi,0,0,15,NonFight,0.078260
carve,train/Train_NonFight/wMgaVgMG_0.avi,1,8,23,NonFight,0.101401
carve,train/Train_NonFight/wMgaVgMG_0.avi,2,16,31,NonFight,0.107614
carve,train/Train_NonFight/wMgaVgMG_0.avi,3,24,39,NonFight,0.105244
carve,train/Train_NonFight/wMgaVgMG_0.avi,4,32,47,NonFight,0.098108
carve,train/Train_NonFight/wMgaVgMG_0.avi,5,40,55,NonFight,0.099583
carve,train/Train_NonFight/wMgaVgMG_0.avi,6,48,63,NonFight,0.100746
carve,train/Train_NonFight/wMgaVgMG_0.avi,7,56,71,NonFight,0.102316
carve,train/Train_NonFight/wMgaVgMG_0.avi,8,64,79,NonFight,0.109397
carve,train/Train_NonFight/wMgaVgMG_0.avi,9,72,87,NonFight,0.101892
carve,train/Train_NonFight/wMgaVgMG_0.avi,10,80,95,NonFight,0.096516
carve,train/Train_NonFight/wMgaVgMG_0.avi,11,88,103,NonFight,0.091096
carve,train/Train_NonFight/wMgaVgMG_0.avi,12,96,111,NonFight,0.090908
carve,train/Train_NonFight/wMgaVgMG_0.avi,13,104,119,NonFight,0.092485
carve,train/Train_NonFight/wMgaVgMG_0.avi,14,112,127,NonFight,0.101904
carve,train/Train_NonFight/wMgaVgMG_0.avi,15,120,135,NonFight,0.098403
carve,train/Train_NonFight/wMgaVgMG_0.avi,16,128,143,NonFight,0.100702
carve,train/Train_NonFight/xR1o8M5o_0.avi,0,0,15,NonFight,0.000094
carve,train/Train_NonFight/xR1o8M5o_0.avi,1,8,23,NonFight,0.000059
carve,train/Train_NonFight/xR1o8M5o_0.avi,2,16,31,NonFight,0.000038
carve,train/Train_NonFight/xR1o8M5o_0.avi,3,24,39,NonFight,0.000025
carve,train/Train_NonFight/xR1o8M5o_0.avi,4,32,47,NonFight,0.000045
carve,train/Train_NonFight/xR1o8M5o_0.avi,5,40,55,NonFight,0.000037
carve,train/Train_NonFight/xR1o8M5o_0.avi,6,48,63,NonFight,0.000041
carve,train/Train_NonFight/xR1o8M5o_0.avi,7,56,71,NonFight,0.000026
carve,train/Train_NonFight/xR1o8M5o_0.avi,8,64,79,NonFight,0.000022
carve,train/Train_NonFight/xR1o8M5o_0.avi,9,72,87,NonFight,0.000018
carve,train/Train_NonFight/xR1o8M5o_0.avi,10,80,95,NonFight,0.000021
carve,train/Train_NonFight/xR1o8M5o_0.avi,11,88,103,NonFight,0.000021
carve,train/Train_NonFight/xR1o8M5o_0.avi,12,96,111,NonFight,0.000035
carve,train/Train_NonFight/xR1o8M5o_0.avi,13,104,119,NonFight,0.000033
carve,train/Train_NonFight/xR1o8M5o_0.avi,14,112,127,NonFight,0.000049
carve,train/Train_NonFight/xR1o8M5o_0.avi,15,120,135,NonFight,0.000038
carve,train/Train_NonFight/xR1o8M5o_0.avi,16,128,143,NonFight,0.000032
carve,train/Train_NonFight/y4njAG00_0.avi,0,0,15,NonFight,0.148394
carve,train/Train_NonFight/y4njAG00_0.avi,1,8,23,NonFight,0.138078
carve,train/Train_NonFight/y4njAG00_0.avi,2,16,31,NonFight,0.181632
carve,train/Train_NonFight/y4njAG00_0.avi,3,24,39,NonFight,0.212174
carve,train/Train_NonFight/y4njAG00_0.avi,4,32,47,NonFight,0.194163
carve,train/Train_NonFight/y4njAG00_0.avi,5,40,55,NonFight,0.187720
carve,train/Train_NonFight/y4njAG00_0.avi,6,48,63,NonFight,0.208810
carve,train/Train_NonFight/y4njAG00_0.avi,7,56,71,NonFight,0.205806
carve,train/Train_NonFight/y4njAG00_0.avi,8,64,79,NonFight,0.197026
carve,train/Train_NonFight/y4njAG00_0.avi,9,72,87,NonFight,0.186170
carve,train/Train_NonFight/y4njAG00_0.avi,10,80,95,NonFight,0.194450
carve,train/Train_NonFight/y4njAG00_0.avi,11,88,103,NonFight,0.211683
carve,train/Train_NonFight/y4njAG00_0.avi,12,96,111,NonFight,0.208229
carve,train/Train_NonFight/y4njAG00_0.avi,13,104,119,NonFight,0.247291
carve,train/Train_NonFight/y4njAG00_0.avi,14,112,127,NonFight,0.200783
carve,train/Train_NonFight/y4njAG00_0.avi,15,120,135,NonFight,0.197333
carve,train/Train_NonFight/y4njAG00_0.avi,16,128,143,NonFight,0.193566
carve,train/Train_NonFight/zHRkgmIT_0.avi,0,0,15,NonFight,0.000087
carve,train/Train_NonFight/zHRkgmIT_0.avi,1,8,23,NonFight,0.000076
carve,train/Train_NonFight/zHRkgmIT_0.avi,2,16,31,NonFight,0.000145
carve,train/Train_NonFight/zHRkgmIT_0.avi,3,24,39,NonFight,0.000086
carve,train/Train_NonFight/zHRkgmIT_0.avi,4,32,47,NonFight,0.000122
carve,train/Train_NonFight/zHRkgmIT_0.avi,5,40,55,NonFight,0.000186
carve,train/Train_NonFight/zHRkgmIT_0.avi,6,48,63,NonFight,0.000157
carve,train/Train_NonFight/zHRkgmIT_0.avi,7,56,71,NonFight,0.000358
carve,train/Train_NonFight/zHRkgmIT_0.avi,8,64,79,NonFight,0.000214
carve,train/Train_NonFight/zHRkgmIT_0.avi,9,72,87,NonFight,0.000135
carve,train/Train_NonFight/zHRkgmIT_0.avi,10,80,95,NonFight,0.000272
carve,train/Train_NonFight/zHRkgmIT_0.avi,11,88,103,NonFight,0.000460
carve,train/Train_NonFight/zHRkgmIT_0.avi,12,96,111,NonFight,0.000138
carve,train/Train_NonFight/zHRkgmIT_0.avi,13,104,119,NonFight,0.000379
carve,train/Train_NonFight/zHRkgmIT_0.avi,14,112,127,NonFight,0.000101
carve,train/Train_NonFight/zHRkgmIT_0.avi,15,120,135,NonFight,0.000311
carve,train/Train_NonFight/zHRkgmIT_0.avi,16,128,143,NonFight,0.000063