split,clip,window_index,first_frame,last_frame,true_label,fight_probability
primary,val/Val_Fight/0Ow4cotKOuw_0.avi,0,0,15,Fight,0.002352
primary,val/Val_Fight/0Ow4cotKOuw_0.avi,1,8,23,Fight,0.000765
primary,val/Val_Fight/0Ow4cotKOuw_0.avi,2,16,31,Fight,0.001772
primary,val/Val_Fight/0Ow4cotKOuw_0.avi,3,24,39,Fight,0.002062
primary,val/Val_Fight/0Ow4cotKOuw_0.avi,4,32,47,Fight,0.004452
primary,val/Val_Fight/0Ow4cotKOuw_0.avi,5,40,55,Fight,0.005656
primary,val/Val_Fight/0Ow4cotKOuw_0.avi,6,48,63,Fight,0.006971
primary,val/Val_Fight/0Ow4cotKOuw_0.avi,7,56,71,Fight,0.017806
primary,val/Val_Fight/0Ow4cotKOuw_0.avi,8,64,79,Fight,0.006399
primary,val/Val_Fight/0Ow4cotKOuw_0.avi,9,72,87,Fight,0.005087
primary,val/Val_Fight/0Ow4cotKOuw_0.avi,10,80,95,Fight,0.007998
primary,val/Val_Fight/0Ow4cotKOuw_0.avi,11,88,103,Fight,0.006178
primary,val/Val_Fight/0Ow4cotKOuw_0.avi,12,96,111,Fight,0.025196
primary,val/Val_Fight/0Ow4cotKOuw_0.avi,13,104,119,Fight,0.109516
primary,val/Val_Fight/0Ow4cotKOuw_0.avi,14,112,127,Fight,0.099852
primary,val/Val_Fight/0Ow4cotKOuw_0.avi,15,120,135,Fight,0.410602
primary,val/Val_Fight/0Ow4cotKOuw_0.avi,16,128,143,Fight,0.564796
primary,val/Val_Fight/0Ow4cotKOuw_1.avi,0,0,15,Fight,0.248246
primary,val/Val_Fight/0Ow4cotKOuw_1.avi,1,8,23,Fight,0.250584
primary,val/Val_Fight/0Ow4cotKOuw_1.avi,2,16,31,Fight,0.155496
primary,val/Val_Fight/0Ow4cotKOuw_1.avi,3,24,39,Fight,0.196206
primary,val/Val_Fight/0Ow4cotKOuw_1.avi,4,32,47,Fight,0.268772
primary,val/Val_Fight/0Ow4cotKOuw_1.avi,5,40,55,Fight,0.082100
primary,val/Val_Fight/0Ow4cotKOuw_1.avi,6,48,63,Fight,0.039957
primary,val/Val_Fight/0Ow4cotKOuw_1.avi,7,56,71,Fight,0.020612
primary,val/Val_Fight/0Ow4cotKOuw_1.avi,8,64,79,Fight,0.004739
primary,val/Val_Fight/0Ow4cotKOuw_1.avi,9,72,87,Fight,0.015887
primary,val/Val_Fight/0Ow4cotKOuw_1.avi,10,80,95,Fight,0.029186
primary,val/Val_Fight/0Ow4cotKOuw_1.avi,11,88,103,Fight,0.006495
primary,val/Val_Fight/0Ow4cotKOuw_1.avi,12,96,111,Fight,0.007598
primary,val/Val_Fight/0Ow4cotKOuw_1.avi,13,104,119,Fight,0.005447
primary,val/Val_Fight/0Ow4cotKOuw_1.avi,14,112,127,Fight,0.009595
primary,val/Val_Fight/0Ow4cotKOuw_1.avi,15,120,135,Fight,0.007728
primary,val/Val_Fight/0Ow4cotKOuw_1.avi,16,128,143,Fight,0.004651
primary,val/Val_Fight/0Ow4cotKOuw_2.avi,0,0,15,Fight,0.273290
primary,val/Val_Fight/0Ow4cotKOuw_2.avi,1,8,23,Fight,0.146521
primary,val/Val_Fight/0Ow4cotKOuw_2.avi,2,16,31,Fight,0.235232
primary,val/Val_Fight/0Ow4cotKOuw_2.avi,3,24,39,Fight,0.531760
primary,val/Val_Fight/0Ow4cotKOuw_2.avi,4,32,47,Fight,0.031309
primary,val/Val_Fight/0Ow4cotKOuw_2.avi,5,40,55,Fight,0.087589
primary,val/Val_Fight/0Ow4cotKOuw_2.avi,6,48,63,Fight,0.226837
primary,val/Val_Fight/0Ow4cotKOuw_2.avi,7,56,71,Fight,0.412699
primary,val/Val_Fight/0Ow4cotKOuw_2.avi,8,64,79,Fight,0.956242
primary,val/Val_Fight/0Ow4cotKOuw_2.avi,9,72,87,Fight,0.977756
primary,val/Val_Fight/0Ow4cotKOuw_2.avi,10,80,95,Fight,0.212268
primary,val/Val_Fight/0Ow4cotKOuw_2.avi,11,88,103,Fight,0.190618
primary,val/Val_Fight/0Ow4cotKOuw_2.avi,12,96,111,Fight,0.232385
primary,val/Val_Fight/0Ow4cotKOuw_2.avi,13,104,119,Fight,0.079025
primary,val/Val_Fight/0Ow4cotKOuw_2.avi,14,112,127,Fight,0.467449
primary,val/Val_Fight/0Ow4cotKOuw_2.avi,15,120,135,Fight,0.078684
primary,val/Val_Fight/0Ow4cotKOuw_2.avi,16,128,143,Fight,0.020226
primary,val/Val_Fight/0Ow4cotKOuw_3.avi,0,0,15,Fight,0.133598
primary,val/Val_Fight/0Ow4cotKOuw_3.avi,1,8,23,Fight,0.551489
primary,val/Val_Fight/0Ow4cotKOuw_3.avi,2,16,31,Fight,0.782019
primary,val/Val_Fight/0Ow4cotKOuw_3.avi,3,24,39,Fight,0.801849
primary,val/Val_Fight/0Ow4cotKOuw_3.avi,4,32,47,Fight,0.709222
primary,val/Val_Fight/0Ow4cotKOuw_3.avi,5,40,55,Fight,0.213260
primary,val/Val_Fight/0Ow4cotKOuw_3.avi,6,48,63,Fight,0.046758
primary,val/Val_Fight/0Ow4cotKOuw_3.avi,7,56,71,Fight,0.035247
primary,val/Val_Fight/0Ow4cotKOuw_3.avi,8,64,79,Fight,0.039671
primary,val/Val_Fight/0Ow4cotKOuw_3.avi,9,72,87,Fight,0.032074
primary,val/Val_Fight/0Ow4cotKOuw_3.avi,10,80,95,Fight,0.015202
primary,val/Val_Fight/0Ow4cotKOuw_3.avi,11,88,103,Fight,0.015310
primary,val/Val_Fight/0Ow4cotKOuw_3.avi,12,96,111,Fight,0.032977
primary,val/Val_Fight/0Ow4cotKOuw_3.avi,13,104,119,Fight,0.013231
primary,val/Val_Fight/0Ow4cotKOuw_3.avi,14,112,127,Fight,0.015760
primary,val/Val_Fight/0Ow4cotKOuw_3.avi,15,120,135,Fight,0.033140
primary,val/Val_Fight/0Ow4cotKOuw_3.avi,16,128,143,Fight,0.359096
primary,val/Val_Fight/0Ow4cotKOuw_4.avi,0,0,15,Fight,0.011173
primary,val/Val_Fight/0Ow4cotKOuw_4.avi,1,8,23,Fight,0.009316
primary,val/Val_Fight/0Ow4cotKOuw_4.avi,2,16,31,Fight,0.004950
primary,val/Val_Fight/0Ow4cotKOuw_4.avi,3,24,39,Fight,0.005170
primary,val/Val_Fight/0Ow4cotKOuw_4.avi,4,32,47,Fight,0.003065
primary,val/Val_Fight/0Ow4cotKOuw_4.avi,5,40,55,Fight,0.018196
primary,val/Val_Fight/0Ow4cotKOuw_4.avi,6,48,63,Fight,0.678836
primary,val/Val_Fight/0Ow4cotKOuw_4.avi,7,56,71,Fight,0.069943
primary,val/Val_Fight/0Ow4cotKOuw_4.avi,8,64,79,Fight,0.008678
primary,val/Val_Fight/0Ow4cotKOuw_4.avi,9,72,87,Fight,0.006792
primary,val/Val_Fight/0Ow4cotKOuw_4.avi,10,80,95,Fight,0.057412
primary,val/Val_Fight/0Ow4cotKOuw_4.avi,11,88,103,Fight,0.041199
primary,val/Val_Fight/0Ow4cotKOuw_4.avi,12,96,111,Fight,0.021782
primary,val/Val_Fight/0Ow4cotKOuw_4.avi,13,104,119,Fight,0.008904
primary,val/Val_Fight/0Ow4cotKOuw_4.avi,14,112,127,Fight,0.006025
primary,val/Val_Fight/0Ow4cotKOuw_4.avi,15,120,135,Fight,0.002393
primary,val/Val_Fight/0Ow4cotKOuw_4.avi,16,128,143,Fight,0.002135
primary,val/Val_Fight/1Kbw1bUw_0.avi,0,0,15,Fight,0.324326
primary,val/Val_Fight/1Kbw1bUw_0.avi,1,8,23,Fight,0.318099
primary,val/Val_Fight/1Kbw1bUw_0.avi,2,16,31,Fight,0.307191
primary,val/Val_Fight/1Kbw1bUw_0.avi,3,24,39,Fight,0.290480
primary,val/Val_Fight/1Kbw1bUw_0.avi,4,32,47,Fight,0.288990
primary,val/Val_Fight/1Kbw1bUw_0.avi,5,40,55,Fight,0.311398
primary,val/Val_Fight/1Kbw1bUw_0.avi,6,48,63,Fight,0.288840
primary,val/Val_Fight/1Kbw1bUw_0.avi,7,56,71,Fight,0.287925
primary,val/Val_Fight/1Kbw1bUw_0.avi,8,64,79,Fight,0.296026
primary,val/Val_Fight/1Kbw1bUw_0.avi,9,72,87,Fight,0.247998
primary,val/Val_Fight/1Kbw1bUw_0.avi,10,80,95,Fight,0.244048
primary,val/Val_Fight/1Kbw1bUw_0.avi,11,88,103,Fight,0.286941
primary,val/Val_Fight/1Kbw1bUw_0.avi,12,96,111,Fight,0.241630
primary,val/Val_Fight/1Kbw1bUw_0.avi,13,104,119,Fight,0.185641
primary,val/Val_Fight/1Kbw1bUw_0.avi,14,112,127,Fight,0.217954
primary,val/Val_Fight/1Kbw1bUw_0.avi,15,120,135,Fight,0.364522
primary,val/Val_Fight/1Kbw1bUw_0.avi,16,128,143,Fight,0.288756
primary,val/Val_Fight/1Kbw1bUw_1.avi,0,0,15,Fight,0.373612
primary,val/Val_Fight/1Kbw1bUw_1.avi,1,8,23,Fight,0.310282
primary,val/Val_Fight/1Kbw1bUw_1.avi,2,16,31,Fight,0.317004
primary,val/Val_Fight/1Kbw1bUw_1.avi,3,24,39,Fight,0.318873
primary,val/Val_Fight/1Kbw1bUw_1.avi,4,32,47,Fight,0.352576
primary,val/Val_Fight/1Kbw1bUw_1.avi,5,40,55,Fight,0.307676
primary,val/Val_Fight/1Kbw1bUw_1.avi,6,48,63,Fight,0.308530
primary,val/Val_Fight/1Kbw1bUw_1.avi,7,56,71,Fight,0.382790
primary,val/Val_Fight/1Kbw1bUw_1.avi,8,64,79,Fight,0.374066
primary,val/Val_Fight/1Kbw1bUw_1.avi,9,72,87,Fight,0.330121
primary,val/Val_Fight/1Kbw1bUw_1.avi,10,80,95,Fight,0.325451
primary,val/Val_Fight/1Kbw1bUw_1.avi,11,88,103,Fight,0.414337
primary,val/Val_Fight/1Kbw1bUw_1.avi,12,96,111,Fight,0.438856
primary,val/Val_Fight/1Kbw1bUw_1.avi,13,104,119,Fight,0.367326
primary,val/Val_Fight/1Kbw1bUw_1.avi,14,112,127,Fight,0.346252
primary,val/Val_Fight/1Kbw1bUw_1.avi,15,120,135,Fight,0.268780
primary,val/Val_Fight/1Kbw1bUw_1.avi,16,128,143,Fight,0.238140
primary,val/Val_Fight/1Kbw1bUw_2.avi,0,0,15,Fight,0.239486
primary,val/Val_Fight/1Kbw1bUw_2.avi,1,8,23,Fight,0.261298
primary,val/Val_Fight/1Kbw1bUw_2.avi,2,16,31,Fight,0.271903
primary,val/Val_Fight/1Kbw1bUw_2.avi,3,24,39,Fight,0.231307
primary,val/Val_Fight/1Kbw1bUw_2.avi,4,32,47,Fight,0.279683
primary,val/Val_Fight/1Kbw1bUw_2.avi,5,40,55,Fight,0.218221
primary,val/Val_Fight/1Kbw1bUw_2.avi,6,48,63,Fight,0.207415
primary,val/Val_Fight/1Kbw1bUw_2.avi,7,56,71,Fight,0.309851
primary,val/Val_Fight/1Kbw1bUw_2.avi,8,64,79,Fight,0.289218
primary,val/Val_Fight/1Kbw1bUw_2.avi,9,72,87,Fight,0.226214
primary,val/Val_Fight/1Kbw1bUw_2.avi,10,80,95,Fight,0.225370
primary,val/Val_Fight/1Kbw1bUw_2.avi,11,88,103,Fight,0.319440
primary,val/Val_Fight/1Kbw1bUw_2.avi,12,96,111,Fight,0.294877
primary,val/Val_Fight/1Kbw1bUw_2.avi,13,104,119,Fight,0.239452
primary,val/Val_Fight/1Kbw1bUw_2.avi,14,112,127,Fight,0.311615
primary,val/Val_Fight/1Kbw1bUw_2.avi,15,120,135,Fight,0.344399
primary,val/Val_Fight/1Kbw1bUw_2.avi,16,128,143,Fight,0.293223
primary,val/Val_Fight/1Kbw1bUw_3.avi,0,0,15,Fight,0.270593
primary,val/Val_Fight/1Kbw1bUw_3.avi,1,8,23,Fight,0.235620
primary,val/Val_Fight/1Kbw1bUw_3.avi,2,16,31,Fight,0.210067
primary,val/Val_Fight/1Kbw1bUw_3.avi,3,24,39,Fight,0.209165
primary,val/Val_Fight/1Kbw1bUw_3.avi,4,32,47,Fight,0.269107
primary,val/Val_Fight/1Kbw1bUw_3.avi,5,40,55,Fight,0.253406
primary,val/Val_Fight/1Kbw1bUw_3.avi,6,48,63,Fight,0.257277
primary,val/Val_Fight/1Kbw1bUw_3.avi,7,56,71,Fight,0.283876
primary,val/Val_Fight/1Kbw1bUw_3.avi,8,64,79,Fight,0.293430
primary,val/Val_Fight/1Kbw1bUw_3.avi,9,72,87,Fight,0.229588
primary,val/Val_Fight/1Kbw1bUw_3.avi,10,80,95,Fight,0.224146
primary,val/Val_Fight/1Kbw1bUw_3.avi,11,88,103,Fight,0.216161
primary,val/Val_Fight/1Kbw1bUw_3.avi,12,96,111,Fight,0.218630
primary,val/Val_Fight/1Kbw1bUw_3.avi,13,104,119,Fight,0.204206
primary,val/Val_Fight/1Kbw1bUw_3.avi,14,112,127,Fight,0.205823
primary,val/Val_Fight/1Kbw1bUw_3.avi,15,120,135,Fight,0.243105
primary,val/Val_Fight/1Kbw1bUw_3.avi,16,128,143,Fight,0.214698
primary,val/Val_Fight/1MVS2QPWbHc_0.avi,0,0,15,Fight,0.003582
primary,val/Val_Fight/1MVS2QPWbHc_0.avi,1,8,23,Fight,0.000809
primary,val/Val_Fight/1MVS2QPWbHc_0.avi,2,16,31,Fight,0.000226
primary,val/Val_Fight/1MVS2QPWbHc_0.avi,3,24,39,Fight,0.000710
primary,val/Val_Fight/1MVS2QPWbHc_0.avi,4,32,47,Fight,0.009112
primary,val/Val_Fight/1MVS2QPWbHc_0.avi,5,40,55,Fight,0.020508
primary,val/Val_Fight/1MVS2QPWbHc_0.avi,6,48,63,Fight,0.002675
primary,val/Val_Fight/1MVS2QPWbHc_0.avi,7,56,71,Fight,0.008760
primary,val/Val_Fight/1MVS2QPWbHc_0.avi,8,64,79,Fight,0.003312
primary,val/Val_Fight/1MVS2QPWbHc_0.avi,9,72,87,Fight,0.005645
primary,val/Val_Fight/1MVS2QPWbHc_0.avi,10,80,95,Fight,0.007607
primary,val/Val_Fight/1MVS2QPWbHc_0.avi,11,88,103,Fight,0.048788
primary,val/Val_Fight/1MVS2QPWbHc_0.avi,12,96,111,Fight,0.091683
primary,val/Val_Fight/1MVS2QPWbHc_0.avi,13,104,119,Fight,0.222756
primary,val/Val_Fight/1MVS2QPWbHc_0.avi,14,112,127,Fight,0.015575
primary,val/Val_Fight/1MVS2QPWbHc_0.avi,15,120,135,Fight,0.002440
primary,val/Val_Fight/1MVS2QPWbHc_0.avi,16,128,143,Fight,0.014907
primary,val/Val_Fight/1MVS2QPWbHc_1.avi,0,0,15,Fight,0.000975
primary,val/Val_Fight/1MVS2QPWbHc_1.avi,1,8,23,Fight,0.002793
primary,val/Val_Fight/1MVS2QPWbHc_1.avi,2,16,31,Fight,0.000668
primary,val/Val_Fight/1MVS2QPWbHc_1.avi,3,24,39,Fight,0.006342
primary,val/Val_Fight/1MVS2QPWbHc_1.avi,4,32,47,Fight,0.003492
primary,val/Val_Fight/1MVS2QPWbHc_1.avi,5,40,55,Fight,0.001754
primary,val/Val_Fight/1MVS2QPWbHc_1.avi,6,48,63,Fight,0.004391
primary,val/Val_Fight/1MVS2QPWbHc_1.avi,7,56,71,Fight,0.002005
primary,val/Val_Fight/1MVS2QPWbHc_1.avi,8,64,79,Fight,0.001914
primary,val/Val_Fight/1MVS2QPWbHc_1.avi,9,72,87,Fight,0.001310
primary,val/Val_Fight/1MVS2QPWbHc_1.avi,10,80,95,Fight,0.000483
primary,val/Val_Fight/1MVS2QPWbHc_1.avi,11,88,103,Fight,0.000527
primary,val/Val_Fight/1MVS2QPWbHc_1.avi,12,96,111,Fight,0.011940
primary,val/Val_Fight/1MVS2QPWbHc_1.avi,13,104,119,Fight,0.001633
primary,val/Val_Fight/1MVS2QPWbHc_1.avi,14,112,127,Fight,0.034747
primary,val/Val_Fight/1MVS2QPWbHc_1.avi,15,120,135,Fight,0.040166
primary,val/Val_Fight/1MVS2QPWbHc_1.avi,16,128,143,Fight,0.006045
primary,val/Val_Fight/1MVS2QPWbHc_2.avi,0,0,15,Fight,0.002380
primary,val/Val_Fight/1MVS2QPWbHc_2.avi,1,8,23,Fight,0.003145
primary,val/Val_Fight/1MVS2QPWbHc_2.avi,2,16,31,Fight,0.007297
primary,val/Val_Fight/1MVS2QPWbHc_2.avi,3,24,39,Fight,0.007195
primary,val/Val_Fight/1MVS2QPWbHc_2.avi,4,32,47,Fight,0.001354
primary,val/Val_Fight/1MVS2QPWbHc_2.avi,5,40,55,Fight,0.000452
primary,val/Val_Fight/1MVS2QPWbHc_2.avi,6,48,63,Fight,0.000093
primary,val/Val_Fight/1MVS2QPWbHc_2.avi,7,56,71,Fight,0.008035
primary,val/Val_Fight/1MVS2QPWbHc_2.avi,8,64,79,Fight,0.082214
primary,val/Val_Fight/1MVS2QPWbHc_2.avi,9,72,87,Fight,0.149996
primary,val/Val_Fight/1MVS2QPWbHc_2.avi,10,80,95,Fight,0.066756
primary,val/Val_Fight/1MVS2QPWbHc_2.avi,11,88,103,Fight,0.459038
primary,val/Val_Fight/1MVS2QPWbHc_2.avi,12,96,111,Fight,0.196609
primary,val/Val_Fight/1MVS2QPWbHc_2.avi,13,104,119,Fight,0.131661
primary,val/Val_Fight/1MVS2QPWbHc_2.avi,14,112,127,Fight,0.410253
primary,val/Val_Fight/1MVS2QPWbHc_2.avi,15,120,135,Fight,0.090028
primary,val/Val_Fight/1MVS2QPWbHc_2.avi,16,128,143,Fight,0.102153
primary,val/Val_Fight/1MVS2QPWbHc_3.avi,0,0,15,Fight,0.007251
primary,val/Val_Fight/1MVS2QPWbHc_3.avi,1,8,23,Fight,0.001095
primary,val/Val_Fight/1MVS2QPWbHc_3.avi,2,16,31,Fight,0.039598
primary,val/Val_Fight/1MVS2QPWbHc_3.avi,3,24,39,Fight,0.002700
primary,val/Val_Fight/1MVS2QPWbHc_3.avi,4,32,47,Fight,0.004430
primary,val/Val_Fight/1MVS2QPWbHc_3.avi,5,40,55,Fight,0.032695
primary,val/Val_Fight/1MVS2QPWbHc_3.avi,6,48,63,Fight,0.035458
primary,val/Val_Fight/1MVS2QPWbHc_3.avi,7,56,71,Fight,0.044146
primary,val/Val_Fight/1MVS2QPWbHc_3.avi,8,64,79,Fight,0.052892
primary,val/Val_Fight/1MVS2QPWbHc_3.avi,9,72,87,Fight,0.038219
primary,val/Val_Fight/1MVS2QPWbHc_3.avi,10,80,95,Fight,0.007096
primary,val/Val_Fight/1MVS2QPWbHc_3.avi,11,88,103,Fight,0.011565
primary,val/Val_Fight/1MVS2QPWbHc_3.avi,12,96,111,Fight,0.282241
primary,val/Val_Fight/1MVS2QPWbHc_3.avi,13,104,119,Fight,0.546992
primary,val/Val_Fight/1MVS2QPWbHc_3.avi,14,112,127,Fight,0.318056
primary,val/Val_Fight/1MVS2QPWbHc_3.avi,15,120,135,Fight,0.310686
primary,val/Val_Fight/1MVS2QPWbHc_3.avi,16,128,143,Fight,0.099975
primary,val/Val_Fight/1MVS2QPWbHc_4.avi,0,0,15,Fight,0.025806
primary,val/Val_Fight/1MVS2QPWbHc_4.avi,1,8,23,Fight,0.035040
primary,val/Val_Fight/1MVS2QPWbHc_4.avi,2,16,31,Fight,0.027580
primary,val/Val_Fight/1MVS2QPWbHc_4.avi,3,24,39,Fight,0.004525
primary,val/Val_Fight/1MVS2QPWbHc_4.avi,4,32,47,Fight,0.018731
primary,val/Val_Fight/1MVS2QPWbHc_4.avi,5,40,55,Fight,0.027494
primary,val/Val_Fight/1MVS2QPWbHc_4.avi,6,48,63,Fight,0.350494
primary,val/Val_Fight/1MVS2QPWbHc_4.avi,7,56,71,Fight,0.868143
primary,val/Val_Fight/1MVS2QPWbHc_4.avi,8,64,79,Fight,0.172372
primary,val/Val_Fight/1MVS2QPWbHc_4.avi,9,72,87,Fight,0.056832
primary,val/Val_Fight/1MVS2QPWbHc_4.avi,10,80,95,Fight,0.014775
primary,val/Val_Fight/1MVS2QPWbHc_4.avi,11,88,103,Fight,0.010263
primary,val/Val_Fight/1MVS2QPWbHc_4.avi,12,96,111,Fight,0.034306
primary,val/Val_Fight/1MVS2QPWbHc_4.avi,13,104,119,Fight,0.033668
primary,val/Val_Fight/1MVS2QPWbHc_4.avi,14,112,127,Fight,0.129348
primary,val/Val_Fight/1MVS2QPWbHc_4.avi,15,120,135,Fight,0.495283
primary,val/Val_Fight/1MVS2QPWbHc_4.avi,16,128,143,Fight,0.682752
primary,val/Val_Fight/1MVS2QPWbHc_5.avi,0,0,15,Fight,0.086947
primary,val/Val_Fight/1MVS2QPWbHc_5.avi,1,8,23,Fight,0.096218
primary,val/Val_Fight/1MVS2QPWbHc_5.avi,2,16,31,Fight,0.106919
primary,val/Val_Fight/1MVS2QPWbHc_5.avi,3,24,39,Fight,0.048180
primary,val/Val_Fight/1MVS2QPWbHc_5.avi,4,32,47,Fight,0.025435
primary,val/Val_Fight/1MVS2QPWbHc_5.avi,5,40,55,Fight,0.071410
primary,val/Val_Fight/1MVS2QPWbHc_5.avi,6,48,63,Fight,0.040655
primary,val/Val_Fight/1MVS2QPWbHc_5.avi,7,56,71,Fight,0.037667
primary,val/Val_Fight/1MVS2QPWbHc_5.avi,8,64,79,Fight,0.062429
primary,val/Val_Fight/1MVS2QPWbHc_5.avi,9,72,87,Fight,0.021049
primary,val/Val_Fight/1MVS2QPWbHc_5.avi,10,80,95,Fight,0.014107
primary,val/Val_Fight/1MVS2QPWbHc_5.avi,11,88,103,Fight,0.029407
primary,val/Val_Fight/1MVS2QPWbHc_5.avi,12,96,111,Fight,0.021353
primary,val/Val_Fight/1MVS2QPWbHc_5.avi,13,104,119,Fight,0.026555
primary,val/Val_Fight/1MVS2QPWbHc_5.avi,14,112,127,Fight,0.052765
primary,val/Val_Fight/1MVS2QPWbHc_5.avi,15,120,135,Fight,0.058449
primary,val/Val_Fight/1MVS2QPWbHc_5.avi,16,128,143,Fight,0.048909
primary,val/Val_Fight/39BFeYnbu-I_0.avi,0,0,15,Fight,0.856448
primary,val/Val_Fight/39BFeYnbu-I_0.avi,1,8,23,Fight,0.998932
primary,val/Val_Fight/39BFeYnbu-I_0.avi,2,16,31,Fight,0.992182
primary,val/Val_Fight/39BFeYnbu-I_0.avi,3,24,39,Fight,0.961132
primary,val/Val_Fight/39BFeYnbu-I_0.avi,4,32,47,Fight,0.992317
primary,val/Val_Fight/39BFeYnbu-I_0.avi,5,40,55,Fight,0.969134
primary,val/Val_Fight/39BFeYnbu-I_0.avi,6,48,63,Fight,0.681810
primary,val/Val_Fight/39BFeYnbu-I_0.avi,7,56,71,Fight,0.280389
primary,val/Val_Fight/39BFeYnbu-I_0.avi,8,64,79,Fight,0.989332
primary,val/Val_Fight/39BFeYnbu-I_0.avi,9,72,87,Fight,0.861683
primary,val/Val_Fight/39BFeYnbu-I_0.avi,10,80,95,Fight,0.637333
primary,val/Val_Fight/39BFeYnbu-I_0.avi,11,88,103,Fight,0.696650
primary,val/Val_Fight/39BFeYnbu-I_0.avi,12,96,111,Fight,0.709315
primary,val/Val_Fight/39BFeYnbu-I_0.avi,13,104,119,Fight,0.580486
primary,val/Val_Fight/39BFeYnbu-I_0.avi,14,112,127,Fight,0.115682
primary,val/Val_Fight/39BFeYnbu-I_0.avi,15,120,135,Fight,0.153070
primary,val/Val_Fight/39BFeYnbu-I_0.avi,16,128,143,Fight,0.020217
primary,val/Val_Fight/39BFeYnbu-I_1.avi,0,0,15,Fight,0.693571
primary,val/Val_Fight/39BFeYnbu-I_1.avi,1,8,23,Fight,0.447115
primary,val/Val_Fight/39BFeYnbu-I_1.avi,2,16,31,Fight,0.345770
primary,val/Val_Fight/39BFeYnbu-I_1.avi,3,24,39,Fight,0.222350
primary,val/Val_Fight/39BFeYnbu-I_1.avi,4,32,47,Fight,0.298220
primary,val/Val_Fight/39BFeYnbu-I_1.avi,5,40,55,Fight,0.090048
primary,val/Val_Fight/39BFeYnbu-I_1.avi,6,48,63,Fight,0.269645
primary,val/Val_Fight/39BFeYnbu-I_1.avi,7,56,71,Fight,0.221899
primary,val/Val_Fight/39BFeYnbu-I_1.avi,8,64,79,Fight,0.140439
primary,val/Val_Fight/39BFeYnbu-I_1.avi,9,72,87,Fight,0.065401
primary,val/Val_Fight/39BFeYnbu-I_1.avi,10,80,95,Fight,0.360876
primary,val/Val_Fight/39BFeYnbu-I_1.avi,11,88,103,Fight,0.643723
primary,val/Val_Fight/39BFeYnbu-I_1.avi,12,96,111,Fight,0.737797
primary,val/Val_Fight/39BFeYnbu-I_1.avi,13,104,119,Fight,0.285237
primary,val/Val_Fight/39BFeYnbu-I_1.avi,14,112,127,Fight,0.239179
primary,val/Val_Fight/39BFeYnbu-I_1.avi,15,120,135,Fight,0.884567
primary,val/Val_Fight/39BFeYnbu-I_1.avi,16,128,143,Fight,0.387785
primary,val/Val_Fight/39BFeYnbu-I_2.avi,0,0,15,Fight,0.070079
primary,val/Val_Fight/39BFeYnbu-I_2.avi,1,8,23,Fight,0.050494
primary,val/Val_Fight/39BFeYnbu-I_2.avi,2,16,31,Fight,0.167625
primary,val/Val_Fight/39BFeYnbu-I_2.avi,3,24,39,Fight,0.068273
primary,val/Val_Fight/39BFeYnbu-I_2.avi,4,32,47,Fight,0.572076
primary,val/Val_Fight/39BFeYnbu-I_2.avi,5,40,55,Fight,0.338432
primary,val/Val_Fight/39BFeYnbu-I_2.avi,6,48,63,Fight,0.182715
primary,val/Val_Fight/39BFeYnbu-I_2.avi,7,56,71,Fight,0.130397
primary,val/Val_Fight/39BFeYnbu-I_2.avi,8,64,79,Fight,0.080724
primary,val/Val_Fight/39BFeYnbu-I_2.avi,9,72,87,Fight,0.189381
primary,val/Val_Fight/39BFeYnbu-I_2.avi,10,80,95,Fight,0.158086
primary,val/Val_Fight/39BFeYnbu-I_2.avi,11,88,103,Fight,0.487104
primary,val/Val_Fight/39BFeYnbu-I_2.avi,12,96,111,Fight,0.499418
primary,val/Val_Fight/39BFeYnbu-I_2.avi,13,104,119,Fight,0.161696
primary,val/Val_Fight/39BFeYnbu-I_2.avi,14,112,127,Fight,0.110018
primary,val/Val_Fight/39BFeYnbu-I_2.avi,15,120,135,Fight,0.894446
primary,val/Val_Fight/39BFeYnbu-I_2.avi,16,128,143,Fight,0.172704
primary,val/Val_Fight/39BFeYnbu-I_3.avi,0,0,15,Fight,0.354903
primary,val/Val_Fight/39BFeYnbu-I_3.avi,1,8,23,Fight,0.122850
primary,val/Val_Fight/39BFeYnbu-I_3.avi,2,16,31,Fight,0.763829
primary,val/Val_Fight/39BFeYnbu-I_3.avi,3,24,39,Fight,0.185372
primary,val/Val_Fight/39BFeYnbu-I_3.avi,4,32,47,Fight,0.046408
primary,val/Val_Fight/39BFeYnbu-I_3.avi,5,40,55,Fight,0.162625
primary,val/Val_Fight/39BFeYnbu-I_3.avi,6,48,63,Fight,0.259744
primary,val/Val_Fight/39BFeYnbu-I_3.avi,7,56,71,Fight,0.850183
primary,val/Val_Fight/39BFeYnbu-I_3.avi,8,64,79,Fight,0.436025
primary,val/Val_Fight/39BFeYnbu-I_3.avi,9,72,87,Fight,0.459670
primary,val/Val_Fight/39BFeYnbu-I_3.avi,10,80,95,Fight,0.531608
primary,val/Val_Fight/39BFeYnbu-I_3.avi,11,88,103,Fight,0.312228
primary,val/Val_Fight/39BFeYnbu-I_3.avi,12,96,111,Fight,0.148836
primary,val/Val_Fight/39BFeYnbu-I_3.avi,13,104,119,Fight,0.312919
primary,val/Val_Fight/39BFeYnbu-I_3.avi,14,112,127,Fight,0.510579
primary,val/Val_Fight/39BFeYnbu-I_3.avi,15,120,135,Fight,0.912706
primary,val/Val_Fight/39BFeYnbu-I_3.avi,16,128,143,Fight,0.820961
primary,val/Val_Fight/39BFeYnbu-I_4.avi,0,0,15,Fight,0.910202
primary,val/Val_Fight/39BFeYnbu-I_4.avi,1,8,23,Fight,0.997294
primary,val/Val_Fight/39BFeYnbu-I_4.avi,2,16,31,Fight,0.986350
primary,val/Val_Fight/39BFeYnbu-I_4.avi,3,24,39,Fight,0.581667
primary,val/Val_Fight/39BFeYnbu-I_4.avi,4,32,47,Fight,0.901769
primary,val/Val_Fight/39BFeYnbu-I_4.avi,5,40,55,Fight,0.508405
primary,val/Val_Fight/39BFeYnbu-I_4.avi,6,48,63,Fight,0.187604
primary,val/Val_Fight/39BFeYnbu-I_4.avi,7,56,71,Fight,0.100638
primary,val/Val_Fight/39BFeYnbu-I_4.avi,8,64,79,Fight,0.082791
primary,val/Val_Fight/39BFeYnbu-I_4.avi,9,72,87,Fight,0.458437
primary,val/Val_Fight/39BFeYnbu-I_4.avi,10,80,95,Fight,0.188338
primary,val/Val_Fight/39BFeYnbu-I_4.avi,11,88,103,Fight,0.144320
primary,val/Val_Fight/39BFeYnbu-I_4.avi,12,96,111,Fight,0.442245
primary,val/Val_Fight/39BFeYnbu-I_4.avi,13,104,119,Fight,0.356179
primary,val/Val_Fight/39BFeYnbu-I_4.avi,14,112,127,Fight,0.537214
primary,val/Val_Fight/39BFeYnbu-I_4.avi,15,120,135,Fight,0.847715
primary,val/Val_Fight/39BFeYnbu-I_4.avi,16,128,143,Fight,0.809967
primary,val/Val_Fight/39BFeYnbu-I_5.avi,0,0,15,Fight,0.719803
primary,val/Val_Fight/39BFeYnbu-I_5.avi,1,8,23,Fight,0.532378
primary,val/Val_Fight/39BFeYnbu-I_5.avi,2,16,31,Fight,0.197852
primary,val/Val_Fight/39BFeYnbu-I_5.avi,3,24,39,Fight,0.102910
primary,val/Val_Fight/39BFeYnbu-I_5.avi,4,32,47,Fight,0.039025
primary,val/Val_Fight/39BFeYnbu-I_5.avi,5,40,55,Fight,0.045999
primary,val/Val_Fight/39BFeYnbu-I_5.avi,6,48,63,Fight,0.040017
primary,val/Val_Fight/39BFeYnbu-I_5.avi,7,56,71,Fight,0.017843
primary,val/Val_Fight/39BFeYnbu-I_5.avi,8,64,79,Fight,0.254463
primary,val/Val_Fight/39BFeYnbu-I_5.avi,9,72,87,Fight,0.578013
primary,val/Val_Fight/39BFeYnbu-I_5.avi,10,80,95,Fight,0.390871
primary,val/Val_Fight/39BFeYnbu-I_5.avi,11,88,103,Fight,0.102562
primary,val/Val_Fight/39BFeYnbu-I_5.avi,12,96,111,Fight,0.051004
primary,val/Val_Fight/39BFeYnbu-I_5.avi,13,104,119,Fight,0.007219
primary,val/Val_Fight/39BFeYnbu-I_5.avi,14,112,127,Fight,0.014868
primary,val/Val_Fight/39BFeYnbu-I_5.avi,15,120,135,Fight,0.031773
primary,val/Val_Fight/39BFeYnbu-I_5.avi,16,128,143,Fight,0.021752
primary,val/Val_Fight/39BFeYnbu-I_6.avi,0,0,15,Fight,0.252359
primary,val/Val_Fight/39BFeYnbu-I_6.avi,1,8,23,Fight,0.382166
primary,val/Val_Fight/39BFeYnbu-I_6.avi,2,16,31,Fight,0.536885
primary,val/Val_Fight/39BFeYnbu-I_6.avi,3,24,39,Fight,0.547413
primary,val/Val_Fight/39BFeYnbu-I_6.avi,4,32,47,Fight,0.415159
primary,val/Val_Fight/39BFeYnbu-I_6.avi,5,40,55,Fight,0.415520
primary,val/Val_Fight/39BFeYnbu-I_6.avi,6,48,63,Fight,0.380541
primary,val/Val_Fight/39BFeYnbu-I_6.avi,7,56,71,Fight,0.659714
primary,val/Val_Fight/39BFeYnbu-I_6.avi,8,64,79,Fight,0.962605
primary,val/Val_Fight/39BFeYnbu-I_6.avi,9,72,87,Fight,0.993547
primary,val/Val_Fight/39BFeYnbu-I_6.avi,10,80,95,Fight,0.902359
primary,val/Val_Fight/39BFeYnbu-I_6.avi,11,88,103,Fight,0.894745
primary,val/Val_Fight/39BFeYnbu-I_6.avi,12,96,111,Fight,0.989624
primary,val/Val_Fight/39BFeYnbu-I_6.avi,13,104,119,Fight,0.998615
primary,val/Val_Fight/39BFeYnbu-I_6.avi,14,112,127,Fight,0.999757
primary,val/Val_Fight/39BFeYnbu-I_6.avi,15,120,135,Fight,1.000000
primary,val/Val_Fight/39BFeYnbu-I_6.avi,16,128,143,Fight,1.000000
primary,val/Val_Fight/39BFeYnbu-I_7.avi,0,0,15,Fight,0.999998
primary,val/Val_Fight/39BFeYnbu-I_7.avi,1,8,23,Fight,0.993232
primary,val/Val_Fight/39BFeYnbu-I_7.avi,2,16,31,Fight,0.966286
primary,val/Val_Fight/39BFeYnbu-I_7.avi,3,24,39,Fight,0.935937
primary,val/Val_Fight/39BFeYnbu-I_7.avi,4,32,47,Fight,0.938678
primary,val/Val_Fight/39BFeYnbu-I_7.avi,5,40,55,Fight,0.998170
primary,val/Val_Fight/39BFeYnbu-I_7.avi,6,48,63,Fight,0.999541
primary,val/Val_Fight/39BFeYnbu-I_7.avi,7,56,71,Fight,0.952892
primary,val/Val_Fight/39BFeYnbu-I_7.avi,8,64,79,Fight,0.980971
primary,val/Val_Fight/39BFeYnbu-I_7.avi,9,72,87,Fight,0.432573
primary,val/Val_Fight/39BFeYnbu-I_7.avi,10,80,95,Fight,0.948541
primary,val/Val_Fight/39BFeYnbu-I_7.avi,11,88,103,Fight,0.909698
primary,val/Val_Fight/39BFeYnbu-I_7.avi,12,96,111,Fight,0.998986
primary,val/Val_Fight/39BFeYnbu-I_7.avi,13,104,119,Fight,0.987079
primary,val/Val_Fight/39BFeYnbu-I_7.avi,14,112,127,Fight,0.936493
primary,val/Val_Fight/39BFeYnbu-I_7.avi,15,120,135,Fight,0.836680
primary,val/Val_Fight/39BFeYnbu-I_7.avi,16,128,143,Fight,0.692020
primary,val/Val_Fight/39BFeYnbu-I_8.avi,0,0,15,Fight,0.182484
primary,val/Val_Fight/39BFeYnbu-I_8.avi,1,8,23,Fight,0.806341
primary,val/Val_Fight/39BFeYnbu-I_8.avi,2,16,31,Fight,0.388224
primary,val/Val_Fight/39BFeYnbu-I_8.avi,3,24,39,Fight,0.643572
primary,val/Val_Fight/39BFeYnbu-I_8.avi,4,32,47,Fight,0.388243
primary,val/Val_Fight/39BFeYnbu-I_8.avi,5,40,55,Fight,0.312110
primary,val/Val_Fight/39BFeYnbu-I_8.avi,6,48,63,Fight,0.296403
primary,val/Val_Fight/39BFeYnbu-I_8.avi,7,56,71,Fight,0.312692
primary,val/Val_Fight/39BFeYnbu-I_8.avi,8,64,79,Fight,0.329259
primary,val/Val_Fight/39BFeYnbu-I_8.avi,9,72,87,Fight,0.735686
primary,val/Val_Fight/39BFeYnbu-I_8.avi,10,80,95,Fight,0.859868
primary,val/Val_Fight/39BFeYnbu-I_8.avi,11,88,103,Fight,0.860645
primary,val/Val_Fight/39BFeYnbu-I_8.avi,12,96,111,Fight,0.499015
primary,val/Val_Fight/39BFeYnbu-I_8.avi,13,104,119,Fight,0.792722
primary,val/Val_Fight/39BFeYnbu-I_8.avi,14,112,127,Fight,0.984071
primary,val/Val_Fight/39BFeYnbu-I_8.avi,15,120,135,Fight,0.997860
primary,val/Val_Fight/39BFeYnbu-I_8.avi,16,128,143,Fight,0.999490
primary,val/Val_Fight/48J5lk4QcpE_0.avi,0,0,15,Fight,0.059973
primary,val/Val_Fight/48J5lk4QcpE_0.avi,1,8,23,Fight,0.022233
primary,val/Val_Fight/48J5lk4QcpE_0.avi,2,16,31,Fight,0.028286
primary,val/Val_Fight/48J5lk4QcpE_0.avi,3,24,39,Fight,0.020821
primary,val/Val_Fight/48J5lk4QcpE_0.avi,4,32,47,Fight,0.028248
primary,val/Val_Fight/48J5lk4QcpE_0.avi,5,40,55,Fight,0.018787
primary,val/Val_Fight/48J5lk4QcpE_0.avi,6,48,63,Fight,0.270250
primary,val/Val_Fight/48J5lk4QcpE_0.avi,7,56,71,Fight,0.069009
primary,val/Val_Fight/48J5lk4QcpE_0.avi,8,64,79,Fight,0.063354
primary,val/Val_Fight/48J5lk4QcpE_0.avi,9,72,87,Fight,0.129323
primary,val/Val_Fight/48J5lk4QcpE_0.avi,10,80,95,Fight,0.076254
primary,val/Val_Fight/48J5lk4QcpE_0.avi,11,88,103,Fight,0.059356
primary,val/Val_Fight/48J5lk4QcpE_0.avi,12,96,111,Fight,0.194340
primary,val/Val_Fight/48J5lk4QcpE_0.avi,13,104,119,Fight,0.144287
primary,val/Val_Fight/48J5lk4QcpE_0.avi,14,112,127,Fight,0.044969
primary,val/Val_Fight/48J5lk4QcpE_0.avi,15,120,135,Fight,0.074049
primary,val/Val_Fight/48J5lk4QcpE_0.avi,16,128,143,Fight,0.049285
primary,val/Val_Fight/48J5lk4QcpE_1.avi,0,0,15,Fight,0.307609
primary,val/Val_Fight/48J5lk4QcpE_1.avi,1,8,23,Fight,0.151776
primary,val/Val_Fight/48J5lk4QcpE_1.avi,2,16,31,Fight,0.013642
primary,val/Val_Fight/48J5lk4QcpE_1.avi,3,24,39,Fight,0.014920
primary,val/Val_Fight/48J5lk4QcpE_1.avi,4,32,47,Fight,0.030158
primary,val/Val_Fight/48J5lk4QcpE_1.avi,5,40,55,Fight,0.035621
primary,val/Val_Fight/48J5lk4QcpE_1.avi,6,48,63,Fight,0.020221
primary,val/Val_Fight/48J5lk4QcpE_1.avi,7,56,71,Fight,0.067636
primary,val/Val_Fight/48J5lk4QcpE_1.avi,8,64,79,Fight,0.149019
primary,val/Val_Fight/48J5lk4QcpE_1.avi,9,72,87,Fight,0.138829
primary,val/Val_Fight/48J5lk4QcpE_1.avi,10,80,95,Fight,0.105933
primary,val/Val_Fight/48J5lk4QcpE_1.avi,11,88,103,Fight,0.312148
primary,val/Val_Fight/48J5lk4QcpE_1.avi,12,96,111,Fight,0.074963
primary,val/Val_Fight/48J5lk4QcpE_1.avi,13,104,119,Fight,0.026782
primary,val/Val_Fight/48J5lk4QcpE_1.avi,14,112,127,Fight,0.023301
primary,val/Val_Fight/48J5lk4QcpE_1.avi,15,120,135,Fight,0.008335
primary,val/Val_Fight/48J5lk4QcpE_1.avi,16,128,143,Fight,0.009316
primary,val/Val_Fight/48J5lk4QcpE_2.avi,0,0,15,Fight,0.138890
primary,val/Val_Fight/48J5lk4QcpE_2.avi,1,8,23,Fight,0.070506
primary,val/Val_Fight/48J5lk4QcpE_2.avi,2,16,31,Fight,0.082112
primary,val/Val_Fight/48J5lk4QcpE_2.avi,3,24,39,Fight,0.007577
primary,val/Val_Fight/48J5lk4QcpE_2.avi,4,32,47,Fight,0.013671
primary,val/Val_Fight/48J5lk4QcpE_2.avi,5,40,55,Fight,0.164692
primary,val/Val_Fight/48J5lk4QcpE_2.avi,6,48,63,Fight,0.152429
primary,val/Val_Fight/48J5lk4QcpE_2.avi,7,56,71,Fight,0.311813
primary,val/Val_Fight/48J5lk4QcpE_2.avi,8,64,79,Fight,0.070864
primary,val/Val_Fight/48J5lk4QcpE_2.avi,9,72,87,Fight,0.014000
primary,val/Val_Fight/48J5lk4QcpE_2.avi,10,80,95,Fight,0.016310
primary,val/Val_Fight/48J5lk4QcpE_2.avi,11,88,103,Fight,0.032535
primary,val/Val_Fight/48J5lk4QcpE_2.avi,12,96,111,Fight,0.021957
primary,val/Val_Fight/48J5lk4QcpE_2.avi,13,104,119,Fight,0.041449
primary,val/Val_Fight/48J5lk4QcpE_2.avi,14,112,127,Fight,0.022174
primary,val/Val_Fight/48J5lk4QcpE_2.avi,15,120,135,Fight,0.005196
primary,val/Val_Fight/48J5lk4QcpE_2.avi,16,128,143,Fight,0.001113
primary,val/Val_Fight/48J5lk4QcpE_3.avi,0,0,15,Fight,0.006947
primary,val/Val_Fight/48J5lk4QcpE_3.avi,1,8,23,Fight,0.006866
primary,val/Val_Fight/48J5lk4QcpE_3.avi,2,16,31,Fight,0.005055
primary,val/Val_Fight/48J5lk4QcpE_3.avi,3,24,39,Fight,0.019171
primary,val/Val_Fight/48J5lk4QcpE_3.avi,4,32,47,Fight,0.020260
primary,val/Val_Fight/48J5lk4QcpE_3.avi,5,40,55,Fight,0.076118
primary,val/Val_Fight/48J5lk4QcpE_3.avi,6,48,63,Fight,0.029637
primary,val/Val_Fight/48J5lk4QcpE_3.avi,7,56,71,Fight,0.018922
primary,val/Val_Fight/48J5lk4QcpE_3.avi,8,64,79,Fight,0.013703
primary,val/Val_Fight/48J5lk4QcpE_3.avi,9,72,87,Fight,0.035566
primary,val/Val_Fight/48J5lk4QcpE_3.avi,10,80,95,Fight,0.050301
primary,val/Val_Fight/48J5lk4QcpE_3.avi,11,88,103,Fight,0.046578
primary,val/Val_Fight/48J5lk4QcpE_3.avi,12,96,111,Fight,0.028734
primary,val/Val_Fight/48J5lk4QcpE_3.avi,13,104,119,Fight,0.017746
primary,val/Val_Fight/48J5lk4QcpE_3.avi,14,112,127,Fight,0.018298
primary,val/Val_Fight/48J5lk4QcpE_3.avi,15,120,135,Fight,0.040041
primary,val/Val_Fight/48J5lk4QcpE_3.avi,16,128,143,Fight,0.010397
primary,val/Val_Fight/6Rl7q_kXYbg_0.avi,0,0,15,Fight,0.003544
primary,val/Val_Fight/6Rl7q_kXYbg_0.avi,1,8,23,Fight,0.868923
primary,val/Val_Fight/6Rl7q_kXYbg_0.avi,2,16,31,Fight,0.299614
primary,val/Val_Fight/6Rl7q_kXYbg_0.avi,3,24,39,Fight,0.007125
primary,val/Val_Fight/6Rl7q_kXYbg_0.avi,4,32,47,Fight,0.006943
primary,val/Val_Fight/6Rl7q_kXYbg_0.avi,5,40,55,Fight,0.182039
primary,val/Val_Fight/6Rl7q_kXYbg_0.avi,6,48,63,Fight,0.646717
primary,val/Val_Fight/6Rl7q_kXYbg_0.avi,7,56,71,Fight,0.003317
primary,val/Val_Fight/6Rl7q_kXYbg_0.avi,8,64,79,Fight,0.003372
primary,val/Val_Fight/6Rl7q_kXYbg_0.avi,9,72,87,Fight,0.028097
primary,val/Val_Fight/6Rl7q_kXYbg_0.avi,10,80,95,Fight,0.012297
primary,val/Val_Fight/6Rl7q_kXYbg_0.avi,11,88,103,Fight,0.005221
primary,val/Val_Fight/6Rl7q_kXYbg_0.avi,12,96,111,Fight,0.005419
primary,val/Val_Fight/6Rl7q_kXYbg_0.avi,13,104,119,Fight,0.007311
primary,val/Val_Fight/6Rl7q_kXYbg_0.avi,14,112,127,Fight,0.008372
primary,val/Val_Fight/6Rl7q_kXYbg_0.avi,15,120,135,Fight,0.008594
primary,val/Val_Fight/6Rl7q_kXYbg_0.avi,16,128,143,Fight,0.008512
primary,val/Val_Fight/6Rl7q_kXYbg_1.avi,0,0,15,Fight,0.017748
primary,val/Val_Fight/6Rl7q_kXYbg_1.avi,1,8,23,Fight,0.005948
primary,val/Val_Fight/6Rl7q_kXYbg_1.avi,2,16,31,Fight,0.006878
primary,val/Val_Fight/6Rl7q_kXYbg_1.avi,3,24,39,Fight,0.007018
primary,val/Val_Fight/6Rl7q_kXYbg_1.avi,4,32,47,Fight,0.006746
primary,val/Val_Fight/6Rl7q_kXYbg_1.avi,5,40,55,Fight,0.006153
primary,val/Val_Fight/6Rl7q_kXYbg_1.avi,6,48,63,Fight,0.005308
primary,val/Val_Fight/6Rl7q_kXYbg_1.avi,7,56,71,Fight,0.005199
primary,val/Val_Fight/6Rl7q_kXYbg_1.avi,8,64,79,Fight,0.033160
primary,val/Val_Fight/6Rl7q_kXYbg_1.avi,9,72,87,Fight,0.002112
primary,val/Val_Fight/6Rl7q_kXYbg_1.avi,10,80,95,Fight,0.000602
primary,val/Val_Fight/6Rl7q_kXYbg_1.avi,11,88,103,Fight,0.008752
primary,val/Val_Fight/6Rl7q_kXYbg_1.avi,12,96,111,Fight,0.246882
primary,val/Val_Fight/6Rl7q_kXYbg_1.avi,13,104,119,Fight,0.004370
primary,val/Val_Fight/6Rl7q_kXYbg_1.avi,14,112,127,Fight,0.004357
primary,val/Val_Fight/6Rl7q_kXYbg_1.avi,15,120,135,Fight,0.397761
primary,val/Val_Fight/6Rl7q_kXYbg_1.avi,16,128,143,Fight,0.672109
primary,val/Val_Fight/6Rl7q_kXYbg_2.avi,0,0,15,Fight,0.037211
primary,val/Val_Fight/6Rl7q_kXYbg_2.avi,1,8,23,Fight,0.104553
primary,val/Val_Fight/6Rl7q_kXYbg_2.avi,2,16,31,Fight,0.002326
primary,val/Val_Fight/6Rl7q_kXYbg_2.avi,3,24,39,Fight,0.002359
primary,val/Val_Fight/6Rl7q_kXYbg_2.avi,4,32,47,Fight,0.146307
primary,val/Val_Fight/6Rl7q_kXYbg_2.avi,5,40,55,Fight,0.161480
primary,val/Val_Fight/6Rl7q_kXYbg_2.avi,6,48,63,Fight,0.032582
primary,val/Val_Fight/6Rl7q_kXYbg_2.avi,7,56,71,Fight,0.038803
primary,val/Val_Fight/6Rl7q_kXYbg_2.avi,8,64,79,Fight,0.840758
primary,val/Val_Fight/6Rl7q_kXYbg_2.avi,9,72,87,Fight,0.061030
primary,val/Val_Fight/6Rl7q_kXYbg_2.avi,10,80,95,Fight,0.000947
primary,val/Val_Fight/6Rl7q_kXYbg_2.avi,11,88,103,Fight,0.005218
primary,val/Val_Fight/6Rl7q_kXYbg_2.avi,12,96,111,Fight,0.021612
primary,val/Val_Fight/6Rl7q_kXYbg_2.avi,13,104,119,Fight,0.001014
primary,val/Val_Fight/6Rl7q_kXYbg_2.avi,14,112,127,Fight,0.000917
primary,val/Val_Fight/6Rl7q_kXYbg_2.avi,15,120,135,Fight,0.021728
primary,val/Val_Fight/6Rl7q_kXYbg_2.avi,16,128,143,Fight,0.135757
primary,val/Val_Fight/6Rl7q_kXYbg_3.avi,0,0,15,Fight,0.002067
primary,val/Val_Fight/6Rl7q_kXYbg_3.avi,1,8,23,Fight,0.003702
primary,val/Val_Fight/6Rl7q_kXYbg_3.avi,2,16,31,Fight,0.001313
primary,val/Val_Fight/6Rl7q_kXYbg_3.avi,3,24,39,Fight,0.001388
primary,val/Val_Fight/6Rl7q_kXYbg_3.avi,4,32,47,Fight,0.006283
primary,val/Val_Fight/6Rl7q_kXYbg_3.avi,5,40,55,Fight,0.011740
primary,val/Val_Fight/6Rl7q_kXYbg_3.avi,6,48,63,Fight,0.002268
primary,val/Val_Fight/6Rl7q_kXYbg_3.avi,7,56,71,Fight,0.002228
primary,val/Val_Fight/6Rl7q_kXYbg_3.avi,8,64,79,Fight,0.010116
primary,val/Val_Fight/6Rl7q_kXYbg_3.avi,9,72,87,Fight,0.005417
primary,val/Val_Fight/6Rl7q_kXYbg_3.avi,10,80,95,Fight,0.002459
primary,val/Val_Fight/6Rl7q_kXYbg_3.avi,11,88,103,Fight,0.012329
primary,val/Val_Fight/6Rl7q_kXYbg_3.avi,12,96,111,Fight,0.037177
primary,val/Val_Fight/6Rl7q_kXYbg_3.avi,13,104,119,Fight,0.002985
primary,val/Val_Fight/6Rl7q_kXYbg_3.avi,14,112,127,Fight,0.002955
primary,val/Val_Fight/6Rl7q_kXYbg_3.avi,15,120,135,Fight,0.011356
primary,val/Val_Fight/6Rl7q_kXYbg_3.avi,16,128,143,Fight,0.026756
primary,val/Val_Fight/6Rl7q_kXYbg_4.avi,0,0,15,Fight,0.012135
primary,val/Val_Fight/6Rl7q_kXYbg_4.avi,1,8,23,Fight,0.010012
primary,val/Val_Fight/6Rl7q_kXYbg_4.avi,2,16,31,Fight,0.002056
primary,val/Val_Fight/6Rl7q_kXYbg_4.avi,3,24,39,Fight,0.001988
primary,val/Val_Fight/6Rl7q_kXYbg_4.avi,4,32,47,Fight,0.004938
primary,val/Val_Fight/6Rl7q_kXYbg_4.avi,5,40,55,Fight,0.004319
primary,val/Val_Fight/6Rl7q_kXYbg_4.avi,6,48,63,Fight,0.001072
primary,val/Val_Fight/6Rl7q_kXYbg_4.avi,7,56,71,Fight,0.001308
primary,val/Val_Fight/6Rl7q_kXYbg_4.avi,8,64,79,Fight,0.003777
primary,val/Val_Fight/6Rl7q_kXYbg_4.avi,9,72,87,Fight,0.001824
primary,val/Val_Fight/6Rl7q_kXYbg_4.avi,10,80,95,Fight,0.001576
primary,val/Val_Fight/6Rl7q_kXYbg_4.avi,11,88,103,Fight,0.002698
primary,val/Val_Fight/6Rl7q_kXYbg_4.avi,12,96,111,Fight,0.003570
primary,val/Val_Fight/6Rl7q_kXYbg_4.avi,13,104,119,Fight,0.002948
primary,val/Val_Fight/6Rl7q_kXYbg_4.avi,14,112,127,Fight,0.002871
primary,val/Val_Fight/6Rl7q_kXYbg_4.avi,15,120,135,Fight,0.004007
primary,val/Val_Fight/6Rl7q_kXYbg_4.avi,16,128,143,Fight,0.004480
primary,val/Val_Fight/6Rl7q_kXYbg_5.avi,0,0,15,Fight,0.005219
primary,val/Val_Fight/6Rl7q_kXYbg_5.avi,1,8,23,Fight,0.005379
primary,val/Val_Fight/6Rl7q_kXYbg_5.avi,2,16,31,Fight,0.003192
primary,val/Val_Fight/6Rl7q_kXYbg_5.avi,3,24,39,Fight,0.003090
primary,val/Val_Fight/6Rl7q_kXYbg_5.avi,4,32,47,Fight,0.012662
primary,val/Val_Fight/6Rl7q_kXYbg_5.avi,5,40,55,Fight,0.008479
primary,val/Val_Fight/6Rl7q_kXYbg_5.avi,6,48,63,Fight,0.002093
primary,val/Val_Fight/6Rl7q_kXYbg_5.avi,7,56,71,Fight,0.002082
primary,val/Val_Fight/6Rl7q_kXYbg_5.avi,8,64,79,Fight,0.036452
primary,val/Val_Fight/6Rl7q_kXYbg_5.avi,9,72,87,Fight,0.001504
primary,val/Val_Fight/6Rl7q_kXYbg_5.avi,10,80,95,Fight,0.001445
primary,val/Val_Fight/6Rl7q_kXYbg_5.avi,11,88,103,Fight,0.003748
primary,val/Val_Fight/6Rl7q_kXYbg_5.avi,12,96,111,Fight,0.008215
primary,val/Val_Fight/6Rl7q_kXYbg_5.avi,13,104,119,Fight,0.001137
primary,val/Val_Fight/6Rl7q_kXYbg_5.avi,14,112,127,Fight,0.001122
primary,val/Val_Fight/6Rl7q_kXYbg_5.avi,15,120,135,Fight,0.006598
primary,val/Val_Fight/6Rl7q_kXYbg_5.avi,16,128,143,Fight,0.009074
primary,val/Val_Fight/7gLKFV5voOg_0.avi,0,0,15,Fight,0.005625
primary,val/Val_Fight/7gLKFV5voOg_0.avi,1,8,23,Fight,0.001667
primary,val/Val_Fight/7gLKFV5voOg_0.avi,2,16,31,Fight,0.006042
primary,val/Val_Fight/7gLKFV5voOg_0.avi,3,24,39,Fight,0.003309
primary,val/Val_Fight/7gLKFV5voOg_0.avi,4,32,47,Fight,0.013612
primary,val/Val_Fight/7gLKFV5voOg_0.avi,5,40,55,Fight,0.010059
primary,val/Val_Fight/7gLKFV5voOg_0.avi,6,48,63,Fight,0.012520
primary,val/Val_Fight/7gLKFV5voOg_0.avi,7,56,71,Fight,0.007686
primary,val/Val_Fight/7gLKFV5voOg_0.avi,8,64,79,Fight,0.030160
primary,val/Val_Fight/7gLKFV5voOg_0.avi,9,72,87,Fight,0.034594
primary,val/Val_Fight/7gLKFV5voOg_0.avi,10,80,95,Fight,0.020741
primary,val/Val_Fight/7gLKFV5voOg_0.avi,11,88,103,Fight,0.010444
primary,val/Val_Fight/7gLKFV5voOg_0.avi,12,96,111,Fight,0.000984
primary,val/Val_Fight/7gLKFV5voOg_0.avi,13,104,119,Fight,0.011019
primary,val/Val_Fight/7gLKFV5voOg_0.avi,14,112,127,Fight,0.001366
primary,val/Val_Fight/7gLKFV5voOg_0.avi,15,120,135,Fight,0.004542
primary,val/Val_Fight/7gLKFV5voOg_0.avi,16,128,143,Fight,0.002195
primary,val/Val_Fight/7gLKFV5voOg_1.avi,0,0,15,Fight,0.007804
primary,val/Val_Fight/7gLKFV5voOg_1.avi,1,8,23,Fight,0.077399
primary,val/Val_Fight/7gLKFV5voOg_1.avi,2,16,31,Fight,0.033000
primary,val/Val_Fight/7gLKFV5voOg_1.avi,3,24,39,Fight,0.033207
primary,val/Val_Fight/7gLKFV5voOg_1.avi,4,32,47,Fight,0.025296
primary,val/Val_Fight/7gLKFV5voOg_1.avi,5,40,55,Fight,0.020663
primary,val/Val_Fight/7gLKFV5voOg_1.avi,6,48,63,Fight,0.019963
primary,val/Val_Fight/7gLKFV5voOg_1.avi,7,56,71,Fight,0.002149
primary,val/Val_Fight/7gLKFV5voOg_1.avi,8,64,79,Fight,0.005080
primary,val/Val_Fight/7gLKFV5voOg_1.avi,9,72,87,Fight,0.003768
primary,val/Val_Fight/7gLKFV5voOg_1.avi,10,80,95,Fight,0.001524
primary,val/Val_Fight/7gLKFV5voOg_1.avi,11,88,103,Fight,0.001313
primary,val/Val_Fight/7gLKFV5voOg_1.avi,12,96,111,Fight,0.001608
primary,val/Val_Fight/7gLKFV5voOg_1.avi,13,104,119,Fight,0.004702
primary,val/Val_Fight/7gLKFV5voOg_1.avi,14,112,127,Fight,0.026554
primary,val/Val_Fight/7gLKFV5voOg_1.avi,15,120,135,Fight,0.004058
primary,val/Val_Fight/7gLKFV5voOg_1.avi,16,128,143,Fight,0.006880
primary,val/Val_Fight/83d-16REC40_0.avi,0,0,15,Fight,0.720878
primary,val/Val_Fight/83d-16REC40_0.avi,1,8,23,Fight,0.964660
primary,val/Val_Fight/83d-16REC40_0.avi,2,16,31,Fight,0.996095
primary,val/Val_Fight/83d-16REC40_0.avi,3,24,39,Fight,0.994165
primary,val/Val_Fight/83d-16REC40_0.avi,4,32,47,Fight,0.799153
primary,val/Val_Fight/83d-16REC40_0.avi,5,40,55,Fight,0.416992
primary,val/Val_Fight/83d-16REC40_0.avi,6,48,63,Fight,0.314390
primary,val/Val_Fight/83d-16REC40_0.avi,7,56,71,Fight,0.299029
primary,val/Val_Fight/83d-16REC40_0.avi,8,64,79,Fight,0.354586
primary,val/Val_Fight/83d-16REC40_0.avi,9,72,87,Fight,0.488130
primary,val/Val_Fight/83d-16REC40_0.avi,10,80,95,Fight,0.329915
primary,val/Val_Fight/83d-16REC40_0.avi,11,88,103,Fight,0.235477
primary,val/Val_Fight/83d-16REC40_0.avi,12,96,111,Fight,0.624382
primary,val/Val_Fight/83d-16REC40_0.avi,13,104,119,Fight,0.602895
primary,val/Val_Fight/83d-16REC40_0.avi,14,112,127,Fight,0.503280
primary,val/Val_Fight/83d-16REC40_0.avi,15,120,135,Fight,0.161598
primary,val/Val_Fight/83d-16REC40_0.avi,16,128,143,Fight,0.139260
primary,val/Val_Fight/83d-16REC40_1.avi,0,0,15,Fight,0.117791
primary,val/Val_Fight/83d-16REC40_1.avi,1,8,23,Fight,0.303131
primary,val/Val_Fight/83d-16REC40_1.avi,2,16,31,Fight,0.127267
primary,val/Val_Fight/83d-16REC40_1.avi,3,24,39,Fight,0.073628
primary,val/Val_Fight/83d-16REC40_1.avi,4,32,47,Fight,0.139205
primary,val/Val_Fight/83d-16REC40_1.avi,5,40,55,Fight,0.187730
primary,val/Val_Fight/83d-16REC40_1.avi,6,48,63,Fight,0.081328
primary,val/Val_Fight/83d-16REC40_1.avi,7,56,71,Fight,0.101181
primary,val/Val_Fight/83d-16REC40_1.avi,8,64,79,Fight,0.080893
primary,val/Val_Fight/83d-16REC40_1.avi,9,72,87,Fight,0.062273
primary,val/Val_Fight/83d-16REC40_1.avi,10,80,95,Fight,0.019270
primary,val/Val_Fight/83d-16REC40_1.avi,11,88,103,Fight,0.024971
primary,val/Val_Fight/83d-16REC40_1.avi,12,96,111,Fight,0.010894
primary,val/Val_Fight/83d-16REC40_1.avi,13,104,119,Fight,0.027854
primary,val/Val_Fight/83d-16REC40_1.avi,14,112,127,Fight,0.088460
primary,val/Val_Fight/83d-16REC40_1.avi,15,120,135,Fight,0.188968
primary,val/Val_Fight/83d-16REC40_1.avi,16,128,143,Fight,0.296389
primary,val/Val_Fight/A7FCl8G35Cs_0.avi,0,0,15,Fight,0.027551
primary,val/Val_Fight/A7FCl8G35Cs_0.avi,1,8,23,Fight,0.061845
primary,val/Val_Fight/A7FCl8G35Cs_0.avi,2,16,31,Fight,0.124913
primary,val/Val_Fight/A7FCl8G35Cs_0.avi,3,24,39,Fight,0.072863
primary,val/Val_Fight/A7FCl8G35Cs_0.avi,4,32,47,Fight,0.070835
primary,val/Val_Fight/A7FCl8G35Cs_0.avi,5,40,55,Fight,0.087159
primary,val/Val_Fight/A7FCl8G35Cs_0.avi,6,48,63,Fight,0.102564
primary,val/Val_Fight/A7FCl8G35Cs_0.avi,7,56,71,Fight,0.161755
primary,val/Val_Fight/A7FCl8G35Cs_0.avi,8,64,79,Fight,0.706452
primary,val/Val_Fight/A7FCl8G35Cs_0.avi,9,72,87,Fight,0.933880
primary,val/Val_Fight/A7FCl8G35Cs_0.avi,10,80,95,Fight,0.847720
primary,val/Val_Fight/A7FCl8G35Cs_0.avi,11,88,103,Fight,0.730759
primary,val/Val_Fight/A7FCl8G35Cs_0.avi,12,96,111,Fight,0.321154
primary,val/Val_Fight/A7FCl8G35Cs_0.avi,13,104,119,Fight,0.358902
primary,val/Val_Fight/A7FCl8G35Cs_0.avi,14,112,127,Fight,0.684726
primary,val/Val_Fight/A7FCl8G35Cs_0.avi,15,120,135,Fight,0.426565
primary,val/Val_Fight/A7FCl8G35Cs_0.avi,16,128,143,Fight,0.529533
primary,val/Val_Fight/A7FCl8G35Cs_1.avi,0,0,15,Fight,0.717875
primary,val/Val_Fight/A7FCl8G35Cs_1.avi,1,8,23,Fight,0.740480
primary,val/Val_Fight/A7FCl8G35Cs_1.avi,2,16,31,Fight,0.214025
primary,val/Val_Fight/A7FCl8G35Cs_1.avi,3,24,39,Fight,0.247584
primary,val/Val_Fight/A7FCl8G35Cs_1.avi,4,32,47,Fight,0.145085
primary,val/Val_Fight/A7FCl8G35Cs_1.avi,5,40,55,Fight,0.160341
primary,val/Val_Fight/A7FCl8G35Cs_1.avi,6,48,63,Fight,0.857353
primary,val/Val_Fight/A7FCl8G35Cs_1.avi,7,56,71,Fight,0.279241
primary,val/Val_Fight/A7FCl8G35Cs_1.avi,8,64,79,Fight,0.049420
primary,val/Val_Fight/A7FCl8G35Cs_1.avi,9,72,87,Fight,0.030917
primary,val/Val_Fight/A7FCl8G35Cs_1.avi,10,80,95,Fight,0.132370
primary,val/Val_Fight/A7FCl8G35Cs_1.avi,11,88,103,Fight,0.130674
primary,val/Val_Fight/A7FCl8G35Cs_1.avi,12,96,111,Fight,0.069122
primary,val/Val_Fight/A7FCl8G35Cs_1.avi,13,104,119,Fight,0.037671
primary,val/Val_Fight/A7FCl8G35Cs_1.avi,14,112,127,Fight,0.170179
primary,val/Val_Fight/A7FCl8G35Cs_1.avi,15,120,135,Fight,0.413215
primary,val/Val_Fight/A7FCl8G35Cs_1.avi,16,128,143,Fight,0.485633
primary,val/Val_Fight/ASGGSDG_183.avi,0,0,15,Fight,0.627802
primary,val/Val_Fight/ASGGSDG_183.avi,1,8,23,Fight,0.568648
primary,val/Val_Fight/ASGGSDG_183.avi,2,16,31,Fight,0.530091
primary,val/Val_Fight/ASGGSDG_183.avi,3,24,39,Fight,0.515256
primary,val/Val_Fight/ASGGSDG_183.avi,4,32,47,Fight,0.567767
primary,val/Val_Fight/ASGGSDG_183.avi,5,40,55,Fight,0.383928
primary,val/Val_Fight/ASGGSDG_183.avi,6,48,63,Fight,0.205399
primary,val/Val_Fight/ASGGSDG_183.avi,7,56,71,Fight,0.394752
primary,val/Val_Fight/ASGGSDG_183.avi,8,64,79,Fight,0.427869
primary,val/Val_Fight/ASGGSDG_183.avi,9,72,87,Fight,0.081056
primary,val/Val_Fight/ASGGSDG_183.avi,10,80,95,Fight,0.104475
primary,val/Val_Fight/ASGGSDG_183.avi,11,88,103,Fight,0.377092
primary,val/Val_Fight/ASGGSDG_183.avi,12,96,111,Fight,0.385930
primary,val/Val_Fight/ASGGSDG_183.avi,13,104,119,Fight,0.154881
primary,val/Val_Fight/ASGGSDG_183.avi,14,112,127,Fight,0.177655
primary,val/Val_Fight/ASGGSDG_183.avi,15,120,135,Fight,0.391132
primary,val/Val_Fight/ASGGSDG_183.avi,16,128,143,Fight,0.250921
primary,val/Val_Fight/EFv961C5RgY_0.avi,0,0,15,Fight,0.758572
primary,val/Val_Fight/EFv961C5RgY_0.avi,1,8,23,Fight,0.791323
primary,val/Val_Fight/EFv961C5RgY_0.avi,2,16,31,Fight,0.988857
primary,val/Val_Fight/EFv961C5RgY_0.avi,3,24,39,Fight,0.967416
primary,val/Val_Fight/EFv961C5RgY_0.avi,4,32,47,Fight,0.993395
primary,val/Val_Fight/EFv961C5RgY_0.avi,5,40,55,Fight,0.999983
primary,val/Val_Fight/EFv961C5RgY_0.avi,6,48,63,Fight,0.999860
primary,val/Val_Fight/EFv961C5RgY_0.avi,7,56,71,Fight,0.973465
primary,val/Val_Fight/EFv961C5RgY_0.avi,8,64,79,Fight,0.997702
primary,val/Val_Fight/EFv961C5RgY_0.avi,9,72,87,Fight,0.999673
primary,val/Val_Fight/EFv961C5RgY_0.avi,10,80,95,Fight,0.999484
primary,val/Val_Fight/EFv961C5RgY_0.avi,11,88,103,Fight,0.952661
primary,val/Val_Fight/EFv961C5RgY_0.avi,12,96,111,Fight,0.577634
primary,val/Val_Fight/EFv961C5RgY_0.avi,13,104,119,Fight,0.373838
primary,val/Val_Fight/EFv961C5RgY_0.avi,14,112,127,Fight,0.835333
primary,val/Val_Fight/EFv961C5RgY_0.avi,15,120,135,Fight,0.995005
primary,val/Val_Fight/EFv961C5RgY_0.avi,16,128,143,Fight,0.999737
primary,val/Val_Fight/EFv961C5RgY_1.avi,0,0,15,Fight,0.044731
primary,val/Val_Fight/EFv961C5RgY_1.avi,1,8,23,Fight,0.253557
primary,val/Val_Fight/EFv961C5RgY_1.avi,2,16,31,Fight,0.137455
primary,val/Val_Fight/EFv961C5RgY_1.avi,3,24,39,Fight,0.111343
primary,val/Val_Fight/EFv961C5RgY_1.avi,4,32,47,Fight,0.128046
primary,val/Val_Fight/EFv961C5RgY_1.avi,5,40,55,Fight,0.326521
primary,val/Val_Fight/EFv961C5RgY_1.avi,6,48,63,Fight,0.930975
primary,val/Val_Fight/EFv961C5RgY_1.avi,7,56,71,Fight,0.997499
primary,val/Val_Fight/EFv961C5RgY_1.avi,8,64,79,Fight,0.739953
primary,val/Val_Fight/EFv961C5RgY_1.avi,9,72,87,Fight,0.997760
primary,val/Val_Fight/EFv961C5RgY_1.avi,10,80,95,Fight,0.775530
primary,val/Val_Fight/EFv961C5RgY_1.avi,11,88,103,Fight,0.676026
primary,val/Val_Fight/EFv961C5RgY_1.avi,12,96,111,Fight,0.139263
primary,val/Val_Fight/EFv961C5RgY_1.avi,13,104,119,Fight,0.034039
primary,val/Val_Fight/EFv961C5RgY_1.avi,14,112,127,Fight,0.150358
primary,val/Val_Fight/EFv961C5RgY_1.avi,15,120,135,Fight,0.857966
primary,val/Val_Fight/EFv961C5RgY_1.avi,16,128,143,Fight,0.876280
primary,val/Val_Fight/FXC43fACfPc_0.avi,0,0,15,Fight,0.009537
primary,val/Val_Fight/FXC43fACfPc_0.avi,1,8,23,Fight,0.005804
primary,val/Val_Fight/FXC43fACfPc_0.avi,2,16,31,Fight,0.004835
primary,val/Val_Fight/FXC43fACfPc_0.avi,3,24,39,Fight,0.004900
primary,val/Val_Fight/FXC43fACfPc_0.avi,4,32,47,Fight,0.005360
primary,val/Val_Fight/FXC43fACfPc_0.avi,5,40,55,Fight,0.006274
primary,val/Val_Fight/FXC43fACfPc_0.avi,6,48,63,Fight,0.005606
primary,val/Val_Fight/FXC43fACfPc_0.avi,7,56,71,Fight,0.005544
primary,val/Val_Fight/FXC43fACfPc_0.avi,8,64,79,Fight,0.005499
primary,val/Val_Fight/FXC43fACfPc_0.avi,9,72,87,Fight,0.004901
primary,val/Val_Fight/FXC43fACfPc_0.avi,10,80,95,Fight,0.003686
primary,val/Val_Fight/FXC43fACfPc_0.avi,11,88,103,Fight,0.004340
primary,val/Val_Fight/FXC43fACfPc_0.avi,12,96,111,Fight,0.006451
primary,val/Val_Fight/FXC43fACfPc_0.avi,13,104,119,Fight,0.012050
primary,val/Val_Fight/FXC43fACfPc_0.avi,14,112,127,Fight,0.026568
primary,val/Val_Fight/FXC43fACfPc_0.avi,15,120,135,Fight,0.119919
primary,val/Val_Fight/FXC43fACfPc_0.avi,16,128,143,Fight,0.967397
primary,val/Val_Fight/FXC43fACfPc_1.avi,0,0,15,Fight,0.717125
primary,val/Val_Fight/FXC43fACfPc_1.avi,1,8,23,Fight,0.019106
primary,val/Val_Fight/FXC43fACfPc_1.avi,2,16,31,Fight,0.021677
primary,val/Val_Fight/FXC43fACfPc_1.avi,3,24,39,Fight,0.006997
primary,val/Val_Fight/FXC43fACfPc_1.avi,4,32,47,Fight,0.004514
primary,val/Val_Fight/FXC43fACfPc_1.avi,5,40,55,Fight,0.003214
primary,val/Val_Fight/FXC43fACfPc_1.avi,6,48,63,Fight,0.005548
primary,val/Val_Fight/FXC43fACfPc_1.avi,7,56,71,Fight,0.025463
primary,val/Val_Fight/FXC43fACfPc_1.avi,8,64,79,Fight,0.310154
primary,val/Val_Fight/FXC43fACfPc_1.avi,9,72,87,Fight,0.203652
primary,val/Val_Fight/FXC43fACfPc_1.avi,10,80,95,Fight,0.907093
primary,val/Val_Fight/FXC43fACfPc_1.avi,11,88,103,Fight,0.012671
primary,val/Val_Fight/FXC43fACfPc_1.avi,12,96,111,Fight,0.003643
primary,val/Val_Fight/FXC43fACfPc_1.avi,13,104,119,Fight,0.004052
primary,val/Val_Fight/FXC43fACfPc_1.avi,14,112,127,Fight,0.003217
primary,val/Val_Fight/FXC43fACfPc_1.avi,15,120,135,Fight,0.002431
primary,val/Val_Fight/FXC43fACfPc_1.avi,16,128,143,Fight,0.002766
primary,val/Val_Fight/FXC43fACfPc_2.avi,0,0,15,Fight,0.746475
primary,val/Val_Fight/FXC43fACfPc_2.avi,1,8,23,Fight,0.556488
primary,val/Val_Fight/FXC43fACfPc_2.avi,2,16,31,Fight,0.993962
primary,val/Val_Fight/FXC43fACfPc_2.avi,3,24,39,Fight,0.999077
primary,val/Val_Fight/FXC43fACfPc_2.avi,4,32,47,Fight,0.999887
primary,val/Val_Fight/FXC43fACfPc_2.avi,5,40,55,Fight,0.999946
primary,val/Val_Fight/FXC43fACfPc_2.avi,6,48,63,Fight,0.524039
primary,val/Val_Fight/FXC43fACfPc_2.avi,7,56,71,Fight,0.517981
primary,val/Val_Fight/FXC43fACfPc_2.avi,8,64,79,Fight,0.103545
primary,val/Val_Fight/FXC43fACfPc_2.avi,9,72,87,Fight,0.227342
primary,val/Val_Fight/FXC43fACfPc_2.avi,10,80,95,Fight,0.742619
primary,val/Val_Fight/FXC43fACfPc_2.avi,11,88,103,Fight,0.184933
primary,val/Val_Fight/FXC43fACfPc_2.avi,12,96,111,Fight,0.028140
primary,val/Val_Fight/FXC43fACfPc_2.avi,13,104,119,Fight,0.088970
primary,val/Val_Fight/FXC43fACfPc_2.avi,14,112,127,Fight,0.403013
primary,val/Val_Fight/FXC43fACfPc_2.avi,15,120,135,Fight,0.195594
primary,val/Val_Fight/FXC43fACfPc_2.avi,16,128,143,Fight,0.148286
primary,val/Val_Fight/FXC43fACfPc_3.avi,0,0,15,Fight,0.178176
primary,val/Val_Fight/FXC43fACfPc_3.avi,1,8,23,Fight,0.125291
primary,val/Val_Fight/FXC43fACfPc_3.avi,2,16,31,Fight,0.922619
primary,val/Val_Fight/FXC43fACfPc_3.avi,3,24,39,Fight,0.953954
primary,val/Val_Fight/FXC43fACfPc_3.avi,4,32,47,Fight,0.885684
primary,val/Val_Fight/FXC43fACfPc_3.avi,5,40,55,Fight,0.138262
primary,val/Val_Fight/FXC43fACfPc_3.avi,6,48,63,Fight,0.122767
primary,val/Val_Fight/FXC43fACfPc_3.avi,7,56,71,Fight,0.074829
primary,val/Val_Fight/FXC43fACfPc_3.avi,8,64,79,Fight,0.112126
primary,val/Val_Fight/FXC43fACfPc_3.avi,9,72,87,Fight,0.484856
primary,val/Val_Fight/FXC43fACfPc_3.avi,10,80,95,Fight,0.747333
primary,val/Val_Fight/FXC43fACfPc_3.avi,11,88,103,Fight,0.611894
primary,val/Val_Fight/FXC43fACfPc_3.avi,12,96,111,Fight,0.180693
primary,val/Val_Fight/FXC43fACfPc_3.avi,13,104,119,Fight,0.040569
primary,val/Val_Fight/FXC43fACfPc_3.avi,14,112,127,Fight,0.083979
primary,val/Val_Fight/FXC43fACfPc_3.avi,15,120,135,Fight,0.024948
primary,val/Val_Fight/FXC43fACfPc_3.avi,16,128,143,Fight,0.554915
primary,val/Val_Fight/I-QiUMPTWNE_0.avi,0,0,15,Fight,0.006161
primary,val/Val_Fight/I-QiUMPTWNE_0.avi,1,8,23,Fight,0.009553
primary,val/Val_Fight/I-QiUMPTWNE_0.avi,2,16,31,Fight,0.011777
primary,val/Val_Fight/I-QiUMPTWNE_0.avi,3,24,39,Fight,0.018663
primary,val/Val_Fight/I-QiUMPTWNE_0.avi,4,32,47,Fight,0.024119
primary,val/Val_Fight/I-QiUMPTWNE_0.avi,5,40,55,Fight,0.007251
primary,val/Val_Fight/I-QiUMPTWNE_0.avi,6,48,63,Fight,0.015481
primary,val/Val_Fight/I-QiUMPTWNE_0.avi,7,56,71,Fight,0.014647
primary,val/Val_Fight/I-QiUMPTWNE_0.avi,8,64,79,Fight,0.008616
primary,val/Val_Fight/I-QiUMPTWNE_0.avi,9,72,87,Fight,0.048974
primary,val/Val_Fight/I-QiUMPTWNE_0.avi,10,80,95,Fight,0.718655
primary,val/Val_Fight/I-QiUMPTWNE_0.avi,11,88,103,Fight,0.472838
primary,val/Val_Fight/I-QiUMPTWNE_0.avi,12,96,111,Fight,0.236086
primary,val/Val_Fight/I-QiUMPTWNE_0.avi,13,104,119,Fight,0.121168
primary,val/Val_Fight/I-QiUMPTWNE_0.avi,14,112,127,Fight,0.047666
primary,val/Val_Fight/I-QiUMPTWNE_0.avi,15,120,135,Fight,0.006584
primary,val/Val_Fight/I-QiUMPTWNE_0.avi,16,128,143,Fight,0.045528
primary,val/Val_Fight/I-QiUMPTWNE_1.avi,0,0,15,Fight,0.017695
primary,val/Val_Fight/I-QiUMPTWNE_1.avi,1,8,23,Fight,0.255473
primary,val/Val_Fight/I-QiUMPTWNE_1.avi,2,16,31,Fight,0.301437
primary,val/Val_Fight/I-QiUMPTWNE_1.avi,3,24,39,Fight,0.116246
primary,val/Val_Fight/I-QiUMPTWNE_1.avi,4,32,47,Fight,0.082089
primary,val/Val_Fight/I-QiUMPTWNE_1.avi,5,40,55,Fight,0.083334
primary,val/Val_Fight/I-QiUMPTWNE_1.avi,6,48,63,Fight,0.063927
primary,val/Val_Fight/I-QiUMPTWNE_1.avi,7,56,71,Fight,0.111692
primary,val/Val_Fight/I-QiUMPTWNE_1.avi,8,64,79,Fight,0.083177
primary,val/Val_Fight/I-QiUMPTWNE_1.avi,9,72,87,Fight,0.029509
primary,val/Val_Fight/I-QiUMPTWNE_1.avi,10,80,95,Fight,0.011077
primary,val/Val_Fight/I-QiUMPTWNE_1.avi,11,88,103,Fight,0.005960
primary,val/Val_Fight/I-QiUMPTWNE_1.avi,12,96,111,Fight,0.000690
primary,val/Val_Fight/I-QiUMPTWNE_1.avi,13,104,119,Fight,0.000143
primary,val/Val_Fight/I-QiUMPTWNE_1.avi,14,112,127,Fight,0.000941
primary,val/Val_Fight/I-QiUMPTWNE_1.avi,15,120,135,Fight,0.000672
primary,val/Val_Fight/I-QiUMPTWNE_1.avi,16,128,143,Fight,0.001570
primary,val/Val_Fight/I-QiUMPTWNE_2.avi,0,0,15,Fight,0.000707
primary,val/Val_Fight/I-QiUMPTWNE_2.avi,1,8,23,Fight,0.000418
primary,val/Val_Fight/I-QiUMPTWNE_2.avi,2,16,31,Fight,0.000586
primary,val/Val_Fight/I-QiUMPTWNE_2.avi,3,24,39,Fight,0.001291
primary,val/Val_Fight/I-QiUMPTWNE_2.avi,4,32,47,Fight,0.000454
primary,val/Val_Fight/I-QiUMPTWNE_2.avi,5,40,55,Fight,0.000733
primary,val/Val_Fight/I-QiUMPTWNE_2.avi,6,48,63,Fight,0.001121
primary,val/Val_Fight/I-QiUMPTWNE_2.avi,7,56,71,Fight,0.000685
primary,val/Val_Fight/I-QiUMPTWNE_2.avi,8,64,79,Fight,0.000206
primary,val/Val_Fight/I-QiUMPTWNE_2.avi,9,72,87,Fight,0.001181
primary,val/Val_Fight/I-QiUMPTWNE_2.avi,10,80,95,Fight,0.000962
primary,val/Val_Fight/I-QiUMPTWNE_2.avi,11,88,103,Fight,0.000791
primary,val/Val_Fight/I-QiUMPTWNE_2.avi,12,96,111,Fight,0.000566
primary,val/Val_Fight/I-QiUMPTWNE_2.avi,13,104,119,Fight,0.001116
primary,val/Val_Fight/I-QiUMPTWNE_2.avi,14,112,127,Fight,0.000532
primary,val/Val_Fight/I-QiUMPTWNE_2.avi,15,120,135,Fight,0.000581
primary,val/Val_Fight/I-QiUMPTWNE_2.avi,16,128,143,Fight,0.002844
primary,val/Val_Fight/I-QiUMPTWNE_3.avi,0,0,15,Fight,0.016384
primary,val/Val_Fight/I-QiUMPTWNE_3.avi,1,8,23,Fight,0.021361
primary,val/Val_Fight/I-QiUMPTWNE_3.avi,2,16,31,Fight,0.077848
primary,val/Val_Fight/I-QiUMPTWNE_3.avi,3,24,39,Fight,0.079425
primary,val/Val_Fight/I-QiUMPTWNE_3.avi,4,32,47,Fight,0.118858
primary,val/Val_Fight/I-QiUMPTWNE_3.avi,5,40,55,Fight,0.011764
primary,val/Val_Fight/I-QiUMPTWNE_3.avi,6,48,63,Fight,0.016997
primary,val/Val_Fight/I-QiUMPTWNE_3.avi,7,56,71,Fight,0.014051
primary,val/Val_Fight/I-QiUMPTWNE_3.avi,8,64,79,Fight,0.010428
primary,val/Val_Fight/I-QiUMPTWNE_3.avi,9,72,87,Fight,0.010860
primary,val/Val_Fight/I-QiUMPTWNE_3.avi,10,80,95,Fight,0.009518
primary,val/Val_Fight/I-QiUMPTWNE_3.avi,11,88,103,Fight,0.004691
primary,val/Val_Fight/I-QiUMPTWNE_3.avi,12,96,111,Fight,0.004394
primary,val/Val_Fight/I-QiUMPTWNE_3.avi,13,104,119,Fight,0.005104
primary,val/Val_Fight/I-QiUMPTWNE_3.avi,14,112,127,Fight,0.002688
primary,val/Val_Fight/I-QiUMPTWNE_3.avi,15,120,135,Fight,0.007690
primary,val/Val_Fight/I-QiUMPTWNE_3.avi,16,128,143,Fight,0.015961
primary,val/Val_Fight/I-QiUMPTWNE_4.avi,0,0,15,Fight,0.006789
primary,val/Val_Fight/I-QiUMPTWNE_4.avi,1,8,23,Fight,0.008547
primary,val/Val_Fight/I-QiUMPTWNE_4.avi,2,16,31,Fight,0.004685
primary,val/Val_Fight/I-QiUMPTWNE_4.avi,3,24,39,Fight,0.001108
primary,val/Val_Fight/I-QiUMPTWNE_4.avi,4,32,47,Fight,0.002965
primary,val/Val_Fight/I-QiUMPTWNE_4.avi,5,40,55,Fight,0.005325
primary,val/Val_Fight/I-QiUMPTWNE_4.avi,6,48,63,Fight,0.010872
primary,val/Val_Fight/I-QiUMPTWNE_4.avi,7,56,71,Fight,0.075570
primary,val/Val_Fight/I-QiUMPTWNE_4.avi,8,64,79,Fight,0.033776
primary,val/Val_Fight/I-QiUMPTWNE_4.avi,9,72,87,Fight,0.004910
primary,val/Val_Fight/I-QiUMPTWNE_4.avi,10,80,95,Fight,0.002599
primary,val/Val_Fight/I-QiUMPTWNE_4.avi,11,88,103,Fight,0.002942
primary,val/Val_Fight/I-QiUMPTWNE_4.avi,12,96,111,Fight,0.006907
primary,val/Val_Fight/I-QiUMPTWNE_4.avi,13,104,119,Fight,0.010623
primary,val/Val_Fight/I-QiUMPTWNE_4.avi,14,112,127,Fight,0.006803
primary,val/Val_Fight/I-QiUMPTWNE_4.avi,15,120,135,Fight,0.009491
primary,val/Val_Fight/I-QiUMPTWNE_4.avi,16,128,143,Fight,0.018113
primary,val/Val_Fight/I-QiUMPTWNE_5.avi,0,0,15,Fight,0.029683
primary,val/Val_Fight/I-QiUMPTWNE_5.avi,1,8,23,Fight,0.025233
primary,val/Val_Fight/I-QiUMPTWNE_5.avi,2,16,31,Fight,0.011509
primary,val/Val_Fight/I-QiUMPTWNE_5.avi,3,24,39,Fight,0.002498
primary,val/Val_Fight/I-QiUMPTWNE_5.avi,4,32,47,Fight,0.003705
primary,val/Val_Fight/I-QiUMPTWNE_5.avi,5,40,55,Fight,0.002049
primary,val/Val_Fight/I-QiUMPTWNE_5.avi,6,48,63,Fight,0.001281
primary,val/Val_Fight/I-QiUMPTWNE_5.avi,7,56,71,Fight,0.004201
primary,val/Val_Fight/I-QiUMPTWNE_5.avi,8,64,79,Fight,0.004308
primary,val/Val_Fight/I-QiUMPTWNE_5.avi,9,72,87,Fight,0.001802
primary,val/Val_Fight/I-QiUMPTWNE_5.avi,10,80,95,Fight,0.002674
primary,val/Val_Fight/I-QiUMPTWNE_5.avi,11,88,103,Fight,0.001287
primary,val/Val_Fight/I-QiUMPTWNE_5.avi,12,96,111,Fight,0.001786
primary,val/Val_Fight/I-QiUMPTWNE_5.avi,13,104,119,Fight,0.002194
primary,val/Val_Fight/I-QiUMPTWNE_5.avi,14,112,127,Fight,0.002584
primary,val/Val_Fight/I-QiUMPTWNE_5.avi,15,120,135,Fight,0.002615
primary,val/Val_Fight/I-QiUMPTWNE_5.avi,16,128,143,Fight,0.003614
primary,val/Val_Fight/I-QiUMPTWNE_6.avi,0,0,15,Fight,0.004449
primary,val/Val_Fight/I-QiUMPTWNE_6.avi,1,8,23,Fight,0.002890
primary,val/Val_Fight/I-QiUMPTWNE_6.avi,2,16,31,Fight,0.001918
primary,val/Val_Fight/I-QiUMPTWNE_6.avi,3,24,39,Fight,0.000362
primary,val/Val_Fight/I-QiUMPTWNE_6.avi,4,32,47,Fight,0.001236
primary,val/Val_Fight/I-QiUMPTWNE_6.avi,5,40,55,Fight,0.001671
primary,val/Val_Fight/I-QiUMPTWNE_6.avi,6,48,63,Fight,0.002485
primary,val/Val_Fight/I-QiUMPTWNE_6.avi,7,56,71,Fight,0.001179
primary,val/Val_Fight/I-QiUMPTWNE_6.avi,8,64,79,Fight,0.003129
primary,val/Val_Fight/I-QiUMPTWNE_6.avi,9,72,87,Fight,0.003889
primary,val/Val_Fight/I-QiUMPTWNE_6.avi,10,80,95,Fight,0.002748
primary,val/Val_Fight/I-QiUMPTWNE_6.avi,11,88,103,Fight,0.002863
primary,val/Val_Fight/I-QiUMPTWNE_6.avi,12,96,111,Fight,0.005983
primary,val/Val_Fight/I-QiUMPTWNE_6.avi,13,104,119,Fight,0.002421
primary,val/Val_Fight/I-QiUMPTWNE_6.avi,14,112,127,Fight,0.004052
primary,val/Val_Fight/I-QiUMPTWNE_6.avi,15,120,135,Fight,0.006109
primary,val/Val_Fight/I-QiUMPTWNE_6.avi,16,128,143,Fight,0.005977
primary,val/Val_Fight/I-QiUMPTWNE_7.avi,0,0,15,Fight,0.003038
primary,val/Val_Fight/I-QiUMPTWNE_7.avi,1,8,23,Fight,0.000763
primary,val/Val_Fight/I-QiUMPTWNE_7.avi,2,16,31,Fight,0.001078
primary,val/Val_Fight/I-QiUMPTWNE_7.avi,3,24,39,Fight,0.034457
primary,val/Val_Fight/I-QiUMPTWNE_7.avi,4,32,47,Fight,0.012225
primary,val/Val_Fight/I-QiUMPTWNE_7.avi,5,40,55,Fight,0.008564
primary,val/Val_Fight/I-QiUMPTWNE_7.avi,6,48,63,Fight,0.004341
primary,val/Val_Fight/I-QiUMPTWNE_7.avi,7,56,71,Fight,0.018238
primary,val/Val_Fight/I-QiUMPTWNE_7.avi,8,64,79,Fight,0.018969
primary,val/Val_Fight/I-QiUMPTWNE_7.avi,9,72,87,Fight,0.052922
primary,val/Val_Fight/I-QiUMPTWNE_7.avi,10,80,95,Fight,0.006246
primary,val/Val_Fight/I-QiUMPTWNE_7.avi,11,88,103,Fight,0.004598
primary,val/Val_Fight/I-QiUMPTWNE_7.avi,12,96,111,Fight,0.001158
primary,val/Val_Fight/I-QiUMPTWNE_7.avi,13,104,119,Fight,0.003792
primary,val/Val_Fight/I-QiUMPTWNE_7.avi,14,112,127,Fight,0.003521
primary,val/Val_Fight/I-QiUMPTWNE_7.avi,15,120,135,Fight,0.006387
primary,val/Val_Fight/I-QiUMPTWNE_7.avi,16,128,143,Fight,0.003398
primary,val/Val_Fight/I-QiUMPTWNE_8.avi,0,0,15,Fight,0.005804
primary,val/Val_Fight/I-QiUMPTWNE_8.avi,1,8,23,Fight,0.001993
primary,val/Val_Fight/I-QiUMPTWNE_8.avi,2,16,31,Fight,0.001856
primary,val/Val_Fight/I-QiUMPTWNE_8.avi,3,24,39,Fight,0.001149
primary,val/Val_Fight/I-QiUMPTWNE_8.avi,4,32,47,Fight,0.001616
primary,val/Val_Fight/I-QiUMPTWNE_8.avi,5,40,55,Fight,0.004221
primary,val/Val_Fight/I-QiUMPTWNE_8.avi,6,48,63,Fight,0.002529
primary,val/Val_Fight/I-QiUMPTWNE_8.avi,7,56,71,Fight,0.006067
primary,val/Val_Fight/I-QiUMPTWNE_8.avi,8,64,79,Fight,0.002692
primary,val/Val_Fight/I-QiUMPTWNE_8.avi,9,72,87,Fight,0.011667
primary,val/Val_Fight/I-QiUMPTWNE_8.avi,10,80,95,Fight,0.004535
primary,val/Val_Fight/I-QiUMPTWNE_8.avi,11,88,103,Fight,0.003806
primary,val/Val_Fight/I-QiUMPTWNE_8.avi,12,96,111,Fight,0.008874
primary,val/Val_Fight/I-QiUMPTWNE_8.avi,13,104,119,Fight,0.016103
primary,val/Val_Fight/I-QiUMPTWNE_8.avi,14,112,127,Fight,0.012454
primary,val/Val_Fight/I-QiUMPTWNE_8.avi,15,120,135,Fight,0.008969
primary,val/Val_Fight/I-QiUMPTWNE_8.avi,16,128,143,Fight,0.013887
primary,val/Val_Fight/JECBfnp2ZXc_0.avi,0,0,15,Fight,0.000737
primary,val/Val_Fight/JECBfnp2ZXc_0.avi,1,8,23,Fight,0.001533
primary,val/Val_Fight/JECBfnp2ZXc_0.avi,2,16,31,Fight,0.001869
primary,val/Val_Fight/JECBfnp2ZXc_0.avi,3,24,39,Fight,0.001671
primary,val/Val_Fight/JECBfnp2ZXc_0.avi,4,32,47,Fight,0.001190
primary,val/Val_Fight/JECBfnp2ZXc_0.avi,5,40,55,Fight,0.001031
primary,val/Val_Fight/JECBfnp2ZXc_0.avi,6,48,63,Fight,0.003989
primary,val/Val_Fight/JECBfnp2ZXc_0.avi,7,56,71,Fight,0.014063
primary,val/Val_Fight/JECBfnp2ZXc_0.avi,8,64,79,Fight,0.014088
primary,val/Val_Fight/JECBfnp2ZXc_0.avi,9,72,87,Fight,0.022562
primary,val/Val_Fight/JECBfnp2ZXc_0.avi,10,80,95,Fight,0.024536
primary,val/Val_Fight/JECBfnp2ZXc_0.avi,11,88,103,Fight,0.022267
primary,val/Val_Fight/JECBfnp2ZXc_0.avi,12,96,111,Fight,0.020258
primary,val/Val_Fight/JECBfnp2ZXc_0.avi,13,104,119,Fight,0.017197
primary,val/Val_Fight/JECBfnp2ZXc_0.avi,14,112,127,Fight,0.021189
primary,val/Val_Fight/JECBfnp2ZXc_0.avi,15,120,135,Fight,0.019454
primary,val/Val_Fight/JECBfnp2ZXc_0.avi,16,128,143,Fight,0.022798
primary,val/Val_Fight/JECBfnp2ZXc_1.avi,0,0,15,Fight,0.026100
primary,val/Val_Fight/JECBfnp2ZXc_1.avi,1,8,23,Fight,0.023121
primary,val/Val_Fight/JECBfnp2ZXc_1.avi,2,16,31,Fight,0.020532
primary,val/Val_Fight/JECBfnp2ZXc_1.avi,3,24,39,Fight,0.018726
primary,val/Val_Fight/JECBfnp2ZXc_1.avi,4,32,47,Fight,0.015389
primary,val/Val_Fight/JECBfnp2ZXc_1.avi,5,40,55,Fight,0.018785
primary,val/Val_Fight/JECBfnp2ZXc_1.avi,6,48,63,Fight,0.016166
primary,val/Val_Fight/JECBfnp2ZXc_1.avi,7,56,71,Fight,0.017791
primary,val/Val_Fight/JECBfnp2ZXc_1.avi,8,64,79,Fight,0.022278
primary,val/Val_Fight/JECBfnp2ZXc_1.avi,9,72,87,Fight,0.013604
primary,val/Val_Fight/JECBfnp2ZXc_1.avi,10,80,95,Fight,0.016366
primary,val/Val_Fight/JECBfnp2ZXc_1.avi,11,88,103,Fight,0.023197
primary,val/Val_Fight/JECBfnp2ZXc_1.avi,12,96,111,Fight,0.016255
primary,val/Val_Fight/JECBfnp2ZXc_1.avi,13,104,119,Fight,0.094391
primary,val/Val_Fight/JECBfnp2ZXc_1.avi,14,112,127,Fight,0.254214
primary,val/Val_Fight/JECBfnp2ZXc_1.avi,15,120,135,Fight,0.045095
primary,val/Val_Fight/JECBfnp2ZXc_1.avi,16,128,143,Fight,0.836554
primary,val/Val_Fight/JECBfnp2ZXc_2.avi,0,0,15,Fight,0.543771
primary,val/Val_Fight/JECBfnp2ZXc_2.avi,1,8,23,Fight,0.941282
primary,val/Val_Fight/JECBfnp2ZXc_2.avi,2,16,31,Fight,0.188891
primary,val/Val_Fight/JECBfnp2ZXc_2.avi,3,24,39,Fight,0.643595
primary,val/Val_Fight/JECBfnp2ZXc_2.avi,4,32,47,Fight,0.028503
primary,val/Val_Fight/JECBfnp2ZXc_2.avi,5,40,55,Fight,0.066911
primary,val/Val_Fight/JECBfnp2ZXc_2.avi,6,48,63,Fight,0.017700
primary,val/Val_Fight/JECBfnp2ZXc_2.avi,7,56,71,Fight,0.208084
primary,val/Val_Fight/JECBfnp2ZXc_2.avi,8,64,79,Fight,0.273313
primary,val/Val_Fight/JECBfnp2ZXc_2.avi,9,72,87,Fight,0.861843
primary,val/Val_Fight/JECBfnp2ZXc_2.avi,10,80,95,Fight,0.743079
primary,val/Val_Fight/JECBfnp2ZXc_2.avi,11,88,103,Fight,0.068820
primary,val/Val_Fight/JECBfnp2ZXc_2.avi,12,96,111,Fight,0.006146
primary,val/Val_Fight/JECBfnp2ZXc_2.avi,13,104,119,Fight,0.017420
primary,val/Val_Fight/JECBfnp2ZXc_2.avi,14,112,127,Fight,0.023535
primary,val/Val_Fight/JECBfnp2ZXc_2.avi,15,120,135,Fight,0.005341
primary,val/Val_Fight/JECBfnp2ZXc_2.avi,16,128,143,Fight,0.005917
primary,val/Val_Fight/JECBfnp2ZXc_3.avi,0,0,15,Fight,0.135175
primary,val/Val_Fight/JECBfnp2ZXc_3.avi,1,8,23,Fight,0.047608
primary,val/Val_Fight/JECBfnp2ZXc_3.avi,2,16,31,Fight,0.155207
primary,val/Val_Fight/JECBfnp2ZXc_3.avi,3,24,39,Fight,0.169760
primary,val/Val_Fight/JECBfnp2ZXc_3.avi,4,32,47,Fight,0.289726
primary,val/Val_Fight/JECBfnp2ZXc_3.avi,5,40,55,Fight,0.109789
primary,val/Val_Fight/JECBfnp2ZXc_3.avi,6,48,63,Fight,0.209253
primary,val/Val_Fight/JECBfnp2ZXc_3.avi,7,56,71,Fight,0.718198
primary,val/Val_Fight/JECBfnp2ZXc_3.avi,8,64,79,Fight,0.439148
primary,val/Val_Fight/JECBfnp2ZXc_3.avi,9,72,87,Fight,0.714536
primary,val/Val_Fight/JECBfnp2ZXc_3.avi,10,80,95,Fight,0.176682
primary,val/Val_Fight/JECBfnp2ZXc_3.avi,11,88,103,Fight,0.298012
primary,val/Val_Fight/JECBfnp2ZXc_3.avi,12,96,111,Fight,0.322393
primary,val/Val_Fight/JECBfnp2ZXc_3.avi,13,104,119,Fight,0.980868
primary,val/Val_Fight/JECBfnp2ZXc_3.avi,14,112,127,Fight,0.390833
primary,val/Val_Fight/JECBfnp2ZXc_3.avi,15,120,135,Fight,0.046701
primary,val/Val_Fight/JECBfnp2ZXc_3.avi,16,128,143,Fight,0.024446
primary,val/Val_Fight/JECBfnp2ZXc_4.avi,0,0,15,Fight,0.000706
primary,val/Val_Fight/JECBfnp2ZXc_4.avi,1,8,23,Fight,0.037446
primary,val/Val_Fight/JECBfnp2ZXc_4.avi,2,16,31,Fight,0.015603
primary,val/Val_Fight/JECBfnp2ZXc_4.avi,3,24,39,Fight,0.021512
primary,val/Val_Fight/JECBfnp2ZXc_4.avi,4,32,47,Fight,0.291589
primary,val/Val_Fight/JECBfnp2ZXc_4.avi,5,40,55,Fight,0.059972
primary,val/Val_Fight/JECBfnp2ZXc_4.avi,6,48,63,Fight,0.008545
primary,val/Val_Fight/JECBfnp2ZXc_4.avi,7,56,71,Fight,0.012036
primary,val/Val_Fight/JECBfnp2ZXc_4.avi,8,64,79,Fight,0.006480
primary,val/Val_Fight/JECBfnp2ZXc_4.avi,9,72,87,Fight,0.005204
primary,val/Val_Fight/JECBfnp2ZXc_4.avi,10,80,95,Fight,0.009857
primary,val/Val_Fight/JECBfnp2ZXc_4.avi,11,88,103,Fight,0.009541
primary,val/Val_Fight/JECBfnp2ZXc_4.avi,12,96,111,Fight,0.021382
primary,val/Val_Fight/JECBfnp2ZXc_4.avi,13,104,119,Fight,0.021903
primary,val/Val_Fight/JECBfnp2ZXc_4.avi,14,112,127,Fight,0.021318
primary,val/Val_Fight/JECBfnp2ZXc_4.avi,15,120,135,Fight,0.018597
primary,val/Val_Fight/JECBfnp2ZXc_4.avi,16,128,143,Fight,0.020384
primary,val/Val_Fight/JECBfnp2ZXc_5.avi,0,0,15,Fight,0.026649
primary,val/Val_Fight/JECBfnp2ZXc_5.avi,1,8,23,Fight,0.020315
primary,val/Val_Fight/JECBfnp2ZXc_5.avi,2,16,31,Fight,0.117809
primary,val/Val_Fight/JECBfnp2ZXc_5.avi,3,24,39,Fight,0.053154
primary,val/Val_Fight/JECBfnp2ZXc_5.avi,4,32,47,Fight,0.008710
primary,val/Val_Fight/JECBfnp2ZXc_5.avi,5,40,55,Fight,0.001551
primary,val/Val_Fight/JECBfnp2ZXc_5.avi,6,48,63,Fight,0.002995
primary,val/Val_Fight/JECBfnp2ZXc_5.avi,7,56,71,Fight,0.004862
primary,val/Val_Fight/JECBfnp2ZXc_5.avi,8,64,79,Fight,0.014624
primary,val/Val_Fight/JECBfnp2ZXc_5.avi,9,72,87,Fight,0.032155
primary,val/Val_Fight/JECBfnp2ZXc_5.avi,10,80,95,Fight,0.044841
primary,val/Val_Fight/JECBfnp2ZXc_5.avi,11,88,103,Fight,0.030775
primary,val/Val_Fight/JECBfnp2ZXc_5.avi,12,96,111,Fight,0.033971
primary,val/Val_Fight/JECBfnp2ZXc_5.avi,13,104,119,Fight,0.027932
primary,val/Val_Fight/JECBfnp2ZXc_5.avi,14,112,127,Fight,0.026270
primary,val/Val_Fight/JECBfnp2ZXc_5.avi,15,120,135,Fight,0.027048
primary,val/Val_Fight/JECBfnp2ZXc_5.avi,16,128,143,Fight,0.024974
primary,val/Val_Fight/JECBfnp2ZXc_6.avi,0,0,15,Fight,0.018904
primary,val/Val_Fight/JECBfnp2ZXc_6.avi,1,8,23,Fight,0.019794
primary,val/Val_Fight/JECBfnp2ZXc_6.avi,2,16,31,Fight,0.016363
primary,val/Val_Fight/JECBfnp2ZXc_6.avi,3,24,39,Fight,0.015490
primary,val/Val_Fight/JECBfnp2ZXc_6.avi,4,32,47,Fight,0.018299
primary,val/Val_Fight/JECBfnp2ZXc_6.avi,5,40,55,Fight,0.023392
primary,val/Val_Fight/JECBfnp2ZXc_6.avi,6,48,63,Fight,0.022656
primary,val/Val_Fight/JECBfnp2ZXc_6.avi,7,56,71,Fight,0.020287
primary,val/Val_Fight/JECBfnp2ZXc_6.avi,8,64,79,Fight,0.015510
primary,val/Val_Fight/JECBfnp2ZXc_6.avi,9,72,87,Fight,0.010368
primary,val/Val_Fight/JECBfnp2ZXc_6.avi,10,80,95,Fight,0.016297
primary,val/Val_Fight/JECBfnp2ZXc_6.avi,11,88,103,Fight,0.019955
primary,val/Val_Fight/JECBfnp2ZXc_6.avi,12,96,111,Fight,0.023622
primary,val/Val_Fight/JECBfnp2ZXc_6.avi,13,104,119,Fight,0.026707
primary,val/Val_Fight/JECBfnp2ZXc_6.avi,14,112,127,Fight,0.018861
primary,val/Val_Fight/JECBfnp2ZXc_6.avi,15,120,135,Fight,0.023291
primary,val/Val_Fight/JECBfnp2ZXc_6.avi,16,128,143,Fight,0.027377
primary,val/Val_Fight/MxkTo5F-nvU_0.avi,0,0,15,Fight,0.038953
primary,val/Val_Fight/MxkTo5F-nvU_0.avi,1,8,23,Fight,0.026803
primary,val/Val_Fight/MxkTo5F-nvU_0.avi,2,16,31,Fight,0.024365
primary,val/Val_Fight/MxkTo5F-nvU_0.avi,3,24,39,Fight,0.028124
primary,val/Val_Fight/MxkTo5F-nvU_0.avi,4,32,47,Fight,0.033426
primary,val/Val_Fight/MxkTo5F-nvU_0.avi,5,40,55,Fight,0.034096
primary,val/Val_Fight/MxkTo5F-nvU_0.avi,6,48,63,Fight,0.026380
primary,val/Val_Fight/MxkTo5F-nvU_0.avi,7,56,71,Fight,0.036000
primary,val/Val_Fight/MxkTo5F-nvU_0.avi,8,64,79,Fight,0.021752
primary,val/Val_Fight/MxkTo5F-nvU_0.avi,9,72,87,Fight,0.012530
primary,val/Val_Fight/MxkTo5F-nvU_0.avi,10,80,95,Fight,0.003235
primary,val/Val_Fight/MxkTo5F-nvU_0.avi,11,88,103,Fight,0.004555
primary,val/Val_Fight/MxkTo5F-nvU_0.avi,12,96,111,Fight,0.004309
primary,val/Val_Fight/MxkTo5F-nvU_0.avi,13,104,119,Fight,0.003906
primary,val/Val_Fight/MxkTo5F-nvU_0.avi,14,112,127,Fight,0.001512
primary,val/Val_Fight/MxkTo5F-nvU_0.avi,15,120,135,Fight,0.001262
primary,val/Val_Fight/MxkTo5F-nvU_0.avi,16,128,143,Fight,0.021106
primary,val/Val_Fight/MxkTo5F-nvU_1.avi,0,0,15,Fight,0.007836
primary,val/Val_Fight/MxkTo5F-nvU_1.avi,1,8,23,Fight,0.003963
primary,val/Val_Fight/MxkTo5F-nvU_1.avi,2,16,31,Fight,0.005252
primary,val/Val_Fight/MxkTo5F-nvU_1.avi,3,24,39,Fight,0.001394
primary,val/Val_Fight/MxkTo5F-nvU_1.avi,4,32,47,Fight,0.001341
primary,val/Val_Fight/MxkTo5F-nvU_1.avi,5,40,55,Fight,0.001759
primary,val/Val_Fight/MxkTo5F-nvU_1.avi,6,48,63,Fight,0.003445
primary,val/Val_Fight/MxkTo5F-nvU_1.avi,7,56,71,Fight,0.000723
primary,val/Val_Fight/MxkTo5F-nvU_1.avi,8,64,79,Fight,0.000165
primary,val/Val_Fight/MxkTo5F-nvU_1.avi,9,72,87,Fight,0.000646
primary,val/Val_Fight/MxkTo5F-nvU_1.avi,10,80,95,Fight,0.001737
primary,val/Val_Fight/MxkTo5F-nvU_1.avi,11,88,103,Fight,0.002750
primary,val/Val_Fight/MxkTo5F-nvU_1.avi,12,96,111,Fight,0.001296
primary,val/Val_Fight/MxkTo5F-nvU_1.avi,13,104,119,Fight,0.000589
primary,val/Val_Fight/MxkTo5F-nvU_1.avi,14,112,127,Fight,0.000754
primary,val/Val_Fight/MxkTo5F-nvU_1.avi,15,120,135,Fight,0.001345
primary,val/Val_Fight/MxkTo5F-nvU_1.avi,16,128,143,Fight,0.015094
primary,val/Val_Fight/MxkTo5F-nvU_2.avi,0,0,15,Fight,0.144750
primary,val/Val_Fight/MxkTo5F-nvU_2.avi,1,8,23,Fight,0.158381
primary,val/Val_Fight/MxkTo5F-nvU_2.avi,2,16,31,Fight,0.077309
primary,val/Val_Fight/MxkTo5F-nvU_2.avi,3,24,39,Fight,0.004705
primary,val/Val_Fight/MxkTo5F-nvU_2.avi,4,32,47,Fight,0.002072
primary,val/Val_Fight/MxkTo5F-nvU_2.avi,5,40,55,Fight,0.003393
primary,val/Val_Fight/MxkTo5F-nvU_2.avi,6,48,63,Fight,0.002197
primary,val/Val_Fight/MxkTo5F-nvU_2.avi,7,56,71,Fight,0.002170
primary,val/Val_Fight/MxkTo5F-nvU_2.avi,8,64,79,Fight,0.004766
primary,val/Val_Fight/MxkTo5F-nvU_2.avi,9,72,87,Fight,0.009933
primary,val/Val_Fight/MxkTo5F-nvU_2.avi,10,80,95,Fight,0.005673
primary,val/Val_Fight/MxkTo5F-nvU_2.avi,11,88,103,Fight,0.003518
primary,val/Val_Fight/MxkTo5F-nvU_2.avi,12,96,111,Fight,0.000925
primary,val/Val_Fight/MxkTo5F-nvU_2.avi,13,104,119,Fight,0.001091
primary,val/Val_Fight/MxkTo5F-nvU_2.avi,14,112,127,Fight,0.001871
primary,val/Val_Fight/MxkTo5F-nvU_2.avi,15,120,135,Fight,0.002362
primary,val/Val_Fight/MxkTo5F-nvU_2.avi,16,128,143,Fight,0.003417
primary,val/Val_Fight/MxkTo5F-nvU_3.avi,0,0,15,Fight,0.027077
primary,val/Val_Fight/MxkTo5F-nvU_3.avi,1,8,23,Fight,0.193814
primary,val/Val_Fight/MxkTo5F-nvU_3.avi,2,16,31,Fight,0.129468
primary,val/Val_Fight/MxkTo5F-nvU_3.avi,3,24,39,Fight,0.854686
primary,val/Val_Fight/MxkTo5F-nvU_3.avi,4,32,47,Fight,0.901759
primary,val/Val_Fight/MxkTo5F-nvU_3.avi,5,40,55,Fight,0.160865
primary,val/Val_Fight/MxkTo5F-nvU_3.avi,6,48,63,Fight,0.013110
primary,val/Val_Fight/MxkTo5F-nvU_3.avi,7,56,71,Fight,0.003455
primary,val/Val_Fight/MxkTo5F-nvU_3.avi,8,64,79,Fight,0.016725
primary,val/Val_Fight/MxkTo5F-nvU_3.avi,9,72,87,Fight,0.235239
primary,val/Val_Fight/MxkTo5F-nvU_3.avi,10,80,95,Fight,0.450658
primary,val/Val_Fight/MxkTo5F-nvU_3.avi,11,88,103,Fight,0.061179
primary,val/Val_Fight/MxkTo5F-nvU_3.avi,12,96,111,Fight,0.026388
primary,val/Val_Fight/MxkTo5F-nvU_3.avi,13,104,119,Fight,0.025366
primary,val/Val_Fight/MxkTo5F-nvU_3.avi,14,112,127,Fight,0.018432
primary,val/Val_Fight/MxkTo5F-nvU_3.avi,15,120,135,Fight,0.095304
primary,val/Val_Fight/MxkTo5F-nvU_3.avi,16,128,143,Fight,0.026632
primary,val/Val_Fight/MxkTo5F-nvU_4.avi,0,0,15,Fight,0.016026
primary,val/Val_Fight/MxkTo5F-nvU_4.avi,1,8,23,Fight,0.006719
primary,val/Val_Fight/MxkTo5F-nvU_4.avi,2,16,31,Fight,0.004530
primary,val/Val_Fight/MxkTo5F-nvU_4.avi,3,24,39,Fight,0.003054
primary,val/Val_Fight/MxkTo5F-nvU_4.avi,4,32,47,Fight,0.020603
primary,val/Val_Fight/MxkTo5F-nvU_4.avi,5,40,55,Fight,0.018210
primary,val/Val_Fight/MxkTo5F-nvU_4.avi,6,48,63,Fight,0.023503
primary,val/Val_Fight/MxkTo5F-nvU_4.avi,7,56,71,Fight,0.073393
primary,val/Val_Fight/MxkTo5F-nvU_4.avi,8,64,79,Fight,0.048367
primary,val/Val_Fight/MxkTo5F-nvU_4.avi,9,72,87,Fight,0.039767
primary,val/Val_Fight/MxkTo5F-nvU_4.avi,10,80,95,Fight,0.013120
primary,val/Val_Fight/MxkTo5F-nvU_4.avi,11,88,103,Fight,0.008246
primary,val/Val_Fight/MxkTo5F-nvU_4.avi,12,96,111,Fight,0.009574
primary,val/Val_Fight/MxkTo5F-nvU_4.avi,13,104,119,Fight,0.004518
primary,val/Val_Fight/MxkTo5F-nvU_4.avi,14,112,127,Fight,0.003139
primary,val/Val_Fight/MxkTo5F-nvU_4.avi,15,120,135,Fight,0.016599
primary,val/Val_Fight/MxkTo5F-nvU_4.avi,16,128,143,Fight,0.009854
primary,val/Val_Fight/OvDMIkTb4XU_0.avi,0,0,15,Fight,0.880778
primary,val/Val_Fight/OvDMIkTb4XU_0.avi,1,8,23,Fight,0.942461
primary,val/Val_Fight/OvDMIkTb4XU_0.avi,2,16,31,Fight,0.913999
primary,val/Val_Fight/OvDMIkTb4XU_0.avi,3,24,39,Fight,0.998021
primary,val/Val_Fight/OvDMIkTb4XU_0.avi,4,32,47,Fight,0.986723
primary,val/Val_Fight/OvDMIkTb4XU_0.avi,5,40,55,Fight,0.997154
primary,val/Val_Fight/OvDMIkTb4XU_0.avi,6,48,63,Fight,0.598578
primary,val/Val_Fight/OvDMIkTb4XU_0.avi,7,56,71,Fight,0.897066
primary,val/Val_Fight/OvDMIkTb4XU_0.avi,8,64,79,Fight,0.998881
primary,val/Val_Fight/OvDMIkTb4XU_0.avi,9,72,87,Fight,0.971344
primary,val/Val_Fight/OvDMIkTb4XU_0.avi,10,80,95,Fight,0.989852
primary,val/Val_Fight/OvDMIkTb4XU_0.avi,11,88,103,Fight,0.998949
primary,val/Val_Fight/OvDMIkTb4XU_0.avi,12,96,111,Fight,0.999603
primary,val/Val_Fight/OvDMIkTb4XU_0.avi,13,104,119,Fight,0.998573
primary,val/Val_Fight/OvDMIkTb4XU_0.avi,14,112,127,Fight,0.985634
primary,val/Val_Fight/OvDMIkTb4XU_0.avi,15,120,135,Fight,0.999958
primary,val/Val_Fight/OvDMIkTb4XU_0.avi,16,128,143,Fight,0.999362
primary,val/Val_Fight/OvDMIkTb4XU_1.avi,0,0,15,Fight,0.999624
primary,val/Val_Fight/OvDMIkTb4XU_1.avi,1,8,23,Fight,0.933924
primary,val/Val_Fight/OvDMIkTb4XU_1.avi,2,16,31,Fight,0.660067
primary,val/Val_Fight/OvDMIkTb4XU_1.avi,3,24,39,Fight,0.921222
primary,val/Val_Fight/OvDMIkTb4XU_1.avi,4,32,47,Fight,0.993290
primary,val/Val_Fight/OvDMIkTb4XU_1.avi,5,40,55,Fight,0.987440
primary,val/Val_Fight/OvDMIkTb4XU_1.avi,6,48,63,Fight,0.992985
primary,val/Val_Fight/OvDMIkTb4XU_1.avi,7,56,71,Fight,0.999741
primary,val/Val_Fight/OvDMIkTb4XU_1.avi,8,64,79,Fight,0.864561
primary,val/Val_Fight/OvDMIkTb4XU_1.avi,9,72,87,Fight,0.276217
primary,val/Val_Fight/OvDMIkTb4XU_1.avi,10,80,95,Fight,0.407806
primary,val/Val_Fight/OvDMIkTb4XU_1.avi,11,88,103,Fight,0.311153
primary,val/Val_Fight/OvDMIkTb4XU_1.avi,12,96,111,Fight,0.330051
primary,val/Val_Fight/OvDMIkTb4XU_1.avi,13,104,119,Fight,0.494180
primary,val/Val_Fight/OvDMIkTb4XU_1.avi,14,112,127,Fight,0.623735
primary,val/Val_Fight/OvDMIkTb4XU_1.avi,15,120,135,Fight,0.532370
primary,val/Val_Fight/OvDMIkTb4XU_1.avi,16,128,143,Fight,0.531312
primary,val/Val_Fight/OvDMIkTb4XU_2.avi,0,0,15,Fight,0.415124
primary,val/Val_Fight/OvDMIkTb4XU_2.avi,1,8,23,Fight,0.181974
primary,val/Val_Fight/OvDMIkTb4XU_2.avi,2,16,31,Fight,0.397857
primary,val/Val_Fight/OvDMIkTb4XU_2.avi,3,24,39,Fight,0.706483
primary,val/Val_Fight/OvDMIkTb4XU_2.avi,4,32,47,Fight,0.944389
primary,val/Val_Fight/OvDMIkTb4XU_2.avi,5,40,55,Fight,0.498140
primary,val/Val_Fight/OvDMIkTb4XU_2.avi,6,48,63,Fight,0.340593
primary,val/Val_Fight/OvDMIkTb4XU_2.avi,7,56,71,Fight,0.962073
primary,val/Val_Fight/OvDMIkTb4XU_2.avi,8,64,79,Fight,0.982555
primary,val/Val_Fight/OvDMIkTb4XU_2.avi,9,72,87,Fight,0.500805
primary,val/Val_Fight/OvDMIkTb4XU_2.avi,10,80,95,Fight,0.893057
primary,val/Val_Fight/OvDMIkTb4XU_2.avi,11,88,103,Fight,0.884727
primary,val/Val_Fight/OvDMIkTb4XU_2.avi,12,96,111,Fight,0.999250
primary,val/Val_Fight/OvDMIkTb4XU_2.avi,13,104,119,Fight,0.999566
primary,val/Val_Fight/OvDMIkTb4XU_2.avi,14,112,127,Fight,0.999988
primary,val/Val_Fight/OvDMIkTb4XU_2.avi,15,120,135,Fight,0.996172
primary,val/Val_Fight/OvDMIkTb4XU_2.avi,16,128,143,Fight,0.972673
primary,val/Val_Fight/OvDMIkTb4XU_3.avi,0,0,15,Fight,0.938149
primary,val/Val_Fight/OvDMIkTb4XU_3.avi,1,8,23,Fight,0.993860
primary,val/Val_Fight/OvDMIkTb4XU_3.avi,2,16,31,Fight,0.996937
primary,val/Val_Fight/OvDMIkTb4XU_3.avi,3,24,39,Fight,0.983954
primary,val/Val_Fight/OvDMIkTb4XU_3.avi,4,32,47,Fight,0.999865
primary,val/Val_Fight/OvDMIkTb4XU_3.avi,5,40,55,Fight,0.982449
primary,val/Val_Fight/OvDMIkTb4XU_3.avi,6,48,63,Fight,0.990509
primary,val/Val_Fight/OvDMIkTb4XU_3.avi,7,56,71,Fight,0.990853
primary,val/Val_Fight/OvDMIkTb4XU_3.avi,8,64,79,Fight,0.831786
primary,val/Val_Fight/OvDMIkTb4XU_3.avi,9,72,87,Fight,0.875535
primary,val/Val_Fight/OvDMIkTb4XU_3.avi,10,80,95,Fight,0.997039
primary,val/Val_Fight/OvDMIkTb4XU_3.avi,11,88,103,Fight,0.992447
primary,val/Val_Fight/OvDMIkTb4XU_3.avi,12,96,111,Fight,0.895598
primary,val/Val_Fight/OvDMIkTb4XU_3.avi,13,104,119,Fight,0.994542
primary,val/Val_Fight/OvDMIkTb4XU_3.avi,14,112,127,Fight,0.999386
primary,val/Val_Fight/OvDMIkTb4XU_3.avi,15,120,135,Fight,0.999611
primary,val/Val_Fight/OvDMIkTb4XU_3.avi,16,128,143,Fight,0.996660
primary,val/Val_Fight/OvDMIkTb4XU_4.avi,0,0,15,Fight,0.860733
primary,val/Val_Fight/OvDMIkTb4XU_4.avi,1,8,23,Fight,0.982742
primary,val/Val_Fight/OvDMIkTb4XU_4.avi,2,16,31,Fight,0.928058
primary,val/Val_Fight/OvDMIkTb4XU_4.avi,3,24,39,Fight,0.957856
primary,val/Val_Fight/OvDMIkTb4XU_4.avi,4,32,47,Fight,0.828779
primary,val/Val_Fight/OvDMIkTb4XU_4.avi,5,40,55,Fight,0.987926
primary,val/Val_Fight/OvDMIkTb4XU_4.avi,6,48,63,Fight,0.999848
primary,val/Val_Fight/OvDMIkTb4XU_4.avi,7,56,71,Fight,0.996721
primary,val/Val_Fight/OvDMIkTb4XU_4.avi,8,64,79,Fight,0.910238
primary,val/Val_Fight/OvDMIkTb4XU_4.avi,9,72,87,Fight,0.961646
primary,val/Val_Fight/OvDMIkTb4XU_4.avi,10,80,95,Fight,0.955315
primary,val/Val_Fight/OvDMIkTb4XU_4.avi,11,88,103,Fight,0.832494
primary,val/Val_Fight/OvDMIkTb4XU_4.avi,12,96,111,Fight,0.979726
primary,val/Val_Fight/OvDMIkTb4XU_4.avi,13,104,119,Fight,0.954795
primary,val/Val_Fight/OvDMIkTb4XU_4.avi,14,112,127,Fight,0.983325
primary,val/Val_Fight/OvDMIkTb4XU_4.avi,15,120,135,Fight,0.833594
primary,val/Val_Fight/OvDMIkTb4XU_4.avi,16,128,143,Fight,0.680860
primary,val/Val_Fight/Q0v2MB0b_0.avi,0,0,15,Fight,0.083793
primary,val/Val_Fight/Q0v2MB0b_0.avi,1,8,23,Fight,0.063428
primary,val/Val_Fight/Q0v2MB0b_0.avi,2,16,31,Fight,0.101226
primary,val/Val_Fight/Q0v2MB0b_0.avi,3,24,39,Fight,0.151559
primary,val/Val_Fight/Q0v2MB0b_0.avi,4,32,47,Fight,0.210251
primary,val/Val_Fight/Q0v2MB0b_0.avi,5,40,55,Fight,0.985262
primary,val/Val_Fight/Q0v2MB0b_0.avi,6,48,63,Fight,0.997105
primary,val/Val_Fight/Q0v2MB0b_0.avi,7,56,71,Fight,1.000000
primary,val/Val_Fight/Q0v2MB0b_0.avi,8,64,79,Fight,0.999993
primary,val/Val_Fight/Q0v2MB0b_0.avi,9,72,87,Fight,0.999439
primary,val/Val_Fight/Q0v2MB0b_0.avi,10,80,95,Fight,0.502476
primary,val/Val_Fight/Q0v2MB0b_0.avi,11,88,103,Fight,0.068165
primary,val/Val_Fight/Q0v2MB0b_0.avi,12,96,111,Fight,0.013929
primary,val/Val_Fight/Q0v2MB0b_0.avi,13,104,119,Fight,0.016717
primary,val/Val_Fight/Q0v2MB0b_0.avi,14,112,127,Fight,0.030381
primary,val/Val_Fight/Q0v2MB0b_0.avi,15,120,135,Fight,0.016523
primary,val/Val_Fight/Q0v2MB0b_0.avi,16,128,143,Fight,0.025445
primary,val/Val_Fight/Qj3oZsaqNGE_0.avi,0,0,15,Fight,0.002591
primary,val/Val_Fight/Qj3oZsaqNGE_0.avi,1,8,23,Fight,0.004704
primary,val/Val_Fight/Qj3oZsaqNGE_0.avi,2,16,31,Fight,0.012704
primary,val/Val_Fight/Qj3oZsaqNGE_0.avi,3,24,39,Fight,0.030557
primary,val/Val_Fight/Qj3oZsaqNGE_0.avi,4,32,47,Fight,0.065826
primary,val/Val_Fight/Qj3oZsaqNGE_0.avi,5,40,55,Fight,0.008578
primary,val/Val_Fight/Qj3oZsaqNGE_0.avi,6,48,63,Fight,0.006996
primary,val/Val_Fight/Qj3oZsaqNGE_0.avi,7,56,71,Fight,0.023638
primary,val/Val_Fight/Qj3oZsaqNGE_0.avi,8,64,79,Fight,0.150689
primary,val/Val_Fight/Qj3oZsaqNGE_0.avi,9,72,87,Fight,0.507062
primary,val/Val_Fight/Qj3oZsaqNGE_0.avi,10,80,95,Fight,0.265638
primary,val/Val_Fight/Qj3oZsaqNGE_0.avi,11,88,103,Fight,0.077120
primary,val/Val_Fight/Qj3oZsaqNGE_0.avi,12,96,111,Fight,0.048777
primary,val/Val_Fight/Qj3oZsaqNGE_0.avi,13,104,119,Fight,0.123566
primary,val/Val_Fight/Qj3oZsaqNGE_0.avi,14,112,127,Fight,0.260921
primary,val/Val_Fight/Qj3oZsaqNGE_0.avi,15,120,135,Fight,0.032392
primary,val/Val_Fight/Qj3oZsaqNGE_0.avi,16,128,143,Fight,0.073500
primary,val/Val_Fight/Qj3oZsaqNGE_1.avi,0,0,15,Fight,0.007672
primary,val/Val_Fight/Qj3oZsaqNGE_1.avi,1,8,23,Fight,0.039528
primary,val/Val_Fight/Qj3oZsaqNGE_1.avi,2,16,31,Fight,0.061831
primary,val/Val_Fight/Qj3oZsaqNGE_1.avi,3,24,39,Fight,0.111713
primary,val/Val_Fight/Qj3oZsaqNGE_1.avi,4,32,47,Fight,0.033951
primary,val/Val_Fight/Qj3oZsaqNGE_1.avi,5,40,55,Fight,0.067849
primary,val/Val_Fight/Qj3oZsaqNGE_1.avi,6,48,63,Fight,0.096138
primary,val/Val_Fight/Qj3oZsaqNGE_1.avi,7,56,71,Fight,0.059048
primary,val/Val_Fight/Qj3oZsaqNGE_1.avi,8,64,79,Fight,0.172206
primary,val/Val_Fight/Qj3oZsaqNGE_1.avi,9,72,87,Fight,0.061547
primary,val/Val_Fight/Qj3oZsaqNGE_1.avi,10,80,95,Fight,0.032052
primary,val/Val_Fight/Qj3oZsaqNGE_1.avi,11,88,103,Fight,0.256962
primary,val/Val_Fight/Qj3oZsaqNGE_1.avi,12,96,111,Fight,0.079706
primary,val/Val_Fight/Qj3oZsaqNGE_1.avi,13,104,119,Fight,0.038375
primary,val/Val_Fight/Qj3oZsaqNGE_1.avi,14,112,127,Fight,0.027867
primary,val/Val_Fight/Qj3oZsaqNGE_1.avi,15,120,135,Fight,0.068610
primary,val/Val_Fight/Qj3oZsaqNGE_1.avi,16,128,143,Fight,0.307031
primary,val/Val_Fight/Qtcwz_K2Gvo_0.avi,0,0,15,Fight,0.222416
primary,val/Val_Fight/Qtcwz_K2Gvo_0.avi,1,8,23,Fight,0.165968
primary,val/Val_Fight/Qtcwz_K2Gvo_0.avi,2,16,31,Fight,0.162810
primary,val/Val_Fight/Qtcwz_K2Gvo_0.avi,3,24,39,Fight,0.497221
primary,val/Val_Fight/Qtcwz_K2Gvo_0.avi,4,32,47,Fight,0.212786
primary,val/Val_Fight/Qtcwz_K2Gvo_0.avi,5,40,55,Fight,0.638791
primary,val/Val_Fight/Qtcwz_K2Gvo_0.avi,6,48,63,Fight,0.998105
primary,val/Val_Fight/Qtcwz_K2Gvo_0.avi,7,56,71,Fight,0.745803
primary,val/Val_Fight/Qtcwz_K2Gvo_0.avi,8,64,79,Fight,0.077965
primary,val/Val_Fight/Qtcwz_K2Gvo_0.avi,9,72,87,Fight,0.112738
primary,val/Val_Fight/Qtcwz_K2Gvo_0.avi,10,80,95,Fight,0.068684
primary,val/Val_Fight/Qtcwz_K2Gvo_0.avi,11,88,103,Fight,0.105607
primary,val/Val_Fight/Qtcwz_K2Gvo_0.avi,12,96,111,Fight,0.452362
primary,val/Val_Fight/Qtcwz_K2Gvo_0.avi,13,104,119,Fight,0.586628
primary,val/Val_Fight/Qtcwz_K2Gvo_0.avi,14,112,127,Fight,0.192099
primary,val/Val_Fight/Qtcwz_K2Gvo_0.avi,15,120,135,Fight,0.013312
primary,val/Val_Fight/Qtcwz_K2Gvo_0.avi,16,128,143,Fight,0.004456
primary,val/Val_Fight/Qtcwz_K2Gvo_1.avi,0,0,15,Fight,0.010119
primary,val/Val_Fight/Qtcwz_K2Gvo_1.avi,1,8,23,Fight,0.035681
primary,val/Val_Fight/Qtcwz_K2Gvo_1.avi,2,16,31,Fight,0.081048
primary,val/Val_Fight/Qtcwz_K2Gvo_1.avi,3,24,39,Fight,0.084822
primary,val/Val_Fight/Qtcwz_K2Gvo_1.avi,4,32,47,Fight,0.090287
primary,val/Val_Fight/Qtcwz_K2Gvo_1.avi,5,40,55,Fight,0.045698
primary,val/Val_Fight/Qtcwz_K2Gvo_1.avi,6,48,63,Fight,0.038947
primary,val/Val_Fight/Qtcwz_K2Gvo_1.avi,7,56,71,Fight,0.009560
primary,val/Val_Fight/Qtcwz_K2Gvo_1.avi,8,64,79,Fight,0.004931
primary,val/Val_Fight/Qtcwz_K2Gvo_1.avi,9,72,87,Fight,0.017166
primary,val/Val_Fight/Qtcwz_K2Gvo_1.avi,10,80,95,Fight,0.012485
primary,val/Val_Fight/Qtcwz_K2Gvo_1.avi,11,88,103,Fight,0.019428
primary,val/Val_Fight/Qtcwz_K2Gvo_1.avi,12,96,111,Fight,0.005710
primary,val/Val_Fight/Qtcwz_K2Gvo_1.avi,13,104,119,Fight,0.020622
primary,val/Val_Fight/Qtcwz_K2Gvo_1.avi,14,112,127,Fight,0.046068
primary,val/Val_Fight/Qtcwz_K2Gvo_1.avi,15,120,135,Fight,0.031579
primary,val/Val_Fight/Qtcwz_K2Gvo_1.avi,16,128,143,Fight,0.014741
primary,val/Val_Fight/RETYTDF_523.avi,0,0,15,Fight,0.051917
primary,val/Val_Fight/RETYTDF_523.avi,1,8,23,Fight,0.189837
primary,val/Val_Fight/RETYTDF_523.avi,2,16,31,Fight,0.247622
primary,val/Val_Fight/RETYTDF_523.avi,3,24,39,Fight,0.943352
primary,val/Val_Fight/RETYTDF_523.avi,4,32,47,Fight,0.986961
primary,val/Val_Fight/RETYTDF_523.avi,5,40,55,Fight,0.998453
primary,val/Val_Fight/RETYTDF_523.avi,6,48,63,Fight,0.995270
primary,val/Val_Fight/RETYTDF_523.avi,7,56,71,Fight,0.999868
primary,val/Val_Fight/RETYTDF_523.avi,8,64,79,Fight,0.998740
primary,val/Val_Fight/RETYTDF_523.avi,9,72,87,Fight,0.666880
primary,val/Val_Fight/RETYTDF_523.avi,10,80,95,Fight,0.332692
primary,val/Val_Fight/RETYTDF_523.avi,11,88,103,Fight,0.086140
primary,val/Val_Fight/RETYTDF_523.avi,12,96,111,Fight,0.449818
primary,val/Val_Fight/RETYTDF_523.avi,13,104,119,Fight,0.243499
primary,val/Val_Fight/RETYTDF_523.avi,14,112,127,Fight,0.283611
primary,val/Val_Fight/RETYTDF_523.avi,15,120,135,Fight,0.070809
primary,val/Val_Fight/RETYTDF_523.avi,16,128,143,Fight,0.169751
primary,val/Val_Fight/RETYTDF_524.avi,0,0,15,Fight,0.428917
primary,val/Val_Fight/RETYTDF_524.avi,1,8,23,Fight,0.429325
primary,val/Val_Fight/RETYTDF_524.avi,2,16,31,Fight,0.610388
primary,val/Val_Fight/RETYTDF_524.avi,3,24,39,Fight,0.588214
primary,val/Val_Fight/RETYTDF_524.avi,4,32,47,Fight,0.797765
primary,val/Val_Fight/RETYTDF_524.avi,5,40,55,Fight,0.734092
primary,val/Val_Fight/RETYTDF_524.avi,6,48,63,Fight,0.266407
primary,val/Val_Fight/RETYTDF_524.avi,7,56,71,Fight,0.115522
primary,val/Val_Fight/RETYTDF_524.avi,8,64,79,Fight,0.126003
primary,val/Val_Fight/RETYTDF_524.avi,9,72,87,Fight,0.206687
primary,val/Val_Fight/RETYTDF_524.avi,10,80,95,Fight,0.611055
primary,val/Val_Fight/RETYTDF_524.avi,11,88,103,Fight,0.604968
primary,val/Val_Fight/RETYTDF_524.avi,12,96,111,Fight,0.784804
primary,val/Val_Fight/RETYTDF_524.avi,13,104,119,Fight,0.779371
primary,val/Val_Fight/RETYTDF_524.avi,14,112,127,Fight,0.658992
primary,val/Val_Fight/RETYTDF_524.avi,15,120,135,Fight,0.937313
primary,val/Val_Fight/RETYTDF_524.avi,16,128,143,Fight,0.916900
primary,val/Val_Fight/RIXaF_TkLlU_0.avi,0,0,15,Fight,0.556513
primary,val/Val_Fight/RIXaF_TkLlU_0.avi,1,8,23,Fight,0.504739
primary,val/Val_Fight/RIXaF_TkLlU_0.avi,2,16,31,Fight,0.607252
primary,val/Val_Fight/RIXaF_TkLlU_0.avi,3,24,39,Fight,0.088888
primary,val/Val_Fight/RIXaF_TkLlU_0.avi,4,32,47,Fight,0.119518
primary,val/Val_Fight/RIXaF_TkLlU_0.avi,5,40,55,Fight,0.249007
primary,val/Val_Fight/RIXaF_TkLlU_0.avi,6,48,63,Fight,0.204533
primary,val/Val_Fight/RIXaF_TkLlU_0.avi,7,56,71,Fight,0.181144
primary,val/Val_Fight/RIXaF_TkLlU_0.avi,8,64,79,Fight,0.204127
primary,val/Val_Fight/RIXaF_TkLlU_0.avi,9,72,87,Fight,0.242119
primary,val/Val_Fight/RIXaF_TkLlU_0.avi,10,80,95,Fight,0.242731
primary,val/Val_Fight/RIXaF_TkLlU_0.avi,11,88,103,Fight,0.296819
primary,val/Val_Fight/RIXaF_TkLlU_0.avi,12,96,111,Fight,0.258105
primary,val/Val_Fight/RIXaF_TkLlU_0.avi,13,104,119,Fight,0.364516
primary,val/Val_Fight/RIXaF_TkLlU_0.avi,14,112,127,Fight,0.348876
primary,val/Val_Fight/RIXaF_TkLlU_0.avi,15,120,135,Fight,0.314269
primary,val/Val_Fight/RIXaF_TkLlU_0.avi,16,128,143,Fight,0.310215
primary,val/Val_Fight/RIXaF_TkLlU_1.avi,0,0,15,Fight,0.077954
primary,val/Val_Fight/RIXaF_TkLlU_1.avi,1,8,23,Fight,0.106748
primary,val/Val_Fight/RIXaF_TkLlU_1.avi,2,16,31,Fight,0.133434
primary,val/Val_Fight/RIXaF_TkLlU_1.avi,3,24,39,Fight,0.120879
primary,val/Val_Fight/RIXaF_TkLlU_1.avi,4,32,47,Fight,0.098178
primary,val/Val_Fight/RIXaF_TkLlU_1.avi,5,40,55,Fight,0.068439
primary,val/Val_Fight/RIXaF_TkLlU_1.avi,6,48,63,Fight,0.118011
primary,val/Val_Fight/RIXaF_TkLlU_1.avi,7,56,71,Fight,0.068234
primary,val/Val_Fight/RIXaF_TkLlU_1.avi,8,64,79,Fight,0.430596
primary,val/Val_Fight/RIXaF_TkLlU_1.avi,9,72,87,Fight,0.536919
primary,val/Val_Fight/RIXaF_TkLlU_1.avi,10,80,95,Fight,0.371276
primary,val/Val_Fight/RIXaF_TkLlU_1.avi,11,88,103,Fight,0.657899
primary,val/Val_Fight/RIXaF_TkLlU_1.avi,12,96,111,Fight,0.320236
primary,val/Val_Fight/RIXaF_TkLlU_1.avi,13,104,119,Fight,0.698225
primary,val/Val_Fight/RIXaF_TkLlU_1.avi,14,112,127,Fight,0.511362
primary,val/Val_Fight/RIXaF_TkLlU_1.avi,15,120,135,Fight,0.539776
primary,val/Val_Fight/RIXaF_TkLlU_1.avi,16,128,143,Fight,0.809426
primary,val/Val_Fight/RIXaF_TkLlU_2.avi,0,0,15,Fight,0.264436
primary,val/Val_Fight/RIXaF_TkLlU_2.avi,1,8,23,Fight,0.082493
primary,val/Val_Fight/RIXaF_TkLlU_2.avi,2,16,31,Fight,0.719627
primary,val/Val_Fight/RIXaF_TkLlU_2.avi,3,24,39,Fight,0.499113
primary,val/Val_Fight/RIXaF_TkLlU_2.avi,4,32,47,Fight,0.097567
primary,val/Val_Fight/RIXaF_TkLlU_2.avi,5,40,55,Fight,0.455246
primary,val/Val_Fight/RIXaF_TkLlU_2.avi,6,48,63,Fight,0.821143
primary,val/Val_Fight/RIXaF_TkLlU_2.avi,7,56,71,Fight,0.612666
primary,val/Val_Fight/RIXaF_TkLlU_2.avi,8,64,79,Fight,0.457006
primary,val/Val_Fight/RIXaF_TkLlU_2.avi,9,72,87,Fight,0.939853
primary,val/Val_Fight/RIXaF_TkLlU_2.avi,10,80,95,Fight,0.997260
primary,val/Val_Fight/RIXaF_TkLlU_2.avi,11,88,103,Fight,0.770320
primary,val/Val_Fight/RIXaF_TkLlU_2.avi,12,96,111,Fight,0.462757
primary,val/Val_Fight/RIXaF_TkLlU_2.avi,13,104,119,Fight,0.246573
primary,val/Val_Fight/RIXaF_TkLlU_2.avi,14,112,127,Fight,0.231942
primary,val/Val_Fight/RIXaF_TkLlU_2.avi,15,120,135,Fight,0.162910
primary,val/Val_Fight/RIXaF_TkLlU_2.avi,16,128,143,Fight,0.187928
primary,val/Val_Fight/RIXaF_TkLlU_3.avi,0,0,15,Fight,0.343934
primary,val/Val_Fight/RIXaF_TkLlU_3.avi,1,8,23,Fight,0.139746
primary,val/Val_Fight/RIXaF_TkLlU_3.avi,2,16,31,Fight,0.100832
primary,val/Val_Fight/RIXaF_TkLlU_3.avi,3,24,39,Fight,0.083610
primary,val/Val_Fight/RIXaF_TkLlU_3.avi,4,32,47,Fight,0.025540
primary,val/Val_Fight/RIXaF_TkLlU_3.avi,5,40,55,Fight,0.008578
primary,val/Val_Fight/RIXaF_TkLlU_3.avi,6,48,63,Fight,0.040048
primary,val/Val_Fight/RIXaF_TkLlU_3.avi,7,56,71,Fight,0.060580
primary,val/Val_Fight/RIXaF_TkLlU_3.avi,8,64,79,Fight,0.087771
primary,val/Val_Fight/RIXaF_TkLlU_3.avi,9,72,87,Fight,0.152589
primary,val/Val_Fight/RIXaF_TkLlU_3.avi,10,80,95,Fight,0.186119
primary,val/Val_Fight/RIXaF_TkLlU_3.avi,11,88,103,Fight,0.070168
primary,val/Val_Fight/RIXaF_TkLlU_3.avi,12,96,111,Fight,0.029339
primary,val/Val_Fight/RIXaF_TkLlU_3.avi,13,104,119,Fight,0.010349
primary,val/Val_Fight/RIXaF_TkLlU_3.avi,14,112,127,Fight,0.101090
primary,val/Val_Fight/RIXaF_TkLlU_3.avi,15,120,135,Fight,0.155505
primary,val/Val_Fight/RIXaF_TkLlU_3.avi,16,128,143,Fight,0.101960
primary,val/Val_Fight/RIXaF_TkLlU_4.avi,0,0,15,Fight,0.102445
primary,val/Val_Fight/RIXaF_TkLlU_4.avi,1,8,23,Fight,0.075734
primary,val/Val_Fight/RIXaF_TkLlU_4.avi,2,16,31,Fight,0.027332
primary,val/Val_Fight/RIXaF_TkLlU_4.avi,3,24,39,Fight,0.021905
primary,val/Val_Fight/RIXaF_TkLlU_4.avi,4,32,47,Fight,0.032806
primary,val/Val_Fight/RIXaF_TkLlU_4.avi,5,40,55,Fight,0.017633
primary,val/Val_Fight/RIXaF_TkLlU_4.avi,6,48,63,Fight,0.043208
primary,val/Val_Fight/RIXaF_TkLlU_4.avi,7,56,71,Fight,0.050888
primary,val/Val_Fight/RIXaF_TkLlU_4.avi,8,64,79,Fight,0.023971
primary,val/Val_Fight/RIXaF_TkLlU_4.avi,9,72,87,Fight,0.008449
primary,val/Val_Fight/RIXaF_TkLlU_4.avi,10,80,95,Fight,0.044381
primary,val/Val_Fight/RIXaF_TkLlU_4.avi,11,88,103,Fight,0.059636
primary,val/Val_Fight/RIXaF_TkLlU_4.avi,12,96,111,Fight,0.037382
primary,val/Val_Fight/RIXaF_TkLlU_4.avi,13,104,119,Fight,0.024119
primary,val/Val_Fight/RIXaF_TkLlU_4.avi,14,112,127,Fight,0.061953
primary,val/Val_Fight/RIXaF_TkLlU_4.avi,15,120,135,Fight,0.072890
primary,val/Val_Fight/RIXaF_TkLlU_4.avi,16,128,143,Fight,0.021170
primary,val/Val_Fight/RIXaF_TkLlU_5.avi,0,0,15,Fight,0.029682
primary,val/Val_Fight/RIXaF_TkLlU_5.avi,1,8,23,Fight,0.044921
primary,val/Val_Fight/RIXaF_TkLlU_5.avi,2,16,31,Fight,0.049734
primary,val/Val_Fight/RIXaF_TkLlU_5.avi,3,24,39,Fight,0.022663
primary,val/Val_Fight/RIXaF_TkLlU_5.avi,4,32,47,Fight,0.073036
primary,val/Val_Fight/RIXaF_TkLlU_5.avi,5,40,55,Fight,0.136589
primary,val/Val_Fight/RIXaF_TkLlU_5.avi,6,48,63,Fight,0.053382
primary,val/Val_Fight/RIXaF_TkLlU_5.avi,7,56,71,Fight,0.045462
primary,val/Val_Fight/RIXaF_TkLlU_5.avi,8,64,79,Fight,0.051421
primary,val/Val_Fight/RIXaF_TkLlU_5.avi,9,72,87,Fight,0.037135
primary,val/Val_Fight/RIXaF_TkLlU_5.avi,10,80,95,Fight,0.020846
primary,val/Val_Fight/RIXaF_TkLlU_5.avi,11,88,103,Fight,0.018515
primary,val/Val_Fight/RIXaF_TkLlU_5.avi,12,96,111,Fight,0.009222
primary,val/Val_Fight/RIXaF_TkLlU_5.avi,13,104,119,Fight,0.011372
primary,val/Val_Fight/RIXaF_TkLlU_5.avi,14,112,127,Fight,0.026527
primary,val/Val_Fight/RIXaF_TkLlU_5.avi,15,120,135,Fight,0.006895
primary,val/Val_Fight/RIXaF_TkLlU_5.avi,16,128,143,Fight,0.003643
primary,val/Val_Fight/RTHTRS_697.avi,0,0,15,Fight,0.003256
primary,val/Val_Fight/RTHTRS_697.avi,1,8,23,Fight,0.001124
primary,val/Val_Fight/RTHTRS_697.avi,2,16,31,Fight,0.000153
primary,val/Val_Fight/RTHTRS_697.avi,3,24,39,Fight,0.000879
primary,val/Val_Fight/RTHTRS_697.avi,4,32,47,Fight,0.006643
primary,val/Val_Fight/RTHTRS_697.avi,5,40,55,Fight,0.045467
primary,val/Val_Fight/RTHTRS_697.avi,6,48,63,Fight,0.049464
primary,val/Val_Fight/RTHTRS_697.avi,7,56,71,Fight,0.363510
primary,val/Val_Fight/RTHTRS_697.avi,8,64,79,Fight,0.826982
primary,val/Val_Fight/RTHTRS_697.avi,9,72,87,Fight,0.156635
primary,val/Val_Fight/RTHTRS_697.avi,10,80,95,Fight,0.480588
primary,val/Val_Fight/RTHTRS_697.avi,11,88,103,Fight,0.349430
primary,val/Val_Fight/RTHTRS_697.avi,12,96,111,Fight,0.417592
primary,val/Val_Fight/RTHTRS_697.avi,13,104,119,Fight,0.664017
primary,val/Val_Fight/RTHTRS_697.avi,14,112,127,Fight,0.343464
primary,val/Val_Fight/RTHTRS_697.avi,15,120,135,Fight,0.540715
primary,val/Val_Fight/RTHTRS_697.avi,16,128,143,Fight,0.963938
primary,val/Val_Fight/RTHTRS_698.avi,0,0,15,Fight,0.924920
primary,val/Val_Fight/RTHTRS_698.avi,1,8,23,Fight,0.849628
primary,val/Val_Fight/RTHTRS_698.avi,2,16,31,Fight,0.663100
primary,val/Val_Fight/RTHTRS_698.avi,3,24,39,Fight,0.974716
primary,val/Val_Fight/RTHTRS_698.avi,4,32,47,Fight,0.802158
primary,val/Val_Fight/RTHTRS_698.avi,5,40,55,Fight,0.833426
primary,val/Val_Fight/RTHTRS_698.avi,6,48,63,Fight,0.628577
primary,val/Val_Fight/RTHTRS_698.avi,7,56,71,Fight,0.669591
primary,val/Val_Fight/RTHTRS_698.avi,8,64,79,Fight,0.978573
primary,val/Val_Fight/RTHTRS_698.avi,9,72,87,Fight,0.404059
primary,val/Val_Fight/RTHTRS_698.avi,10,80,95,Fight,0.998694
primary,val/Val_Fight/RTHTRS_698.avi,11,88,103,Fight,0.910500
primary,val/Val_Fight/RTHTRS_698.avi,12,96,111,Fight,0.958986
primary,val/Val_Fight/RTHTRS_698.avi,13,104,119,Fight,0.904313
primary,val/Val_Fight/RTHTRS_698.avi,14,112,127,Fight,0.947339
primary,val/Val_Fight/RTHTRS_698.avi,15,120,135,Fight,0.856297
primary,val/Val_Fight/RTHTRS_698.avi,16,128,143,Fight,0.713009
primary,val/Val_Fight/RTHTRS_699.avi,0,0,15,Fight,0.566289
primary,val/Val_Fight/RTHTRS_699.avi,1,8,23,Fight,0.721969
primary,val/Val_Fight/RTHTRS_699.avi,2,16,31,Fight,0.741272
primary,val/Val_Fight/RTHTRS_699.avi,3,24,39,Fight,0.420463
primary,val/Val_Fight/RTHTRS_699.avi,4,32,47,Fight,0.243419
primary,val/Val_Fight/RTHTRS_699.avi,5,40,55,Fight,0.374437
primary,val/Val_Fight/RTHTRS_699.avi,6,48,63,Fight,0.296678
primary,val/Val_Fight/RTHTRS_699.avi,7,56,71,Fight,0.120481
primary,val/Val_Fight/RTHTRS_699.avi,8,64,79,Fight,0.551477
primary,val/Val_Fight/RTHTRS_699.avi,9,72,87,Fight,0.802962
primary,val/Val_Fight/RTHTRS_699.avi,10,80,95,Fight,0.998942
primary,val/Val_Fight/RTHTRS_699.avi,11,88,103,Fight,0.997523
primary,val/Val_Fight/RTHTRS_699.avi,12,96,111,Fight,0.698005
primary,val/Val_Fight/RTHTRS_699.avi,13,104,119,Fight,0.093032
primary,val/Val_Fight/RTHTRS_699.avi,14,112,127,Fight,0.466076
primary,val/Val_Fight/RTHTRS_699.avi,15,120,135,Fight,0.664823
primary,val/Val_Fight/RTHTRS_699.avi,16,128,143,Fight,0.292288
primary,val/Val_Fight/RTHTRS_705.avi,0,0,15,Fight,0.193516
primary,val/Val_Fight/RTHTRS_705.avi,1,8,23,Fight,0.039851
primary,val/Val_Fight/RTHTRS_705.avi,2,16,31,Fight,0.265112
primary,val/Val_Fight/RTHTRS_705.avi,3,24,39,Fight,0.836778
primary,val/Val_Fight/RTHTRS_705.avi,4,32,47,Fight,0.576148
primary,val/Val_Fight/RTHTRS_705.avi,5,40,55,Fight,0.709369
primary,val/Val_Fight/RTHTRS_705.avi,6,48,63,Fight,0.483300
primary,val/Val_Fight/RTHTRS_705.avi,7,56,71,Fight,0.564915
primary,val/Val_Fight/RTHTRS_705.avi,8,64,79,Fight,0.577620
primary,val/Val_Fight/RTHTRS_705.avi,9,72,87,Fight,0.262324
primary,val/Val_Fight/RTHTRS_705.avi,10,80,95,Fight,0.869804
primary,val/Val_Fight/RTHTRS_705.avi,11,88,103,Fight,0.407182
primary,val/Val_Fight/RTHTRS_705.avi,12,96,111,Fight,0.576378
primary,val/Val_Fight/RTHTRS_705.avi,13,104,119,Fight,0.854781
primary,val/Val_Fight/RTHTRS_705.avi,14,112,127,Fight,0.398195
primary,val/Val_Fight/RTHTRS_705.avi,15,120,135,Fight,0.468567
primary,val/Val_Fight/RTHTRS_705.avi,16,128,143,Fight,0.442603
primary,val/Val_Fight/RTHTRS_706.avi,0,0,15,Fight,0.829418
primary,val/Val_Fight/RTHTRS_706.avi,1,8,23,Fight,0.388609
primary,val/Val_Fight/RTHTRS_706.avi,2,16,31,Fight,0.402273
primary,val/Val_Fight/RTHTRS_706.avi,3,24,39,Fight,0.852151
primary,val/Val_Fight/RTHTRS_706.avi,4,32,47,Fight,0.632930
primary,val/Val_Fight/RTHTRS_706.avi,5,40,55,Fight,0.950809
primary,val/Val_Fight/RTHTRS_706.avi,6,48,63,Fight,0.920601
primary,val/Val_Fight/RTHTRS_706.avi,7,56,71,Fight,0.865654
primary,val/Val_Fight/RTHTRS_706.avi,8,64,79,Fight,0.527363
primary,val/Val_Fight/RTHTRS_706.avi,9,72,87,Fight,0.552985
primary,val/Val_Fight/RTHTRS_706.avi,10,80,95,Fight,0.983650
primary,val/Val_Fight/RTHTRS_706.avi,11,88,103,Fight,0.997539
primary,val/Val_Fight/RTHTRS_706.avi,12,96,111,Fight,0.703578
primary,val/Val_Fight/RTHTRS_706.avi,13,104,119,Fight,0.443427
primary,val/Val_Fight/RTHTRS_706.avi,14,112,127,Fight,0.820379
primary,val/Val_Fight/RTHTRS_706.avi,15,120,135,Fight,0.928584
primary,val/Val_Fight/RTHTRS_706.avi,16,128,143,Fight,0.994469
primary,val/Val_Fight/RTHTRS_707.avi,0,0,15,Fight,0.485633
primary,val/Val_Fight/RTHTRS_707.avi,1,8,23,Fight,0.776888
primary,val/Val_Fight/RTHTRS_707.avi,2,16,31,Fight,0.593185
primary,val/Val_Fight/RTHTRS_707.avi,3,24,39,Fight,0.680627
primary,val/Val_Fight/RTHTRS_707.avi,4,32,47,Fight,0.620177
primary,val/Val_Fight/RTHTRS_707.avi,5,40,55,Fight,0.680978
primary,val/Val_Fight/RTHTRS_707.avi,6,48,63,Fight,0.962892
primary,val/Val_Fight/RTHTRS_707.avi,7,56,71,Fight,0.562180
primary,val/Val_Fight/RTHTRS_707.avi,8,64,79,Fight,0.846378
primary,val/Val_Fight/RTHTRS_707.avi,9,72,87,Fight,0.664231
primary,val/Val_Fight/RTHTRS_707.avi,10,80,95,Fight,0.448545
primary,val/Val_Fight/RTHTRS_707.avi,11,88,103,Fight,0.227109
primary,val/Val_Fight/RTHTRS_707.avi,12,96,111,Fight,0.163264
primary,val/Val_Fight/RTHTRS_707.avi,13,104,119,Fight,0.134762
primary,val/Val_Fight/RTHTRS_707.avi,14,112,127,Fight,0.801563
primary,val/Val_Fight/RTHTRS_707.avi,15,120,135,Fight,0.712736
primary,val/Val_Fight/RTHTRS_707.avi,16,128,143,Fight,0.971575
primary,val/Val_Fight/RTHTRS_717.avi,0,0,15,Fight,0.599304
primary,val/Val_Fight/RTHTRS_717.avi,1,8,23,Fight,0.298062
primary,val/Val_Fight/RTHTRS_717.avi,2,16,31,Fight,0.073770
primary,val/Val_Fight/RTHTRS_717.avi,3,24,39,Fight,0.031836
primary,val/Val_Fight/RTHTRS_717.avi,4,32,47,Fight,0.040925
primary,val/Val_Fight/RTHTRS_717.avi,5,40,55,Fight,0.043394
primary,val/Val_Fight/RTHTRS_717.avi,6,48,63,Fight,0.013960
primary,val/Val_Fight/RTHTRS_717.avi,7,56,71,Fight,0.012681
primary,val/Val_Fight/RTHTRS_717.avi,8,64,79,Fight,0.020898
primary,val/Val_Fight/RTHTRS_717.avi,9,72,87,Fight,0.005586
primary,val/Val_Fight/RTHTRS_717.avi,10,80,95,Fight,0.031066
primary,val/Val_Fight/RTHTRS_717.avi,11,88,103,Fight,0.033047
primary,val/Val_Fight/RTHTRS_717.avi,12,96,111,Fight,0.038302
primary,val/Val_Fight/RTHTRS_717.avi,13,104,119,Fight,0.413594
primary,val/Val_Fight/RTHTRS_717.avi,14,112,127,Fight,0.516856
primary,val/Val_Fight/RTHTRS_717.avi,15,120,135,Fight,0.038557
primary,val/Val_Fight/RTHTRS_717.avi,16,128,143,Fight,0.020602
primary,val/Val_Fight/RTHTRS_718.avi,0,0,15,Fight,0.466337
primary,val/Val_Fight/RTHTRS_718.avi,1,8,23,Fight,0.011536
primary,val/Val_Fight/RTHTRS_718.avi,2,16,31,Fight,0.616631
primary,val/Val_Fight/RTHTRS_718.avi,3,24,39,Fight,0.022361
primary,val/Val_Fight/RTHTRS_718.avi,4,32,47,Fight,0.031603
primary,val/Val_Fight/RTHTRS_718.avi,5,40,55,Fight,0.171897
primary,val/Val_Fight/RTHTRS_718.avi,6,48,63,Fight,0.191553
primary,val/Val_Fight/RTHTRS_718.avi,7,56,71,Fight,0.068971
primary,val/Val_Fight/RTHTRS_718.avi,8,64,79,Fight,0.063800
primary,val/Val_Fight/RTHTRS_718.avi,9,72,87,Fight,0.542159
primary,val/Val_Fight/RTHTRS_718.avi,10,80,95,Fight,0.046026
primary,val/Val_Fight/RTHTRS_718.avi,11,88,103,Fight,0.100370
primary,val/Val_Fight/RTHTRS_718.avi,12,96,111,Fight,0.078180
primary,val/Val_Fight/RTHTRS_718.avi,13,104,119,Fight,0.108638
primary,val/Val_Fight/RTHTRS_718.avi,14,112,127,Fight,0.144750
primary,val/Val_Fight/RTHTRS_718.avi,15,120,135,Fight,0.980009
primary,val/Val_Fight/RTHTRS_718.avi,16,128,143,Fight,0.992676
primary,val/Val_Fight/RTHTRS_719.avi,0,0,15,Fight,0.037056
primary,val/Val_Fight/RTHTRS_719.avi,1,8,23,Fight,0.350456
primary,val/Val_Fight/RTHTRS_719.avi,2,16,31,Fight,0.999915
primary,val/Val_Fight/RTHTRS_719.avi,3,24,39,Fight,0.999991
primary,val/Val_Fight/RTHTRS_719.avi,4,32,47,Fight,0.632839
primary,val/Val_Fight/RTHTRS_719.avi,5,40,55,Fight,0.304873
primary,val/Val_Fight/RTHTRS_719.avi,6,48,63,Fight,0.365384
primary,val/Val_Fight/RTHTRS_719.avi,7,56,71,Fight,0.169410
primary,val/Val_Fight/RTHTRS_719.avi,8,64,79,Fight,0.168922
primary,val/Val_Fight/RTHTRS_719.avi,9,72,87,Fight,0.068378
primary,val/Val_Fight/RTHTRS_719.avi,10,80,95,Fight,0.460430
primary,val/Val_Fight/RTHTRS_719.avi,11,88,103,Fight,0.054858
primary,val/Val_Fight/RTHTRS_719.avi,12,96,111,Fight,0.028060
primary,val/Val_Fight/RTHTRS_719.avi,13,104,119,Fight,0.040146
primary,val/Val_Fight/RTHTRS_719.avi,14,112,127,Fight,0.130940
primary,val/Val_Fight/RTHTRS_719.avi,15,120,135,Fight,0.070036
primary,val/Val_Fight/RTHTRS_719.avi,16,128,143,Fight,0.421255
primary,val/Val_Fight/RTHTRS_720.avi,0,0,15,Fight,0.876598
primary,val/Val_Fight/RTHTRS_720.avi,1,8,23,Fight,0.001837
primary,val/Val_Fight/RTHTRS_720.avi,2,16,31,Fight,0.002416
primary,val/Val_Fight/RTHTRS_720.avi,3,24,39,Fight,0.179905
primary,val/Val_Fight/RTHTRS_720.avi,4,32,47,Fight,0.037428
primary,val/Val_Fight/RTHTRS_720.avi,5,40,55,Fight,0.003582
primary,val/Val_Fight/RTHTRS_720.avi,6,48,63,Fight,0.164053
primary,val/Val_Fight/RTHTRS_720.avi,7,56,71,Fight,0.192775
primary,val/Val_Fight/RTHTRS_720.avi,8,64,79,Fight,0.745459
primary,val/Val_Fight/RTHTRS_720.avi,9,72,87,Fight,0.235215
primary,val/Val_Fight/RTHTRS_720.avi,10,80,95,Fight,0.511010
primary,val/Val_Fight/RTHTRS_720.avi,11,88,103,Fight,0.709759
primary,val/Val_Fight/RTHTRS_720.avi,12,96,111,Fight,0.660922
primary,val/Val_Fight/RTHTRS_720.avi,13,104,119,Fight,0.025379
primary,val/Val_Fight/RTHTRS_720.avi,14,112,127,Fight,0.110346
primary,val/Val_Fight/RTHTRS_720.avi,15,120,135,Fight,0.542095
primary,val/Val_Fight/RTHTRS_720.avi,16,128,143,Fight,0.786844
primary,val/Val_Fight/Ry5c1PbcIa0_0.avi,0,0,15,Fight,0.884576
primary,val/Val_Fight/Ry5c1PbcIa0_0.avi,1,8,23,Fight,0.990556
primary,val/Val_Fight/Ry5c1PbcIa0_0.avi,2,16,31,Fight,0.975001
primary,val/Val_Fight/Ry5c1PbcIa0_0.avi,3,24,39,Fight,0.996809
primary,val/Val_Fight/Ry5c1PbcIa0_0.avi,4,32,47,Fight,0.661781
primary,val/Val_Fight/Ry5c1PbcIa0_0.avi,5,40,55,Fight,0.308186
primary,val/Val_Fight/Ry5c1PbcIa0_0.avi,6,48,63,Fight,0.366578
primary,val/Val_Fight/Ry5c1PbcIa0_0.avi,7,56,71,Fight,0.749441
primary,val/Val_Fight/Ry5c1PbcIa0_0.avi,8,64,79,Fight,0.754688
primary,val/Val_Fight/Ry5c1PbcIa0_0.avi,9,72,87,Fight,0.785720
primary,val/Val_Fight/Ry5c1PbcIa0_0.avi,10,80,95,Fight,0.932371
primary,val/Val_Fight/Ry5c1PbcIa0_0.avi,11,88,103,Fight,0.212677
primary,val/Val_Fight/Ry5c1PbcIa0_0.avi,12,96,111,Fight,0.338356
primary,val/Val_Fight/Ry5c1PbcIa0_0.avi,13,104,119,Fight,0.323271
primary,val/Val_Fight/Ry5c1PbcIa0_0.avi,14,112,127,Fight,0.365471
primary,val/Val_Fight/Ry5c1PbcIa0_0.avi,15,120,135,Fight,0.364219
primary,val/Val_Fight/Ry5c1PbcIa0_0.avi,16,128,143,Fight,0.307917
primary,val/Val_Fight/SDFDSSDF_972.avi,0,0,15,Fight,0.013213
primary,val/Val_Fight/SDFDSSDF_972.avi,1,8,23,Fight,0.012356
primary,val/Val_Fight/SDFDSSDF_972.avi,2,16,31,Fight,0.151918
primary,val/Val_Fight/SDFDSSDF_972.avi,3,24,39,Fight,0.315974
primary,val/Val_Fight/SDFDSSDF_972.avi,4,32,47,Fight,0.047325
primary,val/Val_Fight/SDFDSSDF_972.avi,5,40,55,Fight,0.004958
primary,val/Val_Fight/SDFDSSDF_972.avi,6,48,63,Fight,0.010167
primary,val/Val_Fight/SDFDSSDF_972.avi,7,56,71,Fight,0.021383
primary,val/Val_Fight/SDFDSSDF_972.avi,8,64,79,Fight,0.042246
primary,val/Val_Fight/SDFDSSDF_972.avi,9,72,87,Fight,0.070629
primary,val/Val_Fight/SDFDSSDF_972.avi,10,80,95,Fight,0.041714
primary,val/Val_Fight/SDFDSSDF_972.avi,11,88,103,Fight,0.018284
primary,val/Val_Fight/SDFDSSDF_972.avi,12,96,111,Fight,0.013081
primary,val/Val_Fight/SDFDSSDF_972.avi,13,104,119,Fight,0.010876
primary,val/Val_Fight/SDFDSSDF_972.avi,14,112,127,Fight,0.050287
primary,val/Val_Fight/SDFDSSDF_972.avi,15,120,135,Fight,0.044204
primary,val/Val_Fight/SDFDSSDF_972.avi,16,128,143,Fight,0.019427
primary,val/Val_Fight/SDFDSSDF_973.avi,0,0,15,Fight,0.053080
primary,val/Val_Fight/SDFDSSDF_973.avi,1,8,23,Fight,0.042852
primary,val/Val_Fight/SDFDSSDF_973.avi,2,16,31,Fight,0.037063
primary,val/Val_Fight/SDFDSSDF_973.avi,3,24,39,Fight,0.014175
primary,val/Val_Fight/SDFDSSDF_973.avi,4,32,47,Fight,0.114614
primary,val/Val_Fight/SDFDSSDF_973.avi,5,40,55,Fight,0.038914
primary,val/Val_Fight/SDFDSSDF_973.avi,6,48,63,Fight,0.241444
primary,val/Val_Fight/SDFDSSDF_973.avi,7,56,71,Fight,0.848382
primary,val/Val_Fight/SDFDSSDF_973.avi,8,64,79,Fight,0.461573
primary,val/Val_Fight/SDFDSSDF_973.avi,9,72,87,Fight,0.306446
primary,val/Val_Fight/SDFDSSDF_973.avi,10,80,95,Fight,0.663989
primary,val/Val_Fight/SDFDSSDF_973.avi,11,88,103,Fight,0.989015
primary,val/Val_Fight/SDFDSSDF_973.avi,12,96,111,Fight,0.996528
primary,val/Val_Fight/SDFDSSDF_973.avi,13,104,119,Fight,0.883749
primary,val/Val_Fight/SDFDSSDF_973.avi,14,112,127,Fight,0.506239
primary,val/Val_Fight/SDFDSSDF_973.avi,15,120,135,Fight,0.528397
primary,val/Val_Fight/SDFDSSDF_973.avi,16,128,143,Fight,0.391786
primary,val/Val_Fight/SDFDSSDF_974.avi,0,0,15,Fight,0.864332
primary,val/Val_Fight/SDFDSSDF_974.avi,1,8,23,Fight,0.989971
primary,val/Val_Fight/SDFDSSDF_974.avi,2,16,31,Fight,0.998135
primary,val/Val_Fight/SDFDSSDF_974.avi,3,24,39,Fight,0.820185
primary,val/Val_Fight/SDFDSSDF_974.avi,4,32,47,Fight,0.246643
primary,val/Val_Fight/SDFDSSDF_974.avi,5,40,55,Fight,0.730601
primary,val/Val_Fight/SDFDSSDF_974.avi,6,48,63,Fight,0.948727
primary,val/Val_Fight/SDFDSSDF_974.avi,7,56,71,Fight,0.993923
primary,val/Val_Fight/SDFDSSDF_974.avi,8,64,79,Fight,0.650512
primary,val/Val_Fight/SDFDSSDF_974.avi,9,72,87,Fight,0.994286
primary,val/Val_Fight/SDFDSSDF_974.avi,10,80,95,Fight,0.998049
primary,val/Val_Fight/SDFDSSDF_974.avi,11,88,103,Fight,0.987603
primary,val/Val_Fight/SDFDSSDF_974.avi,12,96,111,Fight,0.895789
primary,val/Val_Fight/SDFDSSDF_974.avi,13,104,119,Fight,0.444454
primary,val/Val_Fight/SDFDSSDF_974.avi,14,112,127,Fight,0.294181
primary,val/Val_Fight/SDFDSSDF_974.avi,15,120,135,Fight,0.204473
primary,val/Val_Fight/SDFDSSDF_974.avi,16,128,143,Fight,0.340969
primary,val/Val_Fight/SDFDSSDF_976.avi,0,0,15,Fight,0.006249
primary,val/Val_Fight/SDFDSSDF_976.avi,1,8,23,Fight,0.014511
primary,val/Val_Fight/SDFDSSDF_976.avi,2,16,31,Fight,0.069850
primary,val/Val_Fight/SDFDSSDF_976.avi,3,24,39,Fight,0.064837
primary,val/Val_Fight/SDFDSSDF_976.avi,4,32,47,Fight,0.073489
primary,val/Val_Fight/SDFDSSDF_976.avi,5,40,55,Fight,0.015482
primary,val/Val_Fight/SDFDSSDF_976.avi,6,48,63,Fight,0.012491
primary,val/Val_Fight/SDFDSSDF_976.avi,7,56,71,Fight,0.093970
primary,val/Val_Fight/SDFDSSDF_976.avi,8,64,79,Fight,0.234526
primary,val/Val_Fight/SDFDSSDF_976.avi,9,72,87,Fight,0.127633
primary,val/Val_Fight/SDFDSSDF_976.avi,10,80,95,Fight,0.031520
primary,val/Val_Fight/SDFDSSDF_976.avi,11,88,103,Fight,0.047682
primary,val/Val_Fight/SDFDSSDF_976.avi,12,96,111,Fight,0.142315
primary,val/Val_Fight/SDFDSSDF_976.avi,13,104,119,Fight,0.060126
primary,val/Val_Fight/SDFDSSDF_976.avi,14,112,127,Fight,0.038962
primary,val/Val_Fight/SDFDSSDF_976.avi,15,120,135,Fight,0.017064
primary,val/Val_Fight/SDFDSSDF_976.avi,16,128,143,Fight,0.122495
primary,val/Val_Fight/SDFDSSDF_977.avi,0,0,15,Fight,0.923665
primary,val/Val_Fight/SDFDSSDF_977.avi,1,8,23,Fight,0.661724
primary,val/Val_Fight/SDFDSSDF_977.avi,2,16,31,Fight,0.462229
primary,val/Val_Fight/SDFDSSDF_977.avi,3,24,39,Fight,0.430135
primary,val/Val_Fight/SDFDSSDF_977.avi,4,32,47,Fight,0.985301
primary,val/Val_Fight/SDFDSSDF_977.avi,5,40,55,Fight,0.978881
primary,val/Val_Fight/SDFDSSDF_977.avi,6,48,63,Fight,0.835392
primary,val/Val_Fight/SDFDSSDF_977.avi,7,56,71,Fight,0.322482
primary,val/Val_Fight/SDFDSSDF_977.avi,8,64,79,Fight,0.404057
primary,val/Val_Fight/SDFDSSDF_977.avi,9,72,87,Fight,0.424674
primary,val/Val_Fight/SDFDSSDF_977.avi,10,80,95,Fight,0.675016
primary,val/Val_Fight/SDFDSSDF_977.avi,11,88,103,Fight,0.923150
primary,val/Val_Fight/SDFDSSDF_977.avi,12,96,111,Fight,0.988841
primary,val/Val_Fight/SDFDSSDF_977.avi,13,104,119,Fight,0.999610
primary,val/Val_Fight/SDFDSSDF_977.avi,14,112,127,Fight,0.846985
primary,val/Val_Fight/SDFDSSDF_977.avi,15,120,135,Fight,0.322151
primary,val/Val_Fight/SDFDSSDF_977.avi,16,128,143,Fight,0.886257
primary,val/Val_Fight/SDFDSSDF_978.avi,0,0,15,Fight,0.678689
primary,val/Val_Fight/SDFDSSDF_978.avi,1,8,23,Fight,0.993968
primary,val/Val_Fight/SDFDSSDF_978.avi,2,16,31,Fight,0.999883
primary,val/Val_Fight/SDFDSSDF_978.avi,3,24,39,Fight,0.999927
primary,val/Val_Fight/SDFDSSDF_978.avi,4,32,47,Fight,0.908774
primary,val/Val_Fight/SDFDSSDF_978.avi,5,40,55,Fight,0.412292
primary,val/Val_Fight/SDFDSSDF_978.avi,6,48,63,Fight,0.457679
primary,val/Val_Fight/SDFDSSDF_978.avi,7,56,71,Fight,0.265527
primary,val/Val_Fight/SDFDSSDF_978.avi,8,64,79,Fight,0.328889
primary,val/Val_Fight/SDFDSSDF_978.avi,9,72,87,Fight,0.191145
primary,val/Val_Fight/SDFDSSDF_978.avi,10,80,95,Fight,0.587468
primary,val/Val_Fight/SDFDSSDF_978.avi,11,88,103,Fight,0.729934
primary,val/Val_Fight/SDFDSSDF_978.avi,12,96,111,Fight,0.028658
primary,val/Val_Fight/SDFDSSDF_978.avi,13,104,119,Fight,0.012719
primary,val/Val_Fight/SDFDSSDF_978.avi,14,112,127,Fight,0.601795
primary,val/Val_Fight/SDFDSSDF_978.avi,15,120,135,Fight,0.639466
primary,val/Val_Fight/SDFDSSDF_978.avi,16,128,143,Fight,0.955232
primary,val/Val_Fight/SJRnWfHAx_E_0.avi,0,0,15,Fight,0.233922
primary,val/Val_Fight/SJRnWfHAx_E_0.avi,1,8,23,Fight,0.537732
primary,val/Val_Fight/SJRnWfHAx_E_0.avi,2,16,31,Fight,0.863284
primary,val/Val_Fight/SJRnWfHAx_E_0.avi,3,24,39,Fight,0.760107
primary,val/Val_Fight/SJRnWfHAx_E_0.avi,4,32,47,Fight,0.545836
primary,val/Val_Fight/SJRnWfHAx_E_0.avi,5,40,55,Fight,0.631121
primary,val/Val_Fight/SJRnWfHAx_E_0.avi,6,48,63,Fight,0.369260
primary,val/Val_Fight/SJRnWfHAx_E_0.avi,7,56,71,Fight,0.430323
primary,val/Val_Fight/SJRnWfHAx_E_0.avi,8,64,79,Fight,0.632728
primary,val/Val_Fight/SJRnWfHAx_E_0.avi,9,72,87,Fight,0.890204
primary,val/Val_Fight/SJRnWfHAx_E_0.avi,10,80,95,Fight,0.307232
primary,val/Val_Fight/SJRnWfHAx_E_0.avi,11,88,103,Fight,0.339774
primary,val/Val_Fight/SJRnWfHAx_E_0.avi,12,96,111,Fight,0.418740
primary,val/Val_Fight/SJRnWfHAx_E_0.avi,13,104,119,Fight,0.763223
primary,val/Val_Fight/SJRnWfHAx_E_0.avi,14,112,127,Fight,0.897453
primary,val/Val_Fight/SJRnWfHAx_E_0.avi,15,120,135,Fight,0.691500
primary,val/Val_Fight/SJRnWfHAx_E_0.avi,16,128,143,Fight,0.549714
primary,val/Val_Fight/SJRnWfHAx_E_1.avi,0,0,15,Fight,0.590046
primary,val/Val_Fight/SJRnWfHAx_E_1.avi,1,8,23,Fight,0.898330
primary,val/Val_Fight/SJRnWfHAx_E_1.avi,2,16,31,Fight,0.928961
primary,val/Val_Fight/SJRnWfHAx_E_1.avi,3,24,39,Fight,0.728097
primary,val/Val_Fight/SJRnWfHAx_E_1.avi,4,32,47,Fight,0.130920
primary,val/Val_Fight/SJRnWfHAx_E_1.avi,5,40,55,Fight,0.219337
primary,val/Val_Fight/SJRnWfHAx_E_1.avi,6,48,63,Fight,0.209496
primary,val/Val_Fight/SJRnWfHAx_E_1.avi,7,56,71,Fight,0.072566
primary,val/Val_Fight/SJRnWfHAx_E_1.avi,8,64,79,Fight,0.066252
primary,val/Val_Fight/SJRnWfHAx_E_1.avi,9,72,87,Fight,0.128224
primary,val/Val_Fight/SJRnWfHAx_E_1.avi,10,80,95,Fight,0.153673
primary,val/Val_Fight/SJRnWfHAx_E_1.avi,11,88,103,Fight,0.187235
primary,val/Val_Fight/SJRnWfHAx_E_1.avi,12,96,111,Fight,0.149753
primary,val/Val_Fight/SJRnWfHAx_E_1.avi,13,104,119,Fight,0.261530
primary,val/Val_Fight/SJRnWfHAx_E_1.avi,14,112,127,Fight,0.153970
primary,val/Val_Fight/SJRnWfHAx_E_1.avi,15,120,135,Fight,0.093796
primary,val/Val_Fight/SJRnWfHAx_E_1.avi,16,128,143,Fight,0.028067
primary,val/Val_Fight/SJRnWfHAx_E_2.avi,0,0,15,Fight,0.055674
primary,val/Val_Fight/SJRnWfHAx_E_2.avi,1,8,23,Fight,0.012313
primary,val/Val_Fight/SJRnWfHAx_E_2.avi,2,16,31,Fight,0.060870
primary,val/Val_Fight/SJRnWfHAx_E_2.avi,3,24,39,Fight,0.042259
primary,val/Val_Fight/SJRnWfHAx_E_2.avi,4,32,47,Fight,0.294238
primary,val/Val_Fight/SJRnWfHAx_E_2.avi,5,40,55,Fight,0.624891
primary,val/Val_Fight/SJRnWfHAx_E_2.avi,6,48,63,Fight,0.626542
primary,val/Val_Fight/SJRnWfHAx_E_2.avi,7,56,71,Fight,0.611047
primary,val/Val_Fight/SJRnWfHAx_E_2.avi,8,64,79,Fight,0.672053
primary,val/Val_Fight/SJRnWfHAx_E_2.avi,9,72,87,Fight,0.482559
primary,val/Val_Fight/SJRnWfHAx_E_2.avi,10,80,95,Fight,0.402127
primary,val/Val_Fight/SJRnWfHAx_E_2.avi,11,88,103,Fight,0.668653
primary,val/Val_Fight/SJRnWfHAx_E_2.avi,12,96,111,Fight,0.664485
primary,val/Val_Fight/SJRnWfHAx_E_2.avi,13,104,119,Fight,0.642680
primary,val/Val_Fight/SJRnWfHAx_E_2.avi,14,112,127,Fight,0.427884
primary,val/Val_Fight/SJRnWfHAx_E_2.avi,15,120,135,Fight,0.457892
primary,val/Val_Fight/SJRnWfHAx_E_2.avi,16,128,143,Fight,0.683785
primary,val/Val_Fight/SJRnWfHAx_E_4.avi,0,0,15,Fight,0.167856
primary,val/Val_Fight/SJRnWfHAx_E_4.avi,1,8,23,Fight,0.280632
primary,val/Val_Fight/SJRnWfHAx_E_4.avi,2,16,31,Fight,0.334849
primary,val/Val_Fight/SJRnWfHAx_E_4.avi,3,24,39,Fight,0.695736
primary,val/Val_Fight/SJRnWfHAx_E_4.avi,4,32,47,Fight,0.631998
primary,val/Val_Fight/SJRnWfHAx_E_4.avi,5,40,55,Fight,0.779914
primary,val/Val_Fight/SJRnWfHAx_E_4.avi,6,48,63,Fight,0.759659
primary,val/Val_Fight/SJRnWfHAx_E_4.avi,7,56,71,Fight,0.596759
primary,val/Val_Fight/SJRnWfHAx_E_4.avi,8,64,79,Fight,0.466995
primary,val/Val_Fight/SJRnWfHAx_E_4.avi,9,72,87,Fight,0.365125
primary,val/Val_Fight/SJRnWfHAx_E_4.avi,10,80,95,Fight,0.376703
primary,val/Val_Fight/SJRnWfHAx_E_4.avi,11,88,103,Fight,0.325997
primary,val/Val_Fight/SJRnWfHAx_E_4.avi,12,96,111,Fight,0.336177
primary,val/Val_Fight/SJRnWfHAx_E_4.avi,13,104,119,Fight,0.369430
primary,val/Val_Fight/SJRnWfHAx_E_4.avi,14,112,127,Fight,0.387710
primary,val/Val_Fight/SJRnWfHAx_E_4.avi,15,120,135,Fight,0.441617
primary,val/Val_Fight/SJRnWfHAx_E_4.avi,16,128,143,Fight,0.462528
primary,val/Val_Fight/TYRFDVD_1104.avi,0,0,15,Fight,0.021822
primary,val/Val_Fight/TYRFDVD_1104.avi,1,8,23,Fight,0.025945
primary,val/Val_Fight/TYRFDVD_1104.avi,2,16,31,Fight,0.029000
primary,val/Val_Fight/TYRFDVD_1104.avi,3,24,39,Fight,0.013806
primary,val/Val_Fight/TYRFDVD_1104.avi,4,32,47,Fight,0.019488
primary,val/Val_Fight/TYRFDVD_1104.avi,5,40,55,Fight,0.008570
primary,val/Val_Fight/TYRFDVD_1104.avi,6,48,63,Fight,0.014734
primary,val/Val_Fight/TYRFDVD_1104.avi,7,56,71,Fight,0.025747
primary,val/Val_Fight/TYRFDVD_1104.avi,8,64,79,Fight,0.019000
primary,val/Val_Fight/TYRFDVD_1104.avi,9,72,87,Fight,0.018836
primary,val/Val_Fight/TYRFDVD_1104.avi,10,80,95,Fight,0.014579
primary,val/Val_Fight/TYRFDVD_1104.avi,11,88,103,Fight,0.019523
primary,val/Val_Fight/TYRFDVD_1104.avi,12,96,111,Fight,0.021568
primary,val/Val_Fight/TYRFDVD_1104.avi,13,104,119,Fight,0.020209
primary,val/Val_Fight/TYRFDVD_1104.avi,14,112,127,Fight,0.010925
primary,val/Val_Fight/TYRFDVD_1104.avi,15,120,135,Fight,0.009606
primary,val/Val_Fight/TYRFDVD_1104.avi,16,128,143,Fight,0.172514
primary,val/Val_Fight/TYRFDVD_1105.avi,0,0,15,Fight,0.977851
primary,val/Val_Fight/TYRFDVD_1105.avi,1,8,23,Fight,0.974743
primary,val/Val_Fight/TYRFDVD_1105.avi,2,16,31,Fight,0.991050
primary,val/Val_Fight/TYRFDVD_1105.avi,3,24,39,Fight,0.923422
primary,val/Val_Fight/TYRFDVD_1105.avi,4,32,47,Fight,0.990566
primary,val/Val_Fight/TYRFDVD_1105.avi,5,40,55,Fight,0.988068
primary,val/Val_Fight/TYRFDVD_1105.avi,6,48,63,Fight,0.920664
primary,val/Val_Fight/TYRFDVD_1105.avi,7,56,71,Fight,0.798100
primary,val/Val_Fight/TYRFDVD_1105.avi,8,64,79,Fight,0.705343
primary,val/Val_Fight/TYRFDVD_1105.avi,9,72,87,Fight,0.253383
primary,val/Val_Fight/TYRFDVD_1105.avi,10,80,95,Fight,0.021002
primary,val/Val_Fight/TYRFDVD_1105.avi,11,88,103,Fight,0.288366
primary,val/Val_Fight/TYRFDVD_1105.avi,12,96,111,Fight,0.744296
primary,val/Val_Fight/TYRFDVD_1105.avi,13,104,119,Fight,0.992437
primary,val/Val_Fight/TYRFDVD_1105.avi,14,112,127,Fight,0.999856
primary,val/Val_Fight/TYRFDVD_1105.avi,15,120,135,Fight,0.997681
primary,val/Val_Fight/TYRFDVD_1105.avi,16,128,143,Fight,0.881986
primary,val/Val_Fight/TYRFDVD_1106.avi,0,0,15,Fight,0.999992
primary,val/Val_Fight/TYRFDVD_1106.avi,1,8,23,Fight,0.994460
primary,val/Val_Fight/TYRFDVD_1106.avi,2,16,31,Fight,0.953771
primary,val/Val_Fight/TYRFDVD_1106.avi,3,24,39,Fight,0.490423
primary,val/Val_Fight/TYRFDVD_1106.avi,4,32,47,Fight,0.029217
primary,val/Val_Fight/TYRFDVD_1106.avi,5,40,55,Fight,0.026563
primary,val/Val_Fight/TYRFDVD_1106.avi,6,48,63,Fight,0.025031
primary,val/Val_Fight/TYRFDVD_1106.avi,7,56,71,Fight,0.022672
primary,val/Val_Fight/TYRFDVD_1106.avi,8,64,79,Fight,0.025443
primary,val/Val_Fight/TYRFDVD_1106.avi,9,72,87,Fight,0.028528
primary,val/Val_Fight/TYRFDVD_1106.avi,10,80,95,Fight,0.027576
primary,val/Val_Fight/TYRFDVD_1106.avi,11,88,103,Fight,0.031926
primary,val/Val_Fight/TYRFDVD_1106.avi,12,96,111,Fight,0.030744
primary,val/Val_Fight/TYRFDVD_1106.avi,13,104,119,Fight,0.028396
primary,val/Val_Fight/TYRFDVD_1106.avi,14,112,127,Fight,0.034149
primary,val/Val_Fight/TYRFDVD_1106.avi,15,120,135,Fight,0.034169
primary,val/Val_Fight/TYRFDVD_1106.avi,16,128,143,Fight,0.013391
primary,val/Val_Fight/TYRFDVD_1109.avi,0,0,15,Fight,0.998335
primary,val/Val_Fight/TYRFDVD_1109.avi,1,8,23,Fight,0.970526
primary,val/Val_Fight/TYRFDVD_1109.avi,2,16,31,Fight,0.982329
primary,val/Val_Fight/TYRFDVD_1109.avi,3,24,39,Fight,0.935366
primary,val/Val_Fight/TYRFDVD_1109.avi,4,32,47,Fight,0.280401
primary,val/Val_Fight/TYRFDVD_1109.avi,5,40,55,Fight,0.009864
primary,val/Val_Fight/TYRFDVD_1109.avi,6,48,63,Fight,0.025599
primary,val/Val_Fight/TYRFDVD_1109.avi,7,56,71,Fight,0.139895
primary,val/Val_Fight/TYRFDVD_1109.avi,8,64,79,Fight,0.054730
primary,val/Val_Fight/TYRFDVD_1109.avi,9,72,87,Fight,0.061258
primary,val/Val_Fight/TYRFDVD_1109.avi,10,80,95,Fight,0.186229
primary,val/Val_Fight/TYRFDVD_1109.avi,11,88,103,Fight,0.127231
primary,val/Val_Fight/TYRFDVD_1109.avi,12,96,111,Fight,0.375578
primary,val/Val_Fight/TYRFDVD_1109.avi,13,104,119,Fight,0.438870
primary,val/Val_Fight/TYRFDVD_1109.avi,14,112,127,Fight,0.632511
primary,val/Val_Fight/TYRFDVD_1109.avi,15,120,135,Fight,0.456701
primary,val/Val_Fight/TYRFDVD_1109.avi,16,128,143,Fight,0.973810
primary,val/Val_Fight/TYRFDVD_1110.avi,0,0,15,Fight,0.548349
primary,val/Val_Fight/TYRFDVD_1110.avi,1,8,23,Fight,0.247354
primary,val/Val_Fight/TYRFDVD_1110.avi,2,16,31,Fight,0.182021
primary,val/Val_Fight/TYRFDVD_1110.avi,3,24,39,Fight,0.445586
primary,val/Val_Fight/TYRFDVD_1110.avi,4,32,47,Fight,0.922160
primary,val/Val_Fight/TYRFDVD_1110.avi,5,40,55,Fight,0.909274
primary,val/Val_Fight/TYRFDVD_1110.avi,6,48,63,Fight,0.339505
primary,val/Val_Fight/TYRFDVD_1110.avi,7,56,71,Fight,0.488974
primary,val/Val_Fight/TYRFDVD_1110.avi,8,64,79,Fight,0.134382
primary,val/Val_Fight/TYRFDVD_1110.avi,9,72,87,Fight,0.041465
primary,val/Val_Fight/TYRFDVD_1110.avi,10,80,95,Fight,0.093634
primary,val/Val_Fight/TYRFDVD_1110.avi,11,88,103,Fight,0.102276
primary,val/Val_Fight/TYRFDVD_1110.avi,12,96,111,Fight,0.737389
primary,val/Val_Fight/TYRFDVD_1110.avi,13,104,119,Fight,0.893044
primary,val/Val_Fight/TYRFDVD_1110.avi,14,112,127,Fight,0.885531
primary,val/Val_Fight/TYRFDVD_1110.avi,15,120,135,Fight,0.081655
primary,val/Val_Fight/TYRFDVD_1110.avi,16,128,143,Fight,0.023388
primary,val/Val_Fight/TYRFDVD_1112.avi,0,0,15,Fight,0.018605
primary,val/Val_Fight/TYRFDVD_1112.avi,1,8,23,Fight,0.020434
primary,val/Val_Fight/TYRFDVD_1112.avi,2,16,31,Fight,0.019816
primary,val/Val_Fight/TYRFDVD_1112.avi,3,24,39,Fight,0.021946
primary,val/Val_Fight/TYRFDVD_1112.avi,4,32,47,Fight,0.024521
primary,val/Val_Fight/TYRFDVD_1112.avi,5,40,55,Fight,0.020998
primary,val/Val_Fight/TYRFDVD_1112.avi,6,48,63,Fight,0.025914
primary,val/Val_Fight/TYRFDVD_1112.avi,7,56,71,Fight,0.024713
primary,val/Val_Fight/TYRFDVD_1112.avi,8,64,79,Fight,0.032491
primary,val/Val_Fight/TYRFDVD_1112.avi,9,72,87,Fight,0.032453
primary,val/Val_Fight/TYRFDVD_1112.avi,10,80,95,Fight,0.026656
primary,val/Val_Fight/TYRFDVD_1112.avi,11,88,103,Fight,0.034421
primary,val/Val_Fight/TYRFDVD_1112.avi,12,96,111,Fight,0.028234
primary,val/Val_Fight/TYRFDVD_1112.avi,13,104,119,Fight,0.014424
primary,val/Val_Fight/TYRFDVD_1112.avi,14,112,127,Fight,0.018918
primary,val/Val_Fight/TYRFDVD_1112.avi,15,120,135,Fight,0.066781
primary,val/Val_Fight/TYRFDVD_1112.avi,16,128,143,Fight,0.189796
primary,val/Val_Fight/TYRFDVD_1113.avi,0,0,15,Fight,0.092167
primary,val/Val_Fight/TYRFDVD_1113.avi,1,8,23,Fight,0.057032
primary,val/Val_Fight/TYRFDVD_1113.avi,2,16,31,Fight,0.571431
primary,val/Val_Fight/TYRFDVD_1113.avi,3,24,39,Fight,0.761479
primary,val/Val_Fight/TYRFDVD_1113.avi,4,32,47,Fight,0.306256
primary,val/Val_Fight/TYRFDVD_1113.avi,5,40,55,Fight,0.140433
primary,val/Val_Fight/TYRFDVD_1113.avi,6,48,63,Fight,0.306623
primary,val/Val_Fight/TYRFDVD_1113.avi,7,56,71,Fight,0.333128
primary,val/Val_Fight/TYRFDVD_1113.avi,8,64,79,Fight,0.954600
primary,val/Val_Fight/TYRFDVD_1113.avi,9,72,87,Fight,0.998874
primary,val/Val_Fight/TYRFDVD_1113.avi,10,80,95,Fight,0.995037
primary,val/Val_Fight/TYRFDVD_1113.avi,11,88,103,Fight,0.778405
primary,val/Val_Fight/TYRFDVD_1113.avi,12,96,111,Fight,0.976385
primary,val/Val_Fight/TYRFDVD_1113.avi,13,104,119,Fight,0.590679
primary,val/Val_Fight/TYRFDVD_1113.avi,14,112,127,Fight,0.854479
primary,val/Val_Fight/TYRFDVD_1113.avi,15,120,135,Fight,0.642689
primary,val/Val_Fight/TYRFDVD_1113.avi,16,128,143,Fight,0.047982
primary,val/Val_Fight/Wq0BuA8GM84_0.avi,0,0,15,Fight,0.740297
primary,val/Val_Fight/Wq0BuA8GM84_0.avi,1,8,23,Fight,0.949609
primary,val/Val_Fight/Wq0BuA8GM84_0.avi,2,16,31,Fight,0.978767
primary,val/Val_Fight/Wq0BuA8GM84_0.avi,3,24,39,Fight,0.928793
primary,val/Val_Fight/Wq0BuA8GM84_0.avi,4,32,47,Fight,0.882959
primary,val/Val_Fight/Wq0BuA8GM84_0.avi,5,40,55,Fight,0.945374
primary,val/Val_Fight/Wq0BuA8GM84_0.avi,6,48,63,Fight,0.997510
primary,val/Val_Fight/Wq0BuA8GM84_0.avi,7,56,71,Fight,0.999562
primary,val/Val_Fight/Wq0BuA8GM84_0.avi,8,64,79,Fight,0.999529
primary,val/Val_Fight/Wq0BuA8GM84_0.avi,9,72,87,Fight,0.998712
primary,val/Val_Fight/Wq0BuA8GM84_0.avi,10,80,95,Fight,0.998491
primary,val/Val_Fight/Wq0BuA8GM84_0.avi,11,88,103,Fight,0.985845
primary,val/Val_Fight/Wq0BuA8GM84_0.avi,12,96,111,Fight,0.918861
primary,val/Val_Fight/Wq0BuA8GM84_0.avi,13,104,119,Fight,0.468825
primary,val/Val_Fight/Wq0BuA8GM84_0.avi,14,112,127,Fight,0.530439
primary,val/Val_Fight/Wq0BuA8GM84_0.avi,15,120,135,Fight,0.728988
primary,val/Val_Fight/Wq0BuA8GM84_0.avi,16,128,143,Fight,0.929710
primary,val/Val_Fight/XM0NI7ZmwWM_0.avi,0,0,15,Fight,0.002362
primary,val/Val_Fight/XM0NI7ZmwWM_0.avi,1,8,23,Fight,0.011322
primary,val/Val_Fight/XM0NI7ZmwWM_0.avi,2,16,31,Fight,0.010250
primary,val/Val_Fight/XM0NI7ZmwWM_0.avi,3,24,39,Fight,0.007987
primary,val/Val_Fight/XM0NI7ZmwWM_0.avi,4,32,47,Fight,0.005424
primary,val/Val_Fight/XM0NI7ZmwWM_0.avi,5,40,55,Fight,0.011792
primary,val/Val_Fight/XM0NI7ZmwWM_0.avi,6,48,63,Fight,0.014320
primary,val/Val_Fight/XM0NI7ZmwWM_0.avi,7,56,71,Fight,0.032593
primary,val/Val_Fight/XM0NI7ZmwWM_0.avi,8,64,79,Fight,0.032060
primary,val/Val_Fight/XM0NI7ZmwWM_0.avi,9,72,87,Fight,0.008248
primary,val/Val_Fight/XM0NI7ZmwWM_0.avi,10,80,95,Fight,0.010204
primary,val/Val_Fight/XM0NI7ZmwWM_0.avi,11,88,103,Fight,0.006302
primary,val/Val_Fight/XM0NI7ZmwWM_0.avi,12,96,111,Fight,0.002301
primary,val/Val_Fight/XM0NI7ZmwWM_0.avi,13,104,119,Fight,0.008120
primary,val/Val_Fight/XM0NI7ZmwWM_0.avi,14,112,127,Fight,0.005645
primary,val/Val_Fight/XM0NI7ZmwWM_0.avi,15,120,135,Fight,0.001118
primary,val/Val_Fight/XM0NI7ZmwWM_0.avi,16,128,143,Fight,0.000280
primary,val/Val_Fight/XM0NI7ZmwWM_1.avi,0,0,15,Fight,0.001842
primary,val/Val_Fight/XM0NI7ZmwWM_1.avi,1,8,23,Fight,0.002958
primary,val/Val_Fight/XM0NI7ZmwWM_1.avi,2,16,31,Fight,0.001357
primary,val/Val_Fight/XM0NI7ZmwWM_1.avi,3,24,39,Fight,0.006128
primary,val/Val_Fight/XM0NI7ZmwWM_1.avi,4,32,47,Fight,0.005964
primary,val/Val_Fight/XM0NI7ZmwWM_1.avi,5,40,55,Fight,0.051499
primary,val/Val_Fight/XM0NI7ZmwWM_1.avi,6,48,63,Fight,0.127649
primary,val/Val_Fight/XM0NI7ZmwWM_1.avi,7,56,71,Fight,0.125539
primary,val/Val_Fight/XM0NI7ZmwWM_1.avi,8,64,79,Fight,0.017150
primary,val/Val_Fight/XM0NI7ZmwWM_1.avi,9,72,87,Fight,0.006750
primary,val/Val_Fight/XM0NI7ZmwWM_1.avi,10,80,95,Fight,0.001527
primary,val/Val_Fight/XM0NI7ZmwWM_1.avi,11,88,103,Fight,0.000717
primary,val/Val_Fight/XM0NI7ZmwWM_1.avi,12,96,111,Fight,0.000777
primary,val/Val_Fight/XM0NI7ZmwWM_1.avi,13,104,119,Fight,0.000684
primary,val/Val_Fight/XM0NI7ZmwWM_1.avi,14,112,127,Fight,0.000600
primary,val/Val_Fight/XM0NI7ZmwWM_1.avi,15,120,135,Fight,0.001917
primary,val/Val_Fight/XM0NI7ZmwWM_1.avi,16,128,143,Fight,0.002033
primary,val/Val_Fight/XM0NI7ZmwWM_2.avi,0,0,15,Fight,0.004072
primary,val/Val_Fight/XM0NI7ZmwWM_2.avi,1,8,23,Fight,0.003918
primary,val/Val_Fight/XM0NI7ZmwWM_2.avi,2,16,31,Fight,0.003900
primary,val/Val_Fight/XM0NI7ZmwWM_2.avi,3,24,39,Fight,0.001588
primary,val/Val_Fight/XM0NI7ZmwWM_2.avi,4,32,47,Fight,0.002031
primary,val/Val_Fight/XM0NI7ZmwWM_2.avi,5,40,55,Fight,0.004453
primary,val/Val_Fight/XM0NI7ZmwWM_2.avi,6,48,63,Fight,0.002525
primary,val/Val_Fight/XM0NI7ZmwWM_2.avi,7,56,71,Fight,0.001873
primary,val/Val_Fight/XM0NI7ZmwWM_2.avi,8,64,79,Fight,0.005120
primary,val/Val_Fight/XM0NI7ZmwWM_2.avi,9,72,87,Fight,0.002410
primary,val/Val_Fight/XM0NI7ZmwWM_2.avi,10,80,95,Fight,0.003681
primary,val/Val_Fight/XM0NI7ZmwWM_2.avi,11,88,103,Fight,0.001799
primary,val/Val_Fight/XM0NI7ZmwWM_2.avi,12,96,111,Fight,0.003775
primary,val/Val_Fight/XM0NI7ZmwWM_2.avi,13,104,119,Fight,0.004961
primary,val/Val_Fight/XM0NI7ZmwWM_2.avi,14,112,127,Fight,0.003352
primary,val/Val_Fight/XM0NI7ZmwWM_2.avi,15,120,135,Fight,0.004995
primary,val/Val_Fight/XM0NI7ZmwWM_2.avi,16,128,143,Fight,0.006179
primary,val/Val_Fight/XM0NI7ZmwWM_3.avi,0,0,15,Fight,0.002781
primary,val/Val_Fight/XM0NI7ZmwWM_3.avi,1,8,23,Fight,0.001686
primary,val/Val_Fight/XM0NI7ZmwWM_3.avi,2,16,31,Fight,0.001480
primary,val/Val_Fight/XM0NI7ZmwWM_3.avi,3,24,39,Fight,0.001474
primary,val/Val_Fight/XM0NI7ZmwWM_3.avi,4,32,47,Fight,0.001027
primary,val/Val_Fight/XM0NI7ZmwWM_3.avi,5,40,55,Fight,0.001619
primary,val/Val_Fight/XM0NI7ZmwWM_3.avi,6,48,63,Fight,0.001929
primary,val/Val_Fight/XM0NI7ZmwWM_3.avi,7,56,71,Fight,0.002032
primary,val/Val_Fight/XM0NI7ZmwWM_3.avi,8,64,79,Fight,0.002656
primary,val/Val_Fight/XM0NI7ZmwWM_3.avi,9,72,87,Fight,0.004586
primary,val/Val_Fight/XM0NI7ZmwWM_3.avi,10,80,95,Fight,0.003041
primary,val/Val_Fight/XM0NI7ZmwWM_3.avi,11,88,103,Fight,0.002694
primary,val/Val_Fight/XM0NI7ZmwWM_3.avi,12,96,111,Fight,0.001141
primary,val/Val_Fight/XM0NI7ZmwWM_3.avi,13,104,119,Fight,0.000787
primary,val/Val_Fight/XM0NI7ZmwWM_3.avi,14,112,127,Fight,0.002933
primary,val/Val_Fight/XM0NI7ZmwWM_3.avi,15,120,135,Fight,0.007607
primary,val/Val_Fight/XM0NI7ZmwWM_3.avi,16,128,143,Fight,0.004874
primary,val/Val_Fight/Xcd0v-KhKL4_0.avi,0,0,15,Fight,0.997961
primary,val/Val_Fight/Xcd0v-KhKL4_0.avi,1,8,23,Fight,0.982202
primary,val/Val_Fight/Xcd0v-KhKL4_0.avi,2,16,31,Fight,0.911060
primary,val/Val_Fight/Xcd0v-KhKL4_0.avi,3,24,39,Fight,0.999954
primary,val/Val_Fight/Xcd0v-KhKL4_0.avi,4,32,47,Fight,0.999925
primary,val/Val_Fight/Xcd0v-KhKL4_0.avi,5,40,55,Fight,0.999767
primary,val/Val_Fight/Xcd0v-KhKL4_0.avi,6,48,63,Fight,0.999995
primary,val/Val_Fight/Xcd0v-KhKL4_0.avi,7,56,71,Fight,0.999712
primary,val/Val_Fight/Xcd0v-KhKL4_0.avi,8,64,79,Fight,0.464323
primary,val/Val_Fight/Xcd0v-KhKL4_0.avi,9,72,87,Fight,0.229482
primary,val/Val_Fight/Xcd0v-KhKL4_0.avi,10,80,95,Fight,0.215878
primary,val/Val_Fight/Xcd0v-KhKL4_0.avi,11,88,103,Fight,0.102052
primary,val/Val_Fight/Xcd0v-KhKL4_0.avi,12,96,111,Fight,0.044743
primary,val/Val_Fight/Xcd0v-KhKL4_0.avi,13,104,119,Fight,0.049841
primary,val/Val_Fight/Xcd0v-KhKL4_0.avi,14,112,127,Fight,0.054498
primary,val/Val_Fight/Xcd0v-KhKL4_0.avi,15,120,135,Fight,0.746255
primary,val/Val_Fight/Xcd0v-KhKL4_0.avi,16,128,143,Fight,0.830764
primary,val/Val_Fight/YDOJvzChqSg_0.avi,0,0,15,Fight,0.021157
primary,val/Val_Fight/YDOJvzChqSg_0.avi,1,8,23,Fight,0.013828
primary,val/Val_Fight/YDOJvzChqSg_0.avi,2,16,31,Fight,0.004234
primary,val/Val_Fight/YDOJvzChqSg_0.avi,3,24,39,Fight,0.014661
primary,val/Val_Fight/YDOJvzChqSg_0.avi,4,32,47,Fight,0.030902
primary,val/Val_Fight/YDOJvzChqSg_0.avi,5,40,55,Fight,0.019430
primary,val/Val_Fight/YDOJvzChqSg_0.avi,6,48,63,Fight,0.012366
primary,val/Val_Fight/YDOJvzChqSg_0.avi,7,56,71,Fight,0.033126
primary,val/Val_Fight/YDOJvzChqSg_0.avi,8,64,79,Fight,0.024162
primary,val/Val_Fight/YDOJvzChqSg_0.avi,9,72,87,Fight,0.100908
primary,val/Val_Fight/YDOJvzChqSg_0.avi,10,80,95,Fight,0.095196
primary,val/Val_Fight/YDOJvzChqSg_0.avi,11,88,103,Fight,0.165164
primary,val/Val_Fight/YDOJvzChqSg_0.avi,12,96,111,Fight,0.065019
primary,val/Val_Fight/YDOJvzChqSg_0.avi,13,104,119,Fight,0.035582
primary,val/Val_Fight/YDOJvzChqSg_0.avi,14,112,127,Fight,0.026916
primary,val/Val_Fight/YDOJvzChqSg_0.avi,15,120,135,Fight,0.026238
primary,val/Val_Fight/YDOJvzChqSg_0.avi,16,128,143,Fight,0.015693
primary,val/Val_Fight/YDOJvzChqSg_1.avi,0,0,15,Fight,0.113045
primary,val/Val_Fight/YDOJvzChqSg_1.avi,1,8,23,Fight,0.230504
primary,val/Val_Fight/YDOJvzChqSg_1.avi,2,16,31,Fight,0.066222
primary,val/Val_Fight/YDOJvzChqSg_1.avi,3,24,39,Fight,0.013159
primary,val/Val_Fight/YDOJvzChqSg_1.avi,4,32,47,Fight,0.048209
primary,val/Val_Fight/YDOJvzChqSg_1.avi,5,40,55,Fight,0.009878
primary,val/Val_Fight/YDOJvzChqSg_1.avi,6,48,63,Fight,0.027137
primary,val/Val_Fight/YDOJvzChqSg_1.avi,7,56,71,Fight,0.021986
primary,val/Val_Fight/YDOJvzChqSg_1.avi,8,64,79,Fight,0.018643
primary,val/Val_Fight/YDOJvzChqSg_1.avi,9,72,87,Fight,0.068056
primary,val/Val_Fight/YDOJvzChqSg_1.avi,10,80,95,Fight,0.078971
primary,val/Val_Fight/YDOJvzChqSg_1.avi,11,88,103,Fight,0.148075
primary,val/Val_Fight/YDOJvzChqSg_1.avi,12,96,111,Fight,0.033778
primary,val/Val_Fight/YDOJvzChqSg_1.avi,13,104,119,Fight,0.008484
primary,val/Val_Fight/YDOJvzChqSg_1.avi,14,112,127,Fight,0.072188
primary,val/Val_Fight/YDOJvzChqSg_1.avi,15,120,135,Fight,0.060100
primary,val/Val_Fight/YDOJvzChqSg_1.avi,16,128,143,Fight,0.024627
primary,val/Val_Fight/YDOJvzChqSg_2.avi,0,0,15,Fight,0.059139
primary,val/Val_Fight/YDOJvzChqSg_2.avi,1,8,23,Fight,0.141690
primary,val/Val_Fight/YDOJvzChqSg_2.avi,2,16,31,Fight,0.184551
primary,val/Val_Fight/YDOJvzChqSg_2.avi,3,24,39,Fight,0.093251
primary,val/Val_Fight/YDOJvzChqSg_2.avi,4,32,47,Fight,0.117647
primary,val/Val_Fight/YDOJvzChqSg_2.avi,5,40,55,Fight,0.112254
primary,val/Val_Fight/YDOJvzChqSg_2.avi,6,48,63,Fight,0.070706
primary,val/Val_Fight/YDOJvzChqSg_2.avi,7,56,71,Fight,0.180596
primary,val/Val_Fight/YDOJvzChqSg_2.avi,8,64,79,Fight,0.095161
primary,val/Val_Fight/YDOJvzChqSg_2.avi,9,72,87,Fight,0.044166
primary,val/Val_Fight/YDOJvzChqSg_2.avi,10,80,95,Fight,0.007409
primary,val/Val_Fight/YDOJvzChqSg_2.avi,11,88,103,Fight,0.005921
primary,val/Val_Fight/YDOJvzChqSg_2.avi,12,96,111,Fight,0.015810
primary,val/Val_Fight/YDOJvzChqSg_2.avi,13,104,119,Fight,0.029314
primary,val/Val_Fight/YDOJvzChqSg_2.avi,14,112,127,Fight,0.044456
primary,val/Val_Fight/YDOJvzChqSg_2.avi,15,120,135,Fight,0.018737
primary,val/Val_Fight/YDOJvzChqSg_2.avi,16,128,143,Fight,0.033018
primary,val/Val_Fight/YDOJvzChqSg_3.avi,0,0,15,Fight,0.002375
primary,val/Val_Fight/YDOJvzChqSg_3.avi,1,8,23,Fight,0.004790
primary,val/Val_Fight/YDOJvzChqSg_3.avi,2,16,31,Fight,0.008756
primary,val/Val_Fight/YDOJvzChqSg_3.avi,3,24,39,Fight,0.031034
primary,val/Val_Fight/YDOJvzChqSg_3.avi,4,32,47,Fight,0.020652
primary,val/Val_Fight/YDOJvzChqSg_3.avi,5,40,55,Fight,0.011016
primary,val/Val_Fight/YDOJvzChqSg_3.avi,6,48,63,Fight,0.005337
primary,val/Val_Fight/YDOJvzChqSg_3.avi,7,56,71,Fight,0.048537
primary,val/Val_Fight/YDOJvzChqSg_3.avi,8,64,79,Fight,0.054400
primary,val/Val_Fight/YDOJvzChqSg_3.avi,9,72,87,Fight,0.011735
primary,val/Val_Fight/YDOJvzChqSg_3.avi,10,80,95,Fight,0.023213
primary,val/Val_Fight/YDOJvzChqSg_3.avi,11,88,103,Fight,0.053654
primary,val/Val_Fight/YDOJvzChqSg_3.avi,12,96,111,Fight,0.075897
primary,val/Val_Fight/YDOJvzChqSg_3.avi,13,104,119,Fight,0.027792
primary,val/Val_Fight/YDOJvzChqSg_3.avi,14,112,127,Fight,0.007356
primary,val/Val_Fight/YDOJvzChqSg_3.avi,15,120,135,Fight,0.044061
primary,val/Val_Fight/YDOJvzChqSg_3.avi,16,128,143,Fight,0.055603
primary,val/Val_Fight/YDOJvzChqSg_4.avi,0,0,15,Fight,0.039256
primary,val/Val_Fight/YDOJvzChqSg_4.avi,1,8,23,Fight,0.047751
primary,val/Val_Fight/YDOJvzChqSg_4.avi,2,16,31,Fight,0.050164
primary,val/Val_Fight/YDOJvzChqSg_4.avi,3,24,39,Fight,0.038416
primary,val/Val_Fight/YDOJvzChqSg_4.avi,4,32,47,Fight,0.034131
primary,val/Val_Fight/YDOJvzChqSg_4.avi,5,40,55,Fight,0.081823
primary,val/Val_Fight/YDOJvzChqSg_4.avi,6,48,63,Fight,0.029617
primary,val/Val_Fight/YDOJvzChqSg_4.avi,7,56,71,Fight,0.035691
primary,val/Val_Fight/YDOJvzChqSg_4.avi,8,64,79,Fight,0.109921
primary,val/Val_Fight/YDOJvzChqSg_4.avi,9,72,87,Fight,0.067779
primary,val/Val_Fight/YDOJvzChqSg_4.avi,10,80,95,Fight,0.211137
primary,val/Val_Fight/YDOJvzChqSg_4.avi,11,88,103,Fight,0.175909
primary,val/Val_Fight/YDOJvzChqSg_4.avi,12,96,111,Fight,0.193896
primary,val/Val_Fight/YDOJvzChqSg_4.avi,13,104,119,Fight,0.057758
primary,val/Val_Fight/YDOJvzChqSg_4.avi,14,112,127,Fight,0.005467
primary,val/Val_Fight/YDOJvzChqSg_4.avi,15,120,135,Fight,0.011206
primary,val/Val_Fight/YDOJvzChqSg_4.avi,16,128,143,Fight,0.054473
primary,val/Val_Fight/bW2vHhYbzHM_0.avi,0,0,15,Fight,0.001053
primary,val/Val_Fight/bW2vHhYbzHM_0.avi,1,8,23,Fight,0.000998
primary,val/Val_Fight/bW2vHhYbzHM_0.avi,2,16,31,Fight,0.001125
primary,val/Val_Fight/bW2vHhYbzHM_0.avi,3,24,39,Fight,0.000969
primary,val/Val_Fight/bW2vHhYbzHM_0.avi,4,32,47,Fight,0.000731
primary,val/Val_Fight/bW2vHhYbzHM_0.avi,5,40,55,Fight,0.000748
primary,val/Val_Fight/bW2vHhYbzHM_0.avi,6,48,63,Fight,0.000526
primary,val/Val_Fight/bW2vHhYbzHM_0.avi,7,56,71,Fight,0.000524
primary,val/Val_Fight/bW2vHhYbzHM_0.avi,8,64,79,Fight,0.000801
primary,val/Val_Fight/bW2vHhYbzHM_0.avi,9,72,87,Fight,0.000942
primary,val/Val_Fight/bW2vHhYbzHM_0.avi,10,80,95,Fight,0.000863
primary,val/Val_Fight/bW2vHhYbzHM_0.avi,11,88,103,Fight,0.000785
primary,val/Val_Fight/bW2vHhYbzHM_0.avi,12,96,111,Fight,0.001071
primary,val/Val_Fight/bW2vHhYbzHM_0.avi,13,104,119,Fight,0.000895
primary,val/Val_Fight/bW2vHhYbzHM_0.avi,14,112,127,Fight,0.000894
primary,val/Val_Fight/bW2vHhYbzHM_0.avi,15,120,135,Fight,0.001066
primary,val/Val_Fight/bW2vHhYbzHM_0.avi,16,128,143,Fight,0.000963
primary,val/Val_Fight/e5Dmmply_0.avi,0,0,15,Fight,0.000577
primary,val/Val_Fight/e5Dmmply_0.avi,1,8,23,Fight,0.001639
primary,val/Val_Fight/e5Dmmply_0.avi,2,16,31,Fight,0.000537
primary,val/Val_Fight/e5Dmmply_0.avi,3,24,39,Fight,0.013791
primary,val/Val_Fight/e5Dmmply_0.avi,4,32,47,Fight,0.010623
primary,val/Val_Fight/e5Dmmply_0.avi,5,40,55,Fight,0.218878
primary,val/Val_Fight/e5Dmmply_0.avi,6,48,63,Fight,0.988181
primary,val/Val_Fight/e5Dmmply_0.avi,7,56,71,Fight,0.957441
primary,val/Val_Fight/e5Dmmply_0.avi,8,64,79,Fight,0.454063
primary,val/Val_Fight/e5Dmmply_0.avi,9,72,87,Fight,0.098519
primary,val/Val_Fight/e5Dmmply_0.avi,10,80,95,Fight,0.005243
primary,val/Val_Fight/e5Dmmply_0.avi,11,88,103,Fight,0.004015
primary,val/Val_Fight/e5Dmmply_0.avi,12,96,111,Fight,0.002464
primary,val/Val_Fight/e5Dmmply_0.avi,13,104,119,Fight,0.000389
primary,val/Val_Fight/e5Dmmply_0.avi,14,112,127,Fight,0.009172
primary,val/Val_Fight/e5Dmmply_0.avi,15,120,135,Fight,0.047778
primary,val/Val_Fight/e5Dmmply_0.avi,16,128,143,Fight,0.005669
primary,val/Val_Fight/e5Dmmply_1.avi,0,0,15,Fight,0.016060
primary,val/Val_Fight/e5Dmmply_1.avi,1,8,23,Fight,0.167815
primary,val/Val_Fight/e5Dmmply_1.avi,2,16,31,Fight,0.000697
primary,val/Val_Fight/e5Dmmply_1.avi,3,24,39,Fight,0.000565
primary,val/Val_Fight/e5Dmmply_1.avi,4,32,47,Fight,0.000750
primary,val/Val_Fight/e5Dmmply_1.avi,5,40,55,Fight,0.001940
primary,val/Val_Fight/e5Dmmply_1.avi,6,48,63,Fight,0.002901
primary,val/Val_Fight/e5Dmmply_1.avi,7,56,71,Fight,0.014833
primary,val/Val_Fight/e5Dmmply_1.avi,8,64,79,Fight,0.361579
primary,val/Val_Fight/e5Dmmply_1.avi,9,72,87,Fight,0.476709
primary,val/Val_Fight/e5Dmmply_1.avi,10,80,95,Fight,0.568068
primary,val/Val_Fight/e5Dmmply_1.avi,11,88,103,Fight,0.897055
primary,val/Val_Fight/e5Dmmply_1.avi,12,96,111,Fight,0.929360
primary,val/Val_Fight/e5Dmmply_1.avi,13,104,119,Fight,0.790643
primary,val/Val_Fight/e5Dmmply_1.avi,14,112,127,Fight,0.982941
primary,val/Val_Fight/e5Dmmply_1.avi,15,120,135,Fight,0.724664
primary,val/Val_Fight/e5Dmmply_1.avi,16,128,143,Fight,0.874883
primary,val/Val_Fight/e5Dmmply_2.avi,0,0,15,Fight,0.019251
primary,val/Val_Fight/e5Dmmply_2.avi,1,8,23,Fight,0.577622
primary,val/Val_Fight/e5Dmmply_2.avi,2,16,31,Fight,0.610683
primary,val/Val_Fight/e5Dmmply_2.avi,3,24,39,Fight,0.936280
primary,val/Val_Fight/e5Dmmply_2.avi,4,32,47,Fight,0.007704
primary,val/Val_Fight/e5Dmmply_2.avi,5,40,55,Fight,0.000674
primary,val/Val_Fight/e5Dmmply_2.avi,6,48,63,Fight,0.001145
primary,val/Val_Fight/e5Dmmply_2.avi,7,56,71,Fight,0.002087
primary,val/Val_Fight/e5Dmmply_2.avi,8,64,79,Fight,0.002476
primary,val/Val_Fight/e5Dmmply_2.avi,9,72,87,Fight,0.001539
primary,val/Val_Fight/e5Dmmply_2.avi,10,80,95,Fight,0.002644
primary,val/Val_Fight/e5Dmmply_2.avi,11,88,103,Fight,0.003360
primary,val/Val_Fight/e5Dmmply_2.avi,12,96,111,Fight,0.000822
primary,val/Val_Fight/e5Dmmply_2.avi,13,104,119,Fight,0.001885
primary,val/Val_Fight/e5Dmmply_2.avi,14,112,127,Fight,0.008199
primary,val/Val_Fight/e5Dmmply_2.avi,15,120,135,Fight,0.002080
primary,val/Val_Fight/e5Dmmply_2.avi,16,128,143,Fight,0.007593
primary,val/Val_Fight/etyiEs3j8x8_0.avi,0,0,15,Fight,0.113453
primary,val/Val_Fight/etyiEs3j8x8_0.avi,1,8,23,Fight,0.143022
primary,val/Val_Fight/etyiEs3j8x8_0.avi,2,16,31,Fight,0.009546
primary,val/Val_Fight/etyiEs3j8x8_0.avi,3,24,39,Fight,0.006249
primary,val/Val_Fight/etyiEs3j8x8_0.avi,4,32,47,Fight,0.007512
primary,val/Val_Fight/etyiEs3j8x8_0.avi,5,40,55,Fight,0.002543
primary,val/Val_Fight/etyiEs3j8x8_0.avi,6,48,63,Fight,0.001432
primary,val/Val_Fight/etyiEs3j8x8_0.avi,7,56,71,Fight,0.000257
primary,val/Val_Fight/etyiEs3j8x8_0.avi,8,64,79,Fight,0.000086
primary,val/Val_Fight/etyiEs3j8x8_0.avi,9,72,87,Fight,0.002286
primary,val/Val_Fight/etyiEs3j8x8_0.avi,10,80,95,Fight,0.050868
primary,val/Val_Fight/etyiEs3j8x8_0.avi,11,88,103,Fight,0.105269
primary,val/Val_Fight/etyiEs3j8x8_0.avi,12,96,111,Fight,0.054432
primary,val/Val_Fight/etyiEs3j8x8_0.avi,13,104,119,Fight,0.054099
primary,val/Val_Fight/etyiEs3j8x8_0.avi,14,112,127,Fight,0.127045
primary,val/Val_Fight/etyiEs3j8x8_0.avi,15,120,135,Fight,0.893658
primary,val/Val_Fight/etyiEs3j8x8_0.avi,16,128,143,Fight,0.667317
primary,val/Val_Fight/etyiEs3j8x8_1.avi,0,0,15,Fight,0.618763
primary,val/Val_Fight/etyiEs3j8x8_1.avi,1,8,23,Fight,0.718800
primary,val/Val_Fight/etyiEs3j8x8_1.avi,2,16,31,Fight,0.529270
primary,val/Val_Fight/etyiEs3j8x8_1.avi,3,24,39,Fight,0.878549
primary,val/Val_Fight/etyiEs3j8x8_1.avi,4,32,47,Fight,0.661230
primary,val/Val_Fight/etyiEs3j8x8_1.avi,5,40,55,Fight,0.445300
primary,val/Val_Fight/etyiEs3j8x8_1.avi,6,48,63,Fight,0.917962
primary,val/Val_Fight/etyiEs3j8x8_1.avi,7,56,71,Fight,0.998419
primary,val/Val_Fight/etyiEs3j8x8_1.avi,8,64,79,Fight,0.963609
primary,val/Val_Fight/etyiEs3j8x8_1.avi,9,72,87,Fight,0.182023
primary,val/Val_Fight/etyiEs3j8x8_1.avi,10,80,95,Fight,0.114000
primary,val/Val_Fight/etyiEs3j8x8_1.avi,11,88,103,Fight,0.904470
primary,val/Val_Fight/etyiEs3j8x8_1.avi,12,96,111,Fight,0.136352
primary,val/Val_Fight/etyiEs3j8x8_1.avi,13,104,119,Fight,0.055244
primary,val/Val_Fight/etyiEs3j8x8_1.avi,14,112,127,Fight,0.059699
primary,val/Val_Fight/etyiEs3j8x8_1.avi,15,120,135,Fight,0.104490
primary,val/Val_Fight/etyiEs3j8x8_1.avi,16,128,143,Fight,0.026234
primary,val/Val_Fight/etyiEs3j8x8_2.avi,0,0,15,Fight,0.001606
primary,val/Val_Fight/etyiEs3j8x8_2.avi,1,8,23,Fight,0.001579
primary,val/Val_Fight/etyiEs3j8x8_2.avi,2,16,31,Fight,0.000611
primary,val/Val_Fight/etyiEs3j8x8_2.avi,3,24,39,Fight,0.000548
primary,val/Val_Fight/etyiEs3j8x8_2.avi,4,32,47,Fight,0.002283
primary,val/Val_Fight/etyiEs3j8x8_2.avi,5,40,55,Fight,0.003812
primary,val/Val_Fight/etyiEs3j8x8_2.avi,6,48,63,Fight,0.002794
primary,val/Val_Fight/etyiEs3j8x8_2.avi,7,56,71,Fight,0.002690
primary,val/Val_Fight/etyiEs3j8x8_2.avi,8,64,79,Fight,0.011789
primary,val/Val_Fight/etyiEs3j8x8_2.avi,9,72,87,Fight,0.090803
primary,val/Val_Fight/etyiEs3j8x8_2.avi,10,80,95,Fight,0.019073
primary,val/Val_Fight/etyiEs3j8x8_2.avi,11,88,103,Fight,0.008414
primary,val/Val_Fight/etyiEs3j8x8_2.avi,12,96,111,Fight,0.023351
primary,val/Val_Fight/etyiEs3j8x8_2.avi,13,104,119,Fight,0.012598
primary,val/Val_Fight/etyiEs3j8x8_2.avi,14,112,127,Fight,0.009799
primary,val/Val_Fight/etyiEs3j8x8_2.avi,15,120,135,Fight,0.012069
primary,val/Val_Fight/etyiEs3j8x8_2.avi,16,128,143,Fight,0.020966
primary,val/Val_Fight/etyiEs3j8x8_3.avi,0,0,15,Fight,0.000444
primary,val/Val_Fight/etyiEs3j8x8_3.avi,1,8,23,Fight,0.001041
primary,val/Val_Fight/etyiEs3j8x8_3.avi,2,16,31,Fight,0.001787
primary,val/Val_Fight/etyiEs3j8x8_3.avi,3,24,39,Fight,0.003261
primary,val/Val_Fight/etyiEs3j8x8_3.avi,4,32,47,Fight,0.001206
primary,val/Val_Fight/etyiEs3j8x8_3.avi,5,40,55,Fight,0.001631
primary,val/Val_Fight/etyiEs3j8x8_3.avi,6,48,63,Fight,0.003724
primary,val/Val_Fight/etyiEs3j8x8_3.avi,7,56,71,Fight,0.000998
primary,val/Val_Fight/etyiEs3j8x8_3.avi,8,64,79,Fight,0.001057
primary,val/Val_Fight/etyiEs3j8x8_3.avi,9,72,87,Fight,0.001328
primary,val/Val_Fight/etyiEs3j8x8_3.avi,10,80,95,Fight,0.000394
primary,val/Val_Fight/etyiEs3j8x8_3.avi,11,88,103,Fight,0.000269
primary,val/Val_Fight/etyiEs3j8x8_3.avi,12,96,111,Fight,0.005240
primary,val/Val_Fight/etyiEs3j8x8_3.avi,13,104,119,Fight,0.019621
primary,val/Val_Fight/etyiEs3j8x8_3.avi,14,112,127,Fight,0.026096
primary,val/Val_Fight/etyiEs3j8x8_3.avi,15,120,135,Fight,0.414787
primary,val/Val_Fight/etyiEs3j8x8_3.avi,16,128,143,Fight,0.590940
primary,val/Val_Fight/etyiEs3j8x8_4.avi,0,0,15,Fight,0.755420
primary,val/Val_Fight/etyiEs3j8x8_4.avi,1,8,23,Fight,0.369381
primary,val/Val_Fight/etyiEs3j8x8_4.avi,2,16,31,Fight,0.898641
primary,val/Val_Fight/etyiEs3j8x8_4.avi,3,24,39,Fight,0.999947
primary,val/Val_Fight/etyiEs3j8x8_4.avi,4,32,47,Fight,0.999774
primary,val/Val_Fight/etyiEs3j8x8_4.avi,5,40,55,Fight,0.872619
primary,val/Val_Fight/etyiEs3j8x8_4.avi,6,48,63,Fight,0.353986
primary,val/Val_Fight/etyiEs3j8x8_4.avi,7,56,71,Fight,0.178467
primary,val/Val_Fight/etyiEs3j8x8_4.avi,8,64,79,Fight,0.107960
primary,val/Val_Fight/etyiEs3j8x8_4.avi,9,72,87,Fight,0.599486
primary,val/Val_Fight/etyiEs3j8x8_4.avi,10,80,95,Fight,0.583987
primary,val/Val_Fight/etyiEs3j8x8_4.avi,11,88,103,Fight,0.903342
primary,val/Val_Fight/etyiEs3j8x8_4.avi,12,96,111,Fight,0.238020
primary,val/Val_Fight/etyiEs3j8x8_4.avi,13,104,119,Fight,0.403380
primary,val/Val_Fight/etyiEs3j8x8_4.avi,14,112,127,Fight,0.037303
primary,val/Val_Fight/etyiEs3j8x8_4.avi,15,120,135,Fight,0.005817
primary,val/Val_Fight/etyiEs3j8x8_4.avi,16,128,143,Fight,0.001814
primary,val/Val_Fight/etyiEs3j8x8_5.avi,0,0,15,Fight,0.108230
primary,val/Val_Fight/etyiEs3j8x8_5.avi,1,8,23,Fight,0.045968
primary,val/Val_Fight/etyiEs3j8x8_5.avi,2,16,31,Fight,0.098079
primary,val/Val_Fight/etyiEs3j8x8_5.avi,3,24,39,Fight,0.959595
primary,val/Val_Fight/etyiEs3j8x8_5.avi,4,32,47,Fight,0.705063
primary,val/Val_Fight/etyiEs3j8x8_5.avi,5,40,55,Fight,0.961703
primary,val/Val_Fight/etyiEs3j8x8_5.avi,6,48,63,Fight,0.960225
primary,val/Val_Fight/etyiEs3j8x8_5.avi,7,56,71,Fight,0.433772
primary,val/Val_Fight/etyiEs3j8x8_5.avi,8,64,79,Fight,0.000548
primary,val/Val_Fight/etyiEs3j8x8_5.avi,9,72,87,Fight,0.008600
primary,val/Val_Fight/etyiEs3j8x8_5.avi,10,80,95,Fight,0.090111
primary,val/Val_Fight/etyiEs3j8x8_5.avi,11,88,103,Fight,0.089558
primary,val/Val_Fight/etyiEs3j8x8_5.avi,12,96,111,Fight,0.011520
primary,val/Val_Fight/etyiEs3j8x8_5.avi,13,104,119,Fight,0.015129
primary,val/Val_Fight/etyiEs3j8x8_5.avi,14,112,127,Fight,0.174293
primary,val/Val_Fight/etyiEs3j8x8_5.avi,15,120,135,Fight,0.088017
primary,val/Val_Fight/etyiEs3j8x8_5.avi,16,128,143,Fight,0.003440
primary,val/Val_Fight/etyiEs3j8x8_8.avi,0,0,15,Fight,0.648490
primary,val/Val_Fight/etyiEs3j8x8_8.avi,1,8,23,Fight,0.064101
primary,val/Val_Fight/etyiEs3j8x8_8.avi,2,16,31,Fight,0.004235
primary,val/Val_Fight/etyiEs3j8x8_8.avi,3,24,39,Fight,0.108295
primary,val/Val_Fight/etyiEs3j8x8_8.avi,4,32,47,Fight,0.034723
primary,val/Val_Fight/etyiEs3j8x8_8.avi,5,40,55,Fight,0.041548
primary,val/Val_Fight/etyiEs3j8x8_8.avi,6,48,63,Fight,0.086988
primary,val/Val_Fight/etyiEs3j8x8_8.avi,7,56,71,Fight,0.130365
primary,val/Val_Fight/etyiEs3j8x8_8.avi,8,64,79,Fight,0.236515
primary,val/Val_Fight/etyiEs3j8x8_8.avi,9,72,87,Fight,0.248659
primary,val/Val_Fight/etyiEs3j8x8_8.avi,10,80,95,Fight,0.088762
primary,val/Val_Fight/etyiEs3j8x8_8.avi,11,88,103,Fight,0.010523
primary,val/Val_Fight/etyiEs3j8x8_8.avi,12,96,111,Fight,0.236000
primary,val/Val_Fight/etyiEs3j8x8_8.avi,13,104,119,Fight,0.052567
primary,val/Val_Fight/etyiEs3j8x8_8.avi,14,112,127,Fight,0.004872
primary,val/Val_Fight/etyiEs3j8x8_8.avi,15,120,135,Fight,0.008852
primary,val/Val_Fight/etyiEs3j8x8_8.avi,16,128,143,Fight,0.001212
primary,val/Val_Fight/fbtEhNq5a6E_0.avi,0,0,15,Fight,0.412599
primary,val/Val_Fight/fbtEhNq5a6E_0.avi,1,8,23,Fight,0.768934
primary,val/Val_Fight/fbtEhNq5a6E_0.avi,2,16,31,Fight,0.863273
primary,val/Val_Fight/fbtEhNq5a6E_0.avi,3,24,39,Fight,0.981312
primary,val/Val_Fight/fbtEhNq5a6E_0.avi,4,32,47,Fight,0.265669
primary,val/Val_Fight/fbtEhNq5a6E_0.avi,5,40,55,Fight,0.214889
primary,val/Val_Fight/fbtEhNq5a6E_0.avi,6,48,63,Fight,0.174022
primary,val/Val_Fight/fbtEhNq5a6E_0.avi,7,56,71,Fight,0.212556
primary,val/Val_Fight/fbtEhNq5a6E_0.avi,8,64,79,Fight,0.395082
primary,val/Val_Fight/fbtEhNq5a6E_0.avi,9,72,87,Fight,0.157214
primary,val/Val_Fight/fbtEhNq5a6E_0.avi,10,80,95,Fight,0.145056
primary,val/Val_Fight/fbtEhNq5a6E_0.avi,11,88,103,Fight,0.190647
primary,val/Val_Fight/fbtEhNq5a6E_0.avi,12,96,111,Fight,0.295464
primary,val/Val_Fight/fbtEhNq5a6E_0.avi,13,104,119,Fight,0.168945
primary,val/Val_Fight/fbtEhNq5a6E_0.avi,14,112,127,Fight,0.105916
primary,val/Val_Fight/fbtEhNq5a6E_0.avi,15,120,135,Fight,0.256330
primary,val/Val_Fight/fbtEhNq5a6E_0.avi,16,128,143,Fight,0.992435
primary,val/Val_Fight/g-qjkePEXQA_0.avi,0,0,15,Fight,0.000944
primary,val/Val_Fight/g-qjkePEXQA_0.avi,1,8,23,Fight,0.000088
primary,val/Val_Fight/g-qjkePEXQA_0.avi,2,16,31,Fight,0.000349
primary,val/Val_Fight/g-qjkePEXQA_0.avi,3,24,39,Fight,0.000526
primary,val/Val_Fight/g-qjkePEXQA_0.avi,4,32,47,Fight,0.002232
primary,val/Val_Fight/g-qjkePEXQA_0.avi,5,40,55,Fight,0.003247
primary,val/Val_Fight/g-qjkePEXQA_0.avi,6,48,63,Fight,0.010247
primary,val/Val_Fight/g-qjkePEXQA_0.avi,7,56,71,Fight,0.232391
primary,val/Val_Fight/g-qjkePEXQA_0.avi,8,64,79,Fight,0.474538
primary,val/Val_Fight/g-qjkePEXQA_0.avi,9,72,87,Fight,0.392715
primary,val/Val_Fight/g-qjkePEXQA_0.avi,10,80,95,Fight,0.217244
primary,val/Val_Fight/g-qjkePEXQA_0.avi,11,88,103,Fight,0.263658
primary,val/Val_Fight/g-qjkePEXQA_0.avi,12,96,111,Fight,0.429761
primary,val/Val_Fight/g-qjkePEXQA_0.avi,13,104,119,Fight,0.052996
primary,val/Val_Fight/g-qjkePEXQA_0.avi,14,112,127,Fight,0.016303
primary,val/Val_Fight/g-qjkePEXQA_0.avi,15,120,135,Fight,0.351003
primary,val/Val_Fight/g-qjkePEXQA_0.avi,16,128,143,Fight,0.978791
primary,val/Val_Fight/g-qjkePEXQA_1.avi,0,0,15,Fight,0.000411
primary,val/Val_Fight/g-qjkePEXQA_1.avi,1,8,23,Fight,0.001692
primary,val/Val_Fight/g-qjkePEXQA_1.avi,2,16,31,Fight,0.006299
primary,val/Val_Fight/g-qjkePEXQA_1.avi,3,24,39,Fight,0.045005
primary,val/Val_Fight/g-qjkePEXQA_1.avi,4,32,47,Fight,0.030669
primary,val/Val_Fight/g-qjkePEXQA_1.avi,5,40,55,Fight,0.020921
primary,val/Val_Fight/g-qjkePEXQA_1.avi,6,48,63,Fight,0.002201
primary,val/Val_Fight/g-qjkePEXQA_1.avi,7,56,71,Fight,0.001038
primary,val/Val_Fight/g-qjkePEXQA_1.avi,8,64,79,Fight,0.001449
primary,val/Val_Fight/g-qjkePEXQA_1.avi,9,72,87,Fight,0.000776
primary,val/Val_Fight/g-qjkePEXQA_1.avi,10,80,95,Fight,0.000409
primary,val/Val_Fight/g-qjkePEXQA_1.avi,11,88,103,Fight,0.001263
primary,val/Val_Fight/g-qjkePEXQA_1.avi,12,96,111,Fight,0.000883
primary,val/Val_Fight/g-qjkePEXQA_1.avi,13,104,119,Fight,0.000932
primary,val/Val_Fight/g-qjkePEXQA_1.avi,14,112,127,Fight,0.010329
primary,val/Val_Fight/g-qjkePEXQA_1.avi,15,120,135,Fight,0.004178
primary,val/Val_Fight/g-qjkePEXQA_1.avi,16,128,143,Fight,0.054514
primary,val/Val_Fight/g-qjkePEXQA_2.avi,0,0,15,Fight,0.015881
primary,val/Val_Fight/g-qjkePEXQA_2.avi,1,8,23,Fight,0.005550
primary,val/Val_Fight/g-qjkePEXQA_2.avi,2,16,31,Fight,0.001376
primary,val/Val_Fight/g-qjkePEXQA_2.avi,3,24,39,Fight,0.000950
primary,val/Val_Fight/g-qjkePEXQA_2.avi,4,32,47,Fight,0.006961
primary,val/Val_Fight/g-qjkePEXQA_2.avi,5,40,55,Fight,0.000732
primary,val/Val_Fight/g-qjkePEXQA_2.avi,6,48,63,Fight,0.002530
primary,val/Val_Fight/g-qjkePEXQA_2.avi,7,56,71,Fight,0.006201
primary,val/Val_Fight/g-qjkePEXQA_2.avi,8,64,79,Fight,0.001019
primary,val/Val_Fight/g-qjkePEXQA_2.avi,9,72,87,Fight,0.089549
primary,val/Val_Fight/g-qjkePEXQA_2.avi,10,80,95,Fight,0.455343
primary,val/Val_Fight/g-qjkePEXQA_2.avi,11,88,103,Fight,0.261752
primary,val/Val_Fight/g-qjkePEXQA_2.avi,12,96,111,Fight,0.012718
primary,val/Val_Fight/g-qjkePEXQA_2.avi,13,104,119,Fight,0.004206
primary,val/Val_Fight/g-qjkePEXQA_2.avi,14,112,127,Fight,0.000408
primary,val/Val_Fight/g-qjkePEXQA_2.avi,15,120,135,Fight,0.001916
primary,val/Val_Fight/g-qjkePEXQA_2.avi,16,128,143,Fight,0.002441
primary,val/Val_Fight/g-qjkePEXQA_3.avi,0,0,15,Fight,0.013166
primary,val/Val_Fight/g-qjkePEXQA_3.avi,1,8,23,Fight,0.006093
primary,val/Val_Fight/g-qjkePEXQA_3.avi,2,16,31,Fight,0.007796
primary,val/Val_Fight/g-qjkePEXQA_3.avi,3,24,39,Fight,0.001702
primary,val/Val_Fight/g-qjkePEXQA_3.avi,4,32,47,Fight,0.002527
primary,val/Val_Fight/g-qjkePEXQA_3.avi,5,40,55,Fight,0.002490
primary,val/Val_Fight/g-qjkePEXQA_3.avi,6,48,63,Fight,0.004676
primary,val/Val_Fight/g-qjkePEXQA_3.avi,7,56,71,Fight,0.002820
primary,val/Val_Fight/g-qjkePEXQA_3.avi,8,64,79,Fight,0.025326
primary,val/Val_Fight/g-qjkePEXQA_3.avi,9,72,87,Fight,0.002059
primary,val/Val_Fight/g-qjkePEXQA_3.avi,10,80,95,Fight,0.001473
primary,val/Val_Fight/g-qjkePEXQA_3.avi,11,88,103,Fight,0.003077
primary,val/Val_Fight/g-qjkePEXQA_3.avi,12,96,111,Fight,0.033879
primary,val/Val_Fight/g-qjkePEXQA_3.avi,13,104,119,Fight,0.094394
primary,val/Val_Fight/g-qjkePEXQA_3.avi,14,112,127,Fight,0.397448
primary,val/Val_Fight/g-qjkePEXQA_3.avi,15,120,135,Fight,0.023381
primary,val/Val_Fight/g-qjkePEXQA_3.avi,16,128,143,Fight,0.013380
primary,val/Val_Fight/g6jdqkcdgqk_1.avi,0,0,15,Fight,0.000110
primary,val/Val_Fight/g6jdqkcdgqk_1.avi,1,8,23,Fight,0.000189
primary,val/Val_Fight/g6jdqkcdgqk_1.avi,2,16,31,Fight,0.001591
primary,val/Val_Fight/g6jdqkcdgqk_1.avi,3,24,39,Fight,0.003511
primary,val/Val_Fight/g6jdqkcdgqk_1.avi,4,32,47,Fight,0.002732
primary,val/Val_Fight/g6jdqkcdgqk_1.avi,5,40,55,Fight,0.001890
primary,val/Val_Fight/g6jdqkcdgqk_1.avi,6,48,63,Fight,0.006783
primary,val/Val_Fight/g6jdqkcdgqk_1.avi,7,56,71,Fight,0.001315
primary,val/Val_Fight/g6jdqkcdgqk_1.avi,8,64,79,Fight,0.064727
primary,val/Val_Fight/g6jdqkcdgqk_1.avi,9,72,87,Fight,0.027985
primary,val/Val_Fight/g6jdqkcdgqk_1.avi,10,80,95,Fight,0.000133
primary,val/Val_Fight/g6jdqkcdgqk_1.avi,11,88,103,Fight,0.000252
primary,val/Val_Fight/g6jdqkcdgqk_1.avi,12,96,111,Fight,0.001125
primary,val/Val_Fight/g6jdqkcdgqk_1.avi,13,104,119,Fight,0.000635
primary,val/Val_Fight/g6jdqkcdgqk_1.avi,14,112,127,Fight,0.001764
primary,val/Val_Fight/g6jdqkcdgqk_1.avi,15,120,135,Fight,0.001661
primary,val/Val_Fight/g6jdqkcdgqk_1.avi,16,128,143,Fight,0.001209
primary,val/Val_Fight/g6jdqkcdgqk_2.avi,0,0,15,Fight,0.026171
primary,val/Val_Fight/g6jdqkcdgqk_2.avi,1,8,23,Fight,0.008457
primary,val/Val_Fight/g6jdqkcdgqk_2.avi,2,16,31,Fight,0.000106
primary,val/Val_Fight/g6jdqkcdgqk_2.avi,3,24,39,Fight,0.003051
primary,val/Val_Fight/g6jdqkcdgqk_2.avi,4,32,47,Fight,0.000302
primary,val/Val_Fight/g6jdqkcdgqk_2.avi,5,40,55,Fight,0.000537
primary,val/Val_Fight/g6jdqkcdgqk_2.avi,6,48,63,Fight,0.001415
primary,val/Val_Fight/g6jdqkcdgqk_2.avi,7,56,71,Fight,0.001464
primary,val/Val_Fight/g6jdqkcdgqk_2.avi,8,64,79,Fight,0.005181
primary,val/Val_Fight/g6jdqkcdgqk_2.avi,9,72,87,Fight,0.021883
primary,val/Val_Fight/g6jdqkcdgqk_2.avi,10,80,95,Fight,0.317172
primary,val/Val_Fight/g6jdqkcdgqk_2.avi,11,88,103,Fight,0.193418
primary,val/Val_Fight/g6jdqkcdgqk_2.avi,12,96,111,Fight,0.035925
primary,val/Val_Fight/g6jdqkcdgqk_2.avi,13,104,119,Fight,0.062535
primary,val/Val_Fight/g6jdqkcdgqk_2.avi,14,112,127,Fight,0.297804
primary,val/Val_Fight/g6jdqkcdgqk_2.avi,15,120,135,Fight,0.162034
primary,val/Val_Fight/g6jdqkcdgqk_2.avi,16,128,143,Fight,0.011809
primary,val/Val_Fight/g6jdqkcdgqk_3.avi,0,0,15,Fight,0.101880
primary,val/Val_Fight/g6jdqkcdgqk_3.avi,1,8,23,Fight,0.099039
primary,val/Val_Fight/g6jdqkcdgqk_3.avi,2,16,31,Fight,0.085585
primary,val/Val_Fight/g6jdqkcdgqk_3.avi,3,24,39,Fight,0.058057
primary,val/Val_Fight/g6jdqkcdgqk_3.avi,4,32,47,Fight,0.074500
primary,val/Val_Fight/g6jdqkcdgqk_3.avi,5,40,55,Fight,0.063827
primary,val/Val_Fight/g6jdqkcdgqk_3.avi,6,48,63,Fight,0.090898
primary,val/Val_Fight/g6jdqkcdgqk_3.avi,7,56,71,Fight,0.068348
primary,val/Val_Fight/g6jdqkcdgqk_3.avi,8,64,79,Fight,0.067063
primary,val/Val_Fight/g6jdqkcdgqk_3.avi,9,72,87,Fight,0.002285
primary,val/Val_Fight/g6jdqkcdgqk_3.avi,10,80,95,Fight,0.000926
primary,val/Val_Fight/g6jdqkcdgqk_3.avi,11,88,103,Fight,0.000670
primary,val/Val_Fight/g6jdqkcdgqk_3.avi,12,96,111,Fight,0.000583
primary,val/Val_Fight/g6jdqkcdgqk_3.avi,13,104,119,Fight,0.000594
primary,val/Val_Fight/g6jdqkcdgqk_3.avi,14,112,127,Fight,0.000921
primary,val/Val_Fight/g6jdqkcdgqk_3.avi,15,120,135,Fight,0.000755
primary,val/Val_Fight/g6jdqkcdgqk_3.avi,16,128,143,Fight,0.001489
primary,val/Val_Fight/g6jdqkcdgqk_4.avi,0,0,15,Fight,0.003189
primary,val/Val_Fight/g6jdqkcdgqk_4.avi,1,8,23,Fight,0.010788
primary,val/Val_Fight/g6jdqkcdgqk_4.avi,2,16,31,Fight,0.012469
primary,val/Val_Fight/g6jdqkcdgqk_4.avi,3,24,39,Fight,0.010250
primary,val/Val_Fight/g6jdqkcdgqk_4.avi,4,32,47,Fight,0.010099
primary,val/Val_Fight/g6jdqkcdgqk_4.avi,5,40,55,Fight,0.004308
primary,val/Val_Fight/g6jdqkcdgqk_4.avi,6,48,63,Fight,0.002398
primary,val/Val_Fight/g6jdqkcdgqk_4.avi,7,56,71,Fight,0.001988
primary,val/Val_Fight/g6jdqkcdgqk_4.avi,8,64,79,Fight,0.000853
primary,val/Val_Fight/g6jdqkcdgqk_4.avi,9,72,87,Fight,0.001093
primary,val/Val_Fight/g6jdqkcdgqk_4.avi,10,80,95,Fight,0.003688
primary,val/Val_Fight/g6jdqkcdgqk_4.avi,11,88,103,Fight,0.002212
primary,val/Val_Fight/g6jdqkcdgqk_4.avi,12,96,111,Fight,0.000592
primary,val/Val_Fight/g6jdqkcdgqk_4.avi,13,104,119,Fight,0.000097
primary,val/Val_Fight/g6jdqkcdgqk_4.avi,14,112,127,Fight,0.000690
primary,val/Val_Fight/g6jdqkcdgqk_4.avi,15,120,135,Fight,0.000250
primary,val/Val_Fight/g6jdqkcdgqk_4.avi,16,128,143,Fight,0.000407
primary,val/Val_Fight/g6jdqkcdgqk_5.avi,0,0,15,Fight,0.002027
primary,val/Val_Fight/g6jdqkcdgqk_5.avi,1,8,23,Fight,0.003656
primary,val/Val_Fight/g6jdqkcdgqk_5.avi,2,16,31,Fight,0.026017
primary,val/Val_Fight/g6jdqkcdgqk_5.avi,3,24,39,Fight,0.028817
primary,val/Val_Fight/g6jdqkcdgqk_5.avi,4,32,47,Fight,0.031676
primary,val/Val_Fight/g6jdqkcdgqk_5.avi,5,40,55,Fight,0.050604
primary,val/Val_Fight/g6jdqkcdgqk_5.avi,6,48,63,Fight,0.015504
primary,val/Val_Fight/g6jdqkcdgqk_5.avi,7,56,71,Fight,0.000738
primary,val/Val_Fight/g6jdqkcdgqk_5.avi,8,64,79,Fight,0.000827
primary,val/Val_Fight/g6jdqkcdgqk_5.avi,9,72,87,Fight,0.001746
primary,val/Val_Fight/g6jdqkcdgqk_5.avi,10,80,95,Fight,0.000991
primary,val/Val_Fight/g6jdqkcdgqk_5.avi,11,88,103,Fight,0.000432
primary,val/Val_Fight/g6jdqkcdgqk_5.avi,12,96,111,Fight,0.001150
primary,val/Val_Fight/g6jdqkcdgqk_5.avi,13,104,119,Fight,0.020981
primary,val/Val_Fight/g6jdqkcdgqk_5.avi,14,112,127,Fight,0.014343
primary,val/Val_Fight/g6jdqkcdgqk_5.avi,15,120,135,Fight,0.026028
primary,val/Val_Fight/g6jdqkcdgqk_5.avi,16,128,143,Fight,0.122621
primary,val/Val_Fight/hytjfg_354.avi,0,0,15,Fight,0.059433
primary,val/Val_Fight/hytjfg_354.avi,1,8,23,Fight,0.033233
primary,val/Val_Fight/hytjfg_354.avi,2,16,31,Fight,0.040028
primary,val/Val_Fight/hytjfg_354.avi,3,24,39,Fight,0.052459
primary,val/Val_Fight/hytjfg_354.avi,4,32,47,Fight,0.060083
primary,val/Val_Fight/hytjfg_354.avi,5,40,55,Fight,0.023628
primary,val/Val_Fight/hytjfg_354.avi,6,48,63,Fight,0.279500
primary,val/Val_Fight/hytjfg_354.avi,7,56,71,Fight,0.913478
primary,val/Val_Fight/hytjfg_354.avi,8,64,79,Fight,0.751602
primary,val/Val_Fight/hytjfg_354.avi,9,72,87,Fight,0.092226
primary,val/Val_Fight/hytjfg_354.avi,10,80,95,Fight,0.448990
primary,val/Val_Fight/hytjfg_354.avi,11,88,103,Fight,0.166908
primary,val/Val_Fight/hytjfg_354.avi,12,96,111,Fight,0.137858
primary,val/Val_Fight/hytjfg_354.avi,13,104,119,Fight,0.251972
primary,val/Val_Fight/hytjfg_354.avi,14,112,127,Fight,0.071173
primary,val/Val_Fight/hytjfg_354.avi,15,120,135,Fight,0.051516
primary,val/Val_Fight/hytjfg_354.avi,16,128,143,Fight,0.038761
primary,val/Val_Fight/mwuiYEBdkJs_0.avi,0,0,15,Fight,0.006397
primary,val/Val_Fight/mwuiYEBdkJs_0.avi,1,8,23,Fight,0.002583
primary,val/Val_Fight/mwuiYEBdkJs_0.avi,2,16,31,Fight,0.021827
primary,val/Val_Fight/mwuiYEBdkJs_0.avi,3,24,39,Fight,0.034437
primary,val/Val_Fight/mwuiYEBdkJs_0.avi,4,32,47,Fight,0.206973
primary,val/Val_Fight/mwuiYEBdkJs_0.avi,5,40,55,Fight,0.080801
primary,val/Val_Fight/mwuiYEBdkJs_0.avi,6,48,63,Fight,0.015305
primary,val/Val_Fight/mwuiYEBdkJs_0.avi,7,56,71,Fight,0.022875
primary,val/Val_Fight/mwuiYEBdkJs_0.avi,8,64,79,Fight,0.006825
primary,val/Val_Fight/mwuiYEBdkJs_0.avi,9,72,87,Fight,0.006624
primary,val/Val_Fight/mwuiYEBdkJs_0.avi,10,80,95,Fight,0.016293
primary,val/Val_Fight/mwuiYEBdkJs_0.avi,11,88,103,Fight,0.016252
primary,val/Val_Fight/mwuiYEBdkJs_0.avi,12,96,111,Fight,0.018438
primary,val/Val_Fight/mwuiYEBdkJs_0.avi,13,104,119,Fight,0.072177
primary,val/Val_Fight/mwuiYEBdkJs_0.avi,14,112,127,Fight,0.072750
primary,val/Val_Fight/mwuiYEBdkJs_0.avi,15,120,135,Fight,0.008402
primary,val/Val_Fight/mwuiYEBdkJs_0.avi,16,128,143,Fight,0.020634
primary,val/Val_Fight/mwuiYEBdkJs_1.avi,0,0,15,Fight,0.070100
primary,val/Val_Fight/mwuiYEBdkJs_1.avi,1,8,23,Fight,0.007126
primary,val/Val_Fight/mwuiYEBdkJs_1.avi,2,16,31,Fight,0.026209
primary,val/Val_Fight/mwuiYEBdkJs_1.avi,3,24,39,Fight,0.020665
primary,val/Val_Fight/mwuiYEBdkJs_1.avi,4,32,47,Fight,0.025247
primary,val/Val_Fight/mwuiYEBdkJs_1.avi,5,40,55,Fight,0.003416
primary,val/Val_Fight/mwuiYEBdkJs_1.avi,6,48,63,Fight,0.003313
primary,val/Val_Fight/mwuiYEBdkJs_1.avi,7,56,71,Fight,0.012860
primary,val/Val_Fight/mwuiYEBdkJs_1.avi,8,64,79,Fight,0.030978
primary,val/Val_Fight/mwuiYEBdkJs_1.avi,9,72,87,Fight,0.015107
primary,val/Val_Fight/mwuiYEBdkJs_1.avi,10,80,95,Fight,0.002019
primary,val/Val_Fight/mwuiYEBdkJs_1.avi,11,88,103,Fight,0.003912
primary,val/Val_Fight/mwuiYEBdkJs_1.avi,12,96,111,Fight,0.005599
primary,val/Val_Fight/mwuiYEBdkJs_1.avi,13,104,119,Fight,0.032098
primary,val/Val_Fight/mwuiYEBdkJs_1.avi,14,112,127,Fight,0.040481
primary,val/Val_Fight/mwuiYEBdkJs_1.avi,15,120,135,Fight,0.013519
primary,val/Val_Fight/mwuiYEBdkJs_1.avi,16,128,143,Fight,0.004196
primary,val/Val_Fight/mwuiYEBdkJs_2.avi,0,0,15,Fight,0.002609
primary,val/Val_Fight/mwuiYEBdkJs_2.avi,1,8,23,Fight,0.294393
primary,val/Val_Fight/mwuiYEBdkJs_2.avi,2,16,31,Fight,0.167454
primary,val/Val_Fight/mwuiYEBdkJs_2.avi,3,24,39,Fight,0.070445
primary,val/Val_Fight/mwuiYEBdkJs_2.avi,4,32,47,Fight,0.008400
primary,val/Val_Fight/mwuiYEBdkJs_2.avi,5,40,55,Fight,0.001190
primary,val/Val_Fight/mwuiYEBdkJs_2.avi,6,48,63,Fight,0.000762
primary,val/Val_Fight/mwuiYEBdkJs_2.avi,7,56,71,Fight,0.001239
primary,val/Val_Fight/mwuiYEBdkJs_2.avi,8,64,79,Fight,0.041912
primary,val/Val_Fight/mwuiYEBdkJs_2.avi,9,72,87,Fight,0.067718
primary,val/Val_Fight/mwuiYEBdkJs_2.avi,10,80,95,Fight,0.075673
primary,val/Val_Fight/mwuiYEBdkJs_2.avi,11,88,103,Fight,0.014004
primary,val/Val_Fight/mwuiYEBdkJs_2.avi,12,96,111,Fight,0.003641
primary,val/Val_Fight/mwuiYEBdkJs_2.avi,13,104,119,Fight,0.001531
primary,val/Val_Fight/mwuiYEBdkJs_2.avi,14,112,127,Fight,0.002323
primary,val/Val_Fight/mwuiYEBdkJs_2.avi,15,120,135,Fight,0.003013
primary,val/Val_Fight/mwuiYEBdkJs_2.avi,16,128,143,Fight,0.038717
primary,val/Val_Fight/mwuiYEBdkJs_3.avi,0,0,15,Fight,0.839562
primary,val/Val_Fight/mwuiYEBdkJs_3.avi,1,8,23,Fight,0.694762
primary,val/Val_Fight/mwuiYEBdkJs_3.avi,2,16,31,Fight,0.955914
primary,val/Val_Fight/mwuiYEBdkJs_3.avi,3,24,39,Fight,0.267353
primary,val/Val_Fight/mwuiYEBdkJs_3.avi,4,32,47,Fight,0.104004
primary,val/Val_Fight/mwuiYEBdkJs_3.avi,5,40,55,Fight,0.013640
primary,val/Val_Fight/mwuiYEBdkJs_3.avi,6,48,63,Fight,0.174393
primary,val/Val_Fight/mwuiYEBdkJs_3.avi,7,56,71,Fight,0.296386
primary,val/Val_Fight/mwuiYEBdkJs_3.avi,8,64,79,Fight,0.030375
primary,val/Val_Fight/mwuiYEBdkJs_3.avi,9,72,87,Fight,0.097834
primary,val/Val_Fight/mwuiYEBdkJs_3.avi,10,80,95,Fight,0.028374
primary,val/Val_Fight/mwuiYEBdkJs_3.avi,11,88,103,Fight,0.180119
primary,val/Val_Fight/mwuiYEBdkJs_3.avi,12,96,111,Fight,0.861329
primary,val/Val_Fight/mwuiYEBdkJs_3.avi,13,104,119,Fight,0.273549
primary,val/Val_Fight/mwuiYEBdkJs_3.avi,14,112,127,Fight,0.194669
primary,val/Val_Fight/mwuiYEBdkJs_3.avi,15,120,135,Fight,0.209403
primary,val/Val_Fight/mwuiYEBdkJs_3.avi,16,128,143,Fight,0.059150
primary,val/Val_Fight/mwuiYEBdkJs_4.avi,0,0,15,Fight,0.034218
primary,val/Val_Fight/mwuiYEBdkJs_4.avi,1,8,23,Fight,0.159087
primary,val/Val_Fight/mwuiYEBdkJs_4.avi,2,16,31,Fight,0.490534
primary,val/Val_Fight/mwuiYEBdkJs_4.avi,3,24,39,Fight,0.240143
primary,val/Val_Fight/mwuiYEBdkJs_4.avi,4,32,47,Fight,0.025394
primary,val/Val_Fight/mwuiYEBdkJs_4.avi,5,40,55,Fight,0.026847
primary,val/Val_Fight/mwuiYEBdkJs_4.avi,6,48,63,Fight,0.023362
primary,val/Val_Fight/mwuiYEBdkJs_4.avi,7,56,71,Fight,0.018445
primary,val/Val_Fight/mwuiYEBdkJs_4.avi,8,64,79,Fight,0.232774
primary,val/Val_Fight/mwuiYEBdkJs_4.avi,9,72,87,Fight,0.246680
primary,val/Val_Fight/mwuiYEBdkJs_4.avi,10,80,95,Fight,0.019542
primary,val/Val_Fight/mwuiYEBdkJs_4.avi,11,88,103,Fight,0.007006
primary,val/Val_Fight/mwuiYEBdkJs_4.avi,12,96,111,Fight,0.070358
primary,val/Val_Fight/mwuiYEBdkJs_4.avi,13,104,119,Fight,0.290687
primary,val/Val_Fight/mwuiYEBdkJs_4.avi,14,112,127,Fight,0.044259
primary,val/Val_Fight/mwuiYEBdkJs_4.avi,15,120,135,Fight,0.015612
primary,val/Val_Fight/mwuiYEBdkJs_4.avi,16,128,143,Fight,0.004375
primary,val/Val_Fight/mwuiYEBdkJs_5.avi,0,0,15,Fight,0.002748
primary,val/Val_Fight/mwuiYEBdkJs_5.avi,1,8,23,Fight,0.005242
primary,val/Val_Fight/mwuiYEBdkJs_5.avi,2,16,31,Fight,0.060225
primary,val/Val_Fight/mwuiYEBdkJs_5.avi,3,24,39,Fight,0.811473
primary,val/Val_Fight/mwuiYEBdkJs_5.avi,4,32,47,Fight,0.472168
primary,val/Val_Fight/mwuiYEBdkJs_5.avi,5,40,55,Fight,0.841508
primary,val/Val_Fight/mwuiYEBdkJs_5.avi,6,48,63,Fight,0.447211
primary,val/Val_Fight/mwuiYEBdkJs_5.avi,7,56,71,Fight,0.125283
primary,val/Val_Fight/mwuiYEBdkJs_5.avi,8,64,79,Fight,0.004401
primary,val/Val_Fight/mwuiYEBdkJs_5.avi,9,72,87,Fight,0.001184
primary,val/Val_Fight/mwuiYEBdkJs_5.avi,10,80,95,Fight,0.001496
primary,val/Val_Fight/mwuiYEBdkJs_5.avi,11,88,103,Fight,0.001402
primary,val/Val_Fight/mwuiYEBdkJs_5.avi,12,96,111,Fight,0.008883
primary,val/Val_Fight/mwuiYEBdkJs_5.avi,13,104,119,Fight,0.073229
primary,val/Val_Fight/mwuiYEBdkJs_5.avi,14,112,127,Fight,0.052389
primary,val/Val_Fight/mwuiYEBdkJs_5.avi,15,120,135,Fight,0.117658
primary,val/Val_Fight/mwuiYEBdkJs_5.avi,16,128,143,Fight,0.025134
primary,val/Val_Fight/nVdn1krnTCQ_0.avi,0,0,15,Fight,0.000101
primary,val/Val_Fight/nVdn1krnTCQ_0.avi,1,8,23,Fight,0.012120
primary,val/Val_Fight/nVdn1krnTCQ_0.avi,2,16,31,Fight,0.181341
primary,val/Val_Fight/nVdn1krnTCQ_0.avi,3,24,39,Fight,0.040574
primary,val/Val_Fight/nVdn1krnTCQ_0.avi,4,32,47,Fight,0.576358
primary,val/Val_Fight/nVdn1krnTCQ_0.avi,5,40,55,Fight,0.938509
primary,val/Val_Fight/nVdn1krnTCQ_0.avi,6,48,63,Fight,0.999609
primary,val/Val_Fight/nVdn1krnTCQ_0.avi,7,56,71,Fight,0.931393
primary,val/Val_Fight/nVdn1krnTCQ_0.avi,8,64,79,Fight,0.901988
primary,val/Val_Fight/nVdn1krnTCQ_0.avi,9,72,87,Fight,0.234205
primary,val/Val_Fight/nVdn1krnTCQ_0.avi,10,80,95,Fight,0.451872
primary,val/Val_Fight/nVdn1krnTCQ_0.avi,11,88,103,Fight,0.199745
primary,val/Val_Fight/nVdn1krnTCQ_0.avi,12,96,111,Fight,0.053805
primary,val/Val_Fight/nVdn1krnTCQ_0.avi,13,104,119,Fight,0.156475
primary,val/Val_Fight/nVdn1krnTCQ_0.avi,14,112,127,Fight,0.827986
primary,val/Val_Fight/nVdn1krnTCQ_0.avi,15,120,135,Fight,0.947723
primary,val/Val_Fight/nVdn1krnTCQ_0.avi,16,128,143,Fight,0.999558
primary,val/Val_Fight/nVdn1krnTCQ_1.avi,0,0,15,Fight,0.999442
primary,val/Val_Fight/nVdn1krnTCQ_1.avi,1,8,23,Fight,0.998301
primary,val/Val_Fight/nVdn1krnTCQ_1.avi,2,16,31,Fight,0.999745
primary,val/Val_Fight/nVdn1krnTCQ_1.avi,3,24,39,Fight,0.999994
primary,val/Val_Fight/nVdn1krnTCQ_1.avi,4,32,47,Fight,0.999947
primary,val/Val_Fight/nVdn1krnTCQ_1.avi,5,40,55,Fight,0.999708
primary,val/Val_Fight/nVdn1krnTCQ_1.avi,6,48,63,Fight,0.999444
primary,val/Val_Fight/nVdn1krnTCQ_1.avi,7,56,71,Fight,0.945733
primary,val/Val_Fight/nVdn1krnTCQ_1.avi,8,64,79,Fight,0.994216
primary,val/Val_Fight/nVdn1krnTCQ_1.avi,9,72,87,Fight,0.998167
primary,val/Val_Fight/nVdn1krnTCQ_1.avi,10,80,95,Fight,0.996702
primary,val/Val_Fight/nVdn1krnTCQ_1.avi,11,88,103,Fight,0.997510
primary,val/Val_Fight/nVdn1krnTCQ_1.avi,12,96,111,Fight,0.837665
primary,val/Val_Fight/nVdn1krnTCQ_1.avi,13,104,119,Fight,0.632801
primary,val/Val_Fight/nVdn1krnTCQ_1.avi,14,112,127,Fight,0.984470
primary,val/Val_Fight/nVdn1krnTCQ_1.avi,15,120,135,Fight,0.875696
primary,val/Val_Fight/nVdn1krnTCQ_1.avi,16,128,143,Fight,0.997648
primary,val/Val_Fight/nVdn1krnTCQ_2.avi,0,0,15,Fight,0.992935
primary,val/Val_Fight/nVdn1krnTCQ_2.avi,1,8,23,Fight,0.981198
primary,val/Val_Fight/nVdn1krnTCQ_2.avi,2,16,31,Fight,0.982927
primary,val/Val_Fight/nVdn1krnTCQ_2.avi,3,24,39,Fight,0.708977
primary,val/Val_Fight/nVdn1krnTCQ_2.avi,4,32,47,Fight,0.996250
primary,val/Val_Fight/nVdn1krnTCQ_2.avi,5,40,55,Fight,0.983161
primary,val/Val_Fight/nVdn1krnTCQ_2.avi,6,48,63,Fight,0.367838
primary,val/Val_Fight/nVdn1krnTCQ_2.avi,7,56,71,Fight,0.172942
primary,val/Val_Fight/nVdn1krnTCQ_2.avi,8,64,79,Fight,0.062705
primary,val/Val_Fight/nVdn1krnTCQ_2.avi,9,72,87,Fight,0.095517
primary,val/Val_Fight/nVdn1krnTCQ_2.avi,10,80,95,Fight,0.783209
primary,val/Val_Fight/nVdn1krnTCQ_2.avi,11,88,103,Fight,0.531621
primary,val/Val_Fight/nVdn1krnTCQ_2.avi,12,96,111,Fight,0.153661
primary,val/Val_Fight/nVdn1krnTCQ_2.avi,13,104,119,Fight,0.798798
primary,val/Val_Fight/nVdn1krnTCQ_2.avi,14,112,127,Fight,0.854419
primary,val/Val_Fight/nVdn1krnTCQ_2.avi,15,120,135,Fight,0.283478
primary,val/Val_Fight/nVdn1krnTCQ_2.avi,16,128,143,Fight,0.051483
primary,val/Val_Fight/nVdn1krnTCQ_3.avi,0,0,15,Fight,0.003043
primary,val/Val_Fight/nVdn1krnTCQ_3.avi,1,8,23,Fight,0.002451
primary,val/Val_Fight/nVdn1krnTCQ_3.avi,2,16,31,Fight,0.002840
primary,val/Val_Fight/nVdn1krnTCQ_3.avi,3,24,39,Fight,0.002498
primary,val/Val_Fight/nVdn1krnTCQ_3.avi,4,32,47,Fight,0.016008
primary,val/Val_Fight/nVdn1krnTCQ_3.avi,5,40,55,Fight,0.021967
primary,val/Val_Fight/nVdn1krnTCQ_3.avi,6,48,63,Fight,0.099629
primary,val/Val_Fight/nVdn1krnTCQ_3.avi,7,56,71,Fight,0.571348
primary,val/Val_Fight/nVdn1krnTCQ_3.avi,8,64,79,Fight,0.277591
primary,val/Val_Fight/nVdn1krnTCQ_3.avi,9,72,87,Fight,0.058941
primary,val/Val_Fight/nVdn1krnTCQ_3.avi,10,80,95,Fight,0.038586
primary,val/Val_Fight/nVdn1krnTCQ_3.avi,11,88,103,Fight,0.024526
primary,val/Val_Fight/nVdn1krnTCQ_3.avi,12,96,111,Fight,0.044894
primary,val/Val_Fight/nVdn1krnTCQ_3.avi,13,104,119,Fight,0.047222
primary,val/Val_Fight/nVdn1krnTCQ_3.avi,14,112,127,Fight,0.064307
primary,val/Val_Fight/nVdn1krnTCQ_3.avi,15,120,135,Fight,0.048871
primary,val/Val_Fight/nVdn1krnTCQ_3.avi,16,128,143,Fight,0.048994
primary,val/Val_Fight/nVdn1krnTCQ_4.avi,0,0,15,Fight,0.025965
primary,val/Val_Fight/nVdn1krnTCQ_4.avi,1,8,23,Fight,0.077408
primary,val/Val_Fight/nVdn1krnTCQ_4.avi,2,16,31,Fight,0.026902
primary,val/Val_Fight/nVdn1krnTCQ_4.avi,3,24,39,Fight,0.071322
primary,val/Val_Fight/nVdn1krnTCQ_4.avi,4,32,47,Fight,0.167795
primary,val/Val_Fight/nVdn1krnTCQ_4.avi,5,40,55,Fight,0.070638
primary,val/Val_Fight/nVdn1krnTCQ_4.avi,6,48,63,Fight,0.035768
primary,val/Val_Fight/nVdn1krnTCQ_4.avi,7,56,71,Fight,0.047087
primary,val/Val_Fight/nVdn1krnTCQ_4.avi,8,64,79,Fight,0.065763
primary,val/Val_Fight/nVdn1krnTCQ_4.avi,9,72,87,Fight,0.031722
primary,val/Val_Fight/nVdn1krnTCQ_4.avi,10,80,95,Fight,0.107802
primary,val/Val_Fight/nVdn1krnTCQ_4.avi,11,88,103,Fight,0.242802
primary,val/Val_Fight/nVdn1krnTCQ_4.avi,12,96,111,Fight,0.076801
primary,val/Val_Fight/nVdn1krnTCQ_4.avi,13,104,119,Fight,0.020210
primary,val/Val_Fight/nVdn1krnTCQ_4.avi,14,112,127,Fight,0.015470
primary,val/Val_Fight/nVdn1krnTCQ_4.avi,15,120,135,Fight,0.006029
primary,val/Val_Fight/nVdn1krnTCQ_4.avi,16,128,143,Fight,0.021561
primary,val/Val_Fight/nVdn1krnTCQ_6.avi,0,0,15,Fight,0.006303
primary,val/Val_Fight/nVdn1krnTCQ_6.avi,1,8,23,Fight,0.004043
primary,val/Val_Fight/nVdn1krnTCQ_6.avi,2,16,31,Fight,0.003044
primary,val/Val_Fight/nVdn1krnTCQ_6.avi,3,24,39,Fight,0.003578
primary,val/Val_Fight/nVdn1krnTCQ_6.avi,4,32,47,Fight,0.004824
primary,val/Val_Fight/nVdn1krnTCQ_6.avi,5,40,55,Fight,0.025052
primary,val/Val_Fight/nVdn1krnTCQ_6.avi,6,48,63,Fight,0.176014
primary,val/Val_Fight/nVdn1krnTCQ_6.avi,7,56,71,Fight,0.105875
primary,val/Val_Fight/nVdn1krnTCQ_6.avi,8,64,79,Fight,0.008927
primary,val/Val_Fight/nVdn1krnTCQ_6.avi,9,72,87,Fight,0.143947
primary,val/Val_Fight/nVdn1krnTCQ_6.avi,10,80,95,Fight,0.247408
primary,val/Val_Fight/nVdn1krnTCQ_6.avi,11,88,103,Fight,0.040374
primary,val/Val_Fight/nVdn1krnTCQ_6.avi,12,96,111,Fight,0.050665
primary,val/Val_Fight/nVdn1krnTCQ_6.avi,13,104,119,Fight,0.045537
primary,val/Val_Fight/nVdn1krnTCQ_6.avi,14,112,127,Fight,0.017810
primary,val/Val_Fight/nVdn1krnTCQ_6.avi,15,120,135,Fight,0.015424
primary,val/Val_Fight/nVdn1krnTCQ_6.avi,16,128,143,Fight,0.010578
primary,val/Val_Fight/nuf-d5GugL0_0.avi,0,0,15,Fight,0.941109
primary,val/Val_Fight/nuf-d5GugL0_0.avi,1,8,23,Fight,0.601804
primary,val/Val_Fight/nuf-d5GugL0_0.avi,2,16,31,Fight,0.028522
primary,val/Val_Fight/nuf-d5GugL0_0.avi,3,24,39,Fight,0.026205
primary,val/Val_Fight/nuf-d5GugL0_0.avi,4,32,47,Fight,0.036770
primary,val/Val_Fight/nuf-d5GugL0_0.avi,5,40,55,Fight,0.004814
primary,val/Val_Fight/nuf-d5GugL0_0.avi,6,48,63,Fight,0.005756
primary,val/Val_Fight/nuf-d5GugL0_0.avi,7,56,71,Fight,0.002885
primary,val/Val_Fight/nuf-d5GugL0_0.avi,8,64,79,Fight,0.016801
primary,val/Val_Fight/nuf-d5GugL0_0.avi,9,72,87,Fight,0.041689
primary,val/Val_Fight/nuf-d5GugL0_0.avi,10,80,95,Fight,0.012025
primary,val/Val_Fight/nuf-d5GugL0_0.avi,11,88,103,Fight,0.019780
primary,val/Val_Fight/nuf-d5GugL0_0.avi,12,96,111,Fight,0.643891
primary,val/Val_Fight/nuf-d5GugL0_0.avi,13,104,119,Fight,0.211918
primary,val/Val_Fight/nuf-d5GugL0_0.avi,14,112,127,Fight,0.036820
primary,val/Val_Fight/nuf-d5GugL0_0.avi,15,120,135,Fight,0.091615
primary,val/Val_Fight/nuf-d5GugL0_0.avi,16,128,143,Fight,0.498800
primary,val/Val_Fight/nuf-d5GugL0_1.avi,0,0,15,Fight,0.174864
primary,val/Val_Fight/nuf-d5GugL0_1.avi,1,8,23,Fight,0.068757
primary,val/Val_Fight/nuf-d5GugL0_1.avi,2,16,31,Fight,0.091340
primary,val/Val_Fight/nuf-d5GugL0_1.avi,3,24,39,Fight,0.215679
primary,val/Val_Fight/nuf-d5GugL0_1.avi,4,32,47,Fight,0.074244
primary,val/Val_Fight/nuf-d5GugL0_1.avi,5,40,55,Fight,0.068169
primary,val/Val_Fight/nuf-d5GugL0_1.avi,6,48,63,Fight,0.092098
primary,val/Val_Fight/nuf-d5GugL0_1.avi,7,56,71,Fight,0.446222
primary,val/Val_Fight/nuf-d5GugL0_1.avi,8,64,79,Fight,0.244771
primary,val/Val_Fight/nuf-d5GugL0_1.avi,9,72,87,Fight,0.135566
primary,val/Val_Fight/nuf-d5GugL0_1.avi,10,80,95,Fight,0.222582
primary,val/Val_Fight/nuf-d5GugL0_1.avi,11,88,103,Fight,0.449837
primary,val/Val_Fight/nuf-d5GugL0_1.avi,12,96,111,Fight,0.752501
primary,val/Val_Fight/nuf-d5GugL0_1.avi,13,104,119,Fight,0.245195
primary,val/Val_Fight/nuf-d5GugL0_1.avi,14,112,127,Fight,0.106777
primary,val/Val_Fight/nuf-d5GugL0_1.avi,15,120,135,Fight,0.345093
primary,val/Val_Fight/nuf-d5GugL0_1.avi,16,128,143,Fight,0.971238
primary,val/Val_Fight/nuf-d5GugL0_10.avi,0,0,15,Fight,0.998475
primary,val/Val_Fight/nuf-d5GugL0_10.avi,1,8,23,Fight,0.191284
primary,val/Val_Fight/nuf-d5GugL0_10.avi,2,16,31,Fight,0.818592
primary,val/Val_Fight/nuf-d5GugL0_10.avi,3,24,39,Fight,0.397477
primary,val/Val_Fight/nuf-d5GugL0_10.avi,4,32,47,Fight,0.255874
primary,val/Val_Fight/nuf-d5GugL0_10.avi,5,40,55,Fight,0.380120
primary,val/Val_Fight/nuf-d5GugL0_10.avi,6,48,63,Fight,0.664800
primary,val/Val_Fight/nuf-d5GugL0_10.avi,7,56,71,Fight,0.181894
primary,val/Val_Fight/nuf-d5GugL0_10.avi,8,64,79,Fight,0.518055
primary,val/Val_Fight/nuf-d5GugL0_10.avi,9,72,87,Fight,0.728830
primary,val/Val_Fight/nuf-d5GugL0_10.avi,10,80,95,Fight,0.517515
primary,val/Val_Fight/nuf-d5GugL0_10.avi,11,88,103,Fight,0.974955
primary,val/Val_Fight/nuf-d5GugL0_10.avi,12,96,111,Fight,0.991545
primary,val/Val_Fight/nuf-d5GugL0_10.avi,13,104,119,Fight,0.783533
primary,val/Val_Fight/nuf-d5GugL0_10.avi,14,112,127,Fight,0.918613
primary,val/Val_Fight/nuf-d5GugL0_10.avi,15,120,135,Fight,0.996125
primary,val/Val_Fight/nuf-d5GugL0_10.avi,16,128,143,Fight,0.998809
primary,val/Val_Fight/nuf-d5GugL0_2.avi,0,0,15,Fight,0.041155
primary,val/Val_Fight/nuf-d5GugL0_2.avi,1,8,23,Fight,0.094634
primary,val/Val_Fight/nuf-d5GugL0_2.avi,2,16,31,Fight,0.017673
primary,val/Val_Fight/nuf-d5GugL0_2.avi,3,24,39,Fight,0.464608
primary,val/Val_Fight/nuf-d5GugL0_2.avi,4,32,47,Fight,0.036688
primary,val/Val_Fight/nuf-d5GugL0_2.avi,5,40,55,Fight,0.036014
primary,val/Val_Fight/nuf-d5GugL0_2.avi,6,48,63,Fight,0.404539
primary,val/Val_Fight/nuf-d5GugL0_2.avi,7,56,71,Fight,0.157376
primary,val/Val_Fight/nuf-d5GugL0_2.avi,8,64,79,Fight,0.370007
primary,val/Val_Fight/nuf-d5GugL0_2.avi,9,72,87,Fight,0.258735
primary,val/Val_Fight/nuf-d5GugL0_2.avi,10,80,95,Fight,0.431001
primary,val/Val_Fight/nuf-d5GugL0_2.avi,11,88,103,Fight,0.209219
primary,val/Val_Fight/nuf-d5GugL0_2.avi,12,96,111,Fight,0.353254
primary,val/Val_Fight/nuf-d5GugL0_2.avi,13,104,119,Fight,0.983007
primary,val/Val_Fight/nuf-d5GugL0_2.avi,14,112,127,Fight,0.586802
primary,val/Val_Fight/nuf-d5GugL0_2.avi,15,120,135,Fight,0.317015
primary,val/Val_Fight/nuf-d5GugL0_2.avi,16,128,143,Fight,0.121540
primary,val/Val_Fight/nuf-d5GugL0_3.avi,0,0,15,Fight,0.975200
primary,val/Val_Fight/nuf-d5GugL0_3.avi,1,8,23,Fight,0.370689
primary,val/Val_Fight/nuf-d5GugL0_3.avi,2,16,31,Fight,0.135073
primary,val/Val_Fight/nuf-d5GugL0_3.avi,3,24,39,Fight,0.098025
primary,val/Val_Fight/nuf-d5GugL0_3.avi,4,32,47,Fight,0.348954
primary,val/Val_Fight/nuf-d5GugL0_3.avi,5,40,55,Fight,0.991379
primary,val/Val_Fight/nuf-d5GugL0_3.avi,6,48,63,Fight,0.929170
primary,val/Val_Fight/nuf-d5GugL0_3.avi,7,56,71,Fight,0.137710
primary,val/Val_Fight/nuf-d5GugL0_3.avi,8,64,79,Fight,0.281756
primary,val/Val_Fight/nuf-d5GugL0_3.avi,9,72,87,Fight,0.120504
primary,val/Val_Fight/nuf-d5GugL0_3.avi,10,80,95,Fight,0.002922
primary,val/Val_Fight/nuf-d5GugL0_3.avi,11,88,103,Fight,0.051882
primary,val/Val_Fight/nuf-d5GugL0_3.avi,12,96,111,Fight,0.333179
primary,val/Val_Fight/nuf-d5GugL0_3.avi,13,104,119,Fight,0.543842
primary,val/Val_Fight/nuf-d5GugL0_3.avi,14,112,127,Fight,0.913278
primary,val/Val_Fight/nuf-d5GugL0_3.avi,15,120,135,Fight,0.255264
primary,val/Val_Fight/nuf-d5GugL0_3.avi,16,128,143,Fight,0.644931
primary,val/Val_Fight/nuf-d5GugL0_4.avi,0,0,15,Fight,0.318291
primary,val/Val_Fight/nuf-d5GugL0_4.avi,1,8,23,Fight,0.228103
primary,val/Val_Fight/nuf-d5GugL0_4.avi,2,16,31,Fight,0.320660
primary,val/Val_Fight/nuf-d5GugL0_4.avi,3,24,39,Fight,0.716954
primary,val/Val_Fight/nuf-d5GugL0_4.avi,4,32,47,Fight,0.404722
primary,val/Val_Fight/nuf-d5GugL0_4.avi,5,40,55,Fight,0.973657
primary,val/Val_Fight/nuf-d5GugL0_4.avi,6,48,63,Fight,0.196587
primary,val/Val_Fight/nuf-d5GugL0_4.avi,7,56,71,Fight,0.013793
primary,val/Val_Fight/nuf-d5GugL0_4.avi,8,64,79,Fight,0.129946
primary,val/Val_Fight/nuf-d5GugL0_4.avi,9,72,87,Fight,0.007193
primary,val/Val_Fight/nuf-d5GugL0_4.avi,10,80,95,Fight,0.084941
primary,val/Val_Fight/nuf-d5GugL0_4.avi,11,88,103,Fight,0.150939
primary,val/Val_Fight/nuf-d5GugL0_4.avi,12,96,111,Fight,0.299855
primary,val/Val_Fight/nuf-d5GugL0_4.avi,13,104,119,Fight,0.709346
primary,val/Val_Fight/nuf-d5GugL0_4.avi,14,112,127,Fight,0.849532
primary,val/Val_Fight/nuf-d5GugL0_4.avi,15,120,135,Fight,0.736877
primary,val/Val_Fight/nuf-d5GugL0_4.avi,16,128,143,Fight,0.987336
primary,val/Val_Fight/nuf-d5GugL0_5.avi,0,0,15,Fight,0.967803
primary,val/Val_Fight/nuf-d5GugL0_5.avi,1,8,23,Fight,0.918023
primary,val/Val_Fight/nuf-d5GugL0_5.avi,2,16,31,Fight,0.180323
primary,val/Val_Fight/nuf-d5GugL0_5.avi,3,24,39,Fight,0.160274
primary,val/Val_Fight/nuf-d5GugL0_5.avi,4,32,47,Fight,0.332546
primary,val/Val_Fight/nuf-d5GugL0_5.avi,5,40,55,Fight,0.130375
primary,val/Val_Fight/nuf-d5GugL0_5.avi,6,48,63,Fight,0.187843
primary,val/Val_Fight/nuf-d5GugL0_5.avi,7,56,71,Fight,0.717097
primary,val/Val_Fight/nuf-d5GugL0_5.avi,8,64,79,Fight,0.885307
primary,val/Val_Fight/nuf-d5GugL0_5.avi,9,72,87,Fight,0.228535
primary,val/Val_Fight/nuf-d5GugL0_5.avi,10,80,95,Fight,0.255714
primary,val/Val_Fight/nuf-d5GugL0_5.avi,11,88,103,Fight,0.451537
primary,val/Val_Fight/nuf-d5GugL0_5.avi,12,96,111,Fight,0.073464
primary,val/Val_Fight/nuf-d5GugL0_5.avi,13,104,119,Fight,0.006973
primary,val/Val_Fight/nuf-d5GugL0_5.avi,14,112,127,Fight,0.057164
primary,val/Val_Fight/nuf-d5GugL0_5.avi,15,120,135,Fight,0.328966
primary,val/Val_Fight/nuf-d5GugL0_5.avi,16,128,143,Fight,0.097432
primary,val/Val_Fight/nuf-d5GugL0_6.avi,0,0,15,Fight,0.100548
primary,val/Val_Fight/nuf-d5GugL0_6.avi,1,8,23,Fight,0.769372
primary,val/Val_Fight/nuf-d5GugL0_6.avi,2,16,31,Fight,0.953121
primary,val/Val_Fight/nuf-d5GugL0_6.avi,3,24,39,Fight,0.937800
primary,val/Val_Fight/nuf-d5GugL0_6.avi,4,32,47,Fight,0.789398
primary,val/Val_Fight/nuf-d5GugL0_6.avi,5,40,55,Fight,0.750067
primary,val/Val_Fight/nuf-d5GugL0_6.avi,6,48,63,Fight,0.930759
primary,val/Val_Fight/nuf-d5GugL0_6.avi,7,56,71,Fight,0.915932
primary,val/Val_Fight/nuf-d5GugL0_6.avi,8,64,79,Fight,0.981471
primary,val/Val_Fight/nuf-d5GugL0_6.avi,9,72,87,Fight,0.095401
primary,val/Val_Fight/nuf-d5GugL0_6.avi,10,80,95,Fight,0.232610
primary,val/Val_Fight/nuf-d5GugL0_6.avi,11,88,103,Fight,0.772631
primary,val/Val_Fight/nuf-d5GugL0_6.avi,12,96,111,Fight,0.183390
primary,val/Val_Fight/nuf-d5GugL0_6.avi,13,104,119,Fight,0.083768
primary,val/Val_Fight/nuf-d5GugL0_6.avi,14,112,127,Fight,0.042334
primary,val/Val_Fight/nuf-d5GugL0_6.avi,15,120,135,Fight,0.190119
primary,val/Val_Fight/nuf-d5GugL0_6.avi,16,128,143,Fight,0.109065
primary,val/Val_Fight/nuf-d5GugL0_7.avi,0,0,15,Fight,0.765603
primary,val/Val_Fight/nuf-d5GugL0_7.avi,1,8,23,Fight,0.984837
primary,val/Val_Fight/nuf-d5GugL0_7.avi,2,16,31,Fight,0.656427
primary,val/Val_Fight/nuf-d5GugL0_7.avi,3,24,39,Fight,0.567456
primary,val/Val_Fight/nuf-d5GugL0_7.avi,4,32,47,Fight,0.046385
primary,val/Val_Fight/nuf-d5GugL0_7.avi,5,40,55,Fight,0.740209
primary,val/Val_Fight/nuf-d5GugL0_7.avi,6,48,63,Fight,0.997665
primary,val/Val_Fight/nuf-d5GugL0_7.avi,7,56,71,Fight,0.990384
primary,val/Val_Fight/nuf-d5GugL0_7.avi,8,64,79,Fight,0.305445
primary,val/Val_Fight/nuf-d5GugL0_7.avi,9,72,87,Fight,0.106525
primary,val/Val_Fight/nuf-d5GugL0_7.avi,10,80,95,Fight,0.646347
primary,val/Val_Fight/nuf-d5GugL0_7.avi,11,88,103,Fight,0.596443
primary,val/Val_Fight/nuf-d5GugL0_7.avi,12,96,111,Fight,0.127755
primary,val/Val_Fight/nuf-d5GugL0_7.avi,13,104,119,Fight,0.740794
primary,val/Val_Fight/nuf-d5GugL0_7.avi,14,112,127,Fight,0.126933
primary,val/Val_Fight/nuf-d5GugL0_7.avi,15,120,135,Fight,0.896999
primary,val/Val_Fight/nuf-d5GugL0_7.avi,16,128,143,Fight,0.409992
primary,val/Val_Fight/nuf-d5GugL0_9.avi,0,0,15,Fight,0.013904
primary,val/Val_Fight/nuf-d5GugL0_9.avi,1,8,23,Fight,0.050281
primary,val/Val_Fight/nuf-d5GugL0_9.avi,2,16,31,Fight,0.117693
primary,val/Val_Fight/nuf-d5GugL0_9.avi,3,24,39,Fight,0.405358
primary,val/Val_Fight/nuf-d5GugL0_9.avi,4,32,47,Fight,0.455305
primary,val/Val_Fight/nuf-d5GugL0_9.avi,5,40,55,Fight,0.603522
primary,val/Val_Fight/nuf-d5GugL0_9.avi,6,48,63,Fight,0.352954
primary,val/Val_Fight/nuf-d5GugL0_9.avi,7,56,71,Fight,0.349424
primary,val/Val_Fight/nuf-d5GugL0_9.avi,8,64,79,Fight,0.216744
primary,val/Val_Fight/nuf-d5GugL0_9.avi,9,72,87,Fight,0.026094
primary,val/Val_Fight/nuf-d5GugL0_9.avi,10,80,95,Fight,0.036701
primary,val/Val_Fight/nuf-d5GugL0_9.avi,11,88,103,Fight,0.031481
primary,val/Val_Fight/nuf-d5GugL0_9.avi,12,96,111,Fight,0.057574
primary,val/Val_Fight/nuf-d5GugL0_9.avi,13,104,119,Fight,0.040716
primary,val/Val_Fight/nuf-d5GugL0_9.avi,14,112,127,Fight,0.388261
primary,val/Val_Fight/nuf-d5GugL0_9.avi,15,120,135,Fight,0.411923
primary,val/Val_Fight/nuf-d5GugL0_9.avi,16,128,143,Fight,0.482734
primary,val/Val_Fight/qaAclucigpY_0.avi,0,0,15,Fight,0.001984
primary,val/Val_Fight/qaAclucigpY_0.avi,1,8,23,Fight,0.004507
primary,val/Val_Fight/qaAclucigpY_0.avi,2,16,31,Fight,0.002155
primary,val/Val_Fight/qaAclucigpY_0.avi,3,24,39,Fight,0.000545
primary,val/Val_Fight/qaAclucigpY_0.avi,4,32,47,Fight,0.002661
primary,val/Val_Fight/qaAclucigpY_0.avi,5,40,55,Fight,0.002922
primary,val/Val_Fight/qaAclucigpY_0.avi,6,48,63,Fight,0.000782
primary,val/Val_Fight/qaAclucigpY_0.avi,7,56,71,Fight,0.001872
primary,val/Val_Fight/qaAclucigpY_0.avi,8,64,79,Fight,0.003100
primary,val/Val_Fight/qaAclucigpY_0.avi,9,72,87,Fight,0.001685
primary,val/Val_Fight/qaAclucigpY_0.avi,10,80,95,Fight,0.007260
primary,val/Val_Fight/qaAclucigpY_0.avi,11,88,103,Fight,0.020632
primary,val/Val_Fight/qaAclucigpY_0.avi,12,96,111,Fight,0.054005
primary,val/Val_Fight/qaAclucigpY_0.avi,13,104,119,Fight,0.073057
primary,val/Val_Fight/qaAclucigpY_0.avi,14,112,127,Fight,0.073166
primary,val/Val_Fight/qaAclucigpY_0.avi,15,120,135,Fight,0.149677
primary,val/Val_Fight/qaAclucigpY_0.avi,16,128,143,Fight,0.008292
primary,val/Val_Fight/qaAclucigpY_1.avi,0,0,15,Fight,0.047307
primary,val/Val_Fight/qaAclucigpY_1.avi,1,8,23,Fight,0.085869
primary,val/Val_Fight/qaAclucigpY_1.avi,2,16,31,Fight,0.012653
primary,val/Val_Fight/qaAclucigpY_1.avi,3,24,39,Fight,0.071256
primary,val/Val_Fight/qaAclucigpY_1.avi,4,32,47,Fight,0.110375
primary,val/Val_Fight/qaAclucigpY_1.avi,5,40,55,Fight,0.009297
primary,val/Val_Fight/qaAclucigpY_1.avi,6,48,63,Fight,0.028015
primary,val/Val_Fight/qaAclucigpY_1.avi,7,56,71,Fight,0.004866
primary,val/Val_Fight/qaAclucigpY_1.avi,8,64,79,Fight,0.004722
primary,val/Val_Fight/qaAclucigpY_1.avi,9,72,87,Fight,0.067352
primary,val/Val_Fight/qaAclucigpY_1.avi,10,80,95,Fight,0.243947
primary,val/Val_Fight/qaAclucigpY_1.avi,11,88,103,Fight,0.031048
primary,val/Val_Fight/qaAclucigpY_1.avi,12,96,111,Fight,0.023949
primary,val/Val_Fight/qaAclucigpY_1.avi,13,104,119,Fight,0.031074
primary,val/Val_Fight/qaAclucigpY_1.avi,14,112,127,Fight,0.068000
primary,val/Val_Fight/qaAclucigpY_1.avi,15,120,135,Fight,0.036264
primary,val/Val_Fight/qaAclucigpY_1.avi,16,128,143,Fight,0.114117
primary,val/Val_Fight/qaAclucigpY_2.avi,0,0,15,Fight,0.038159
primary,val/Val_Fight/qaAclucigpY_2.avi,1,8,23,Fight,0.010371
primary,val/Val_Fight/qaAclucigpY_2.avi,2,16,31,Fight,0.021465
primary,val/Val_Fight/qaAclucigpY_2.avi,3,24,39,Fight,0.001976
primary,val/Val_Fight/qaAclucigpY_2.avi,4,32,47,Fight,0.000405
primary,val/Val_Fight/qaAclucigpY_2.avi,5,40,55,Fight,0.000802
primary,val/Val_Fight/qaAclucigpY_2.avi,6,48,63,Fight,0.001575
primary,val/Val_Fight/qaAclucigpY_2.avi,7,56,71,Fight,0.002102
primary,val/Val_Fight/qaAclucigpY_2.avi,8,64,79,Fight,0.000197
primary,val/Val_Fight/qaAclucigpY_2.avi,9,72,87,Fight,0.000041
primary,val/Val_Fight/qaAclucigpY_2.avi,10,80,95,Fight,0.000254
primary,val/Val_Fight/qaAclucigpY_2.avi,11,88,103,Fight,0.001074
primary,val/Val_Fight/qaAclucigpY_2.avi,12,96,111,Fight,0.001427
primary,val/Val_Fight/qaAclucigpY_2.avi,13,104,119,Fight,0.007070
primary,val/Val_Fight/qaAclucigpY_2.avi,14,112,127,Fight,0.009371
primary,val/Val_Fight/qaAclucigpY_2.avi,15,120,135,Fight,0.005944
primary,val/Val_Fight/qaAclucigpY_2.avi,16,128,143,Fight,0.001676
primary,val/Val_Fight/qaAclucigpY_3.avi,0,0,15,Fight,0.000352
primary,val/Val_Fight/qaAclucigpY_3.avi,1,8,23,Fight,0.002649
primary,val/Val_Fight/qaAclucigpY_3.avi,2,16,31,Fight,0.002087
primary,val/Val_Fight/qaAclucigpY_3.avi,3,24,39,Fight,0.002969
primary,val/Val_Fight/qaAclucigpY_3.avi,4,32,47,Fight,0.000580
primary,val/Val_Fight/qaAclucigpY_3.avi,5,40,55,Fight,0.000247
primary,val/Val_Fight/qaAclucigpY_3.avi,6,48,63,Fight,0.000715
primary,val/Val_Fight/qaAclucigpY_3.avi,7,56,71,Fight,0.001744
primary,val/Val_Fight/qaAclucigpY_3.avi,8,64,79,Fight,0.002092
primary,val/Val_Fight/qaAclucigpY_3.avi,9,72,87,Fight,0.000968
primary,val/Val_Fight/qaAclucigpY_3.avi,10,80,95,Fight,0.001864
primary,val/Val_Fight/qaAclucigpY_3.avi,11,88,103,Fight,0.001114
primary,val/Val_Fight/qaAclucigpY_3.avi,12,96,111,Fight,0.000898
primary,val/Val_Fight/qaAclucigpY_3.avi,13,104,119,Fight,0.000720
primary,val/Val_Fight/qaAclucigpY_3.avi,14,112,127,Fight,0.001096
primary,val/Val_Fight/qaAclucigpY_3.avi,15,120,135,Fight,0.003861
primary,val/Val_Fight/qaAclucigpY_3.avi,16,128,143,Fight,0.003902
primary,val/Val_Fight/tf_X7GtOGyE_0.avi,0,0,15,Fight,0.003279
primary,val/Val_Fight/tf_X7GtOGyE_0.avi,1,8,23,Fight,0.003352
primary,val/Val_Fight/tf_X7GtOGyE_0.avi,2,16,31,Fight,0.001044
primary,val/Val_Fight/tf_X7GtOGyE_0.avi,3,24,39,Fight,0.000401
primary,val/Val_Fight/tf_X7GtOGyE_0.avi,4,32,47,Fight,0.000896
primary,val/Val_Fight/tf_X7GtOGyE_0.avi,5,40,55,Fight,0.003803
primary,val/Val_Fight/tf_X7GtOGyE_0.avi,6,48,63,Fight,0.016028
primary,val/Val_Fight/tf_X7GtOGyE_0.avi,7,56,71,Fight,0.029751
primary,val/Val_Fight/tf_X7GtOGyE_0.avi,8,64,79,Fight,0.030724
primary,val/Val_Fight/tf_X7GtOGyE_0.avi,9,72,87,Fight,0.041314
primary,val/Val_Fight/tf_X7GtOGyE_0.avi,10,80,95,Fight,0.022918
primary,val/Val_Fight/tf_X7GtOGyE_0.avi,11,88,103,Fight,0.028392
primary,val/Val_Fight/tf_X7GtOGyE_0.avi,12,96,111,Fight,0.249739
primary,val/Val_Fight/tf_X7GtOGyE_0.avi,13,104,119,Fight,0.669577
primary,val/Val_Fight/tf_X7GtOGyE_0.avi,14,112,127,Fight,0.305932
primary,val/Val_Fight/tf_X7GtOGyE_0.avi,15,120,135,Fight,0.198408
primary,val/Val_Fight/tf_X7GtOGyE_0.avi,16,128,143,Fight,0.666060
primary,val/Val_Fight/tf_X7GtOGyE_1.avi,0,0,15,Fight,0.057967
primary,val/Val_Fight/tf_X7GtOGyE_1.avi,1,8,23,Fight,0.139837
primary,val/Val_Fight/tf_X7GtOGyE_1.avi,2,16,31,Fight,0.172073
primary,val/Val_Fight/tf_X7GtOGyE_1.avi,3,24,39,Fight,0.302761
primary,val/Val_Fight/tf_X7GtOGyE_1.avi,4,32,47,Fight,0.175432
primary,val/Val_Fight/tf_X7GtOGyE_1.avi,5,40,55,Fight,0.151417
primary,val/Val_Fight/tf_X7GtOGyE_1.avi,6,48,63,Fight,0.124831
primary,val/Val_Fight/tf_X7GtOGyE_1.avi,7,56,71,Fight,0.167100
primary,val/Val_Fight/tf_X7GtOGyE_1.avi,8,64,79,Fight,0.253038
primary,val/Val_Fight/tf_X7GtOGyE_1.avi,9,72,87,Fight,0.182099
primary,val/Val_Fight/tf_X7GtOGyE_1.avi,10,80,95,Fight,0.095419
primary,val/Val_Fight/tf_X7GtOGyE_1.avi,11,88,103,Fight,0.062653
primary,val/Val_Fight/tf_X7GtOGyE_1.avi,12,96,111,Fight,0.160270
primary,val/Val_Fight/tf_X7GtOGyE_1.avi,13,104,119,Fight,0.057637
primary,val/Val_Fight/tf_X7GtOGyE_1.avi,14,112,127,Fight,0.016285
primary,val/Val_Fight/tf_X7GtOGyE_1.avi,15,120,135,Fight,0.017151
primary,val/Val_Fight/tf_X7GtOGyE_1.avi,16,128,143,Fight,0.036162
primary,val/Val_Fight/tf_X7GtOGyE_2.avi,0,0,15,Fight,0.170007
primary,val/Val_Fight/tf_X7GtOGyE_2.avi,1,8,23,Fight,0.092544
primary,val/Val_Fight/tf_X7GtOGyE_2.avi,2,16,31,Fight,0.189351
primary,val/Val_Fight/tf_X7GtOGyE_2.avi,3,24,39,Fight,0.500105
primary,val/Val_Fight/tf_X7GtOGyE_2.avi,4,32,47,Fight,0.403615
primary,val/Val_Fight/tf_X7GtOGyE_2.avi,5,40,55,Fight,0.333148
primary,val/Val_Fight/tf_X7GtOGyE_2.avi,6,48,63,Fight,0.209056
primary,val/Val_Fight/tf_X7GtOGyE_2.avi,7,56,71,Fight,0.026245
primary,val/Val_Fight/tf_X7GtOGyE_2.avi,8,64,79,Fight,0.153415
primary,val/Val_Fight/tf_X7GtOGyE_2.avi,9,72,87,Fight,0.567356
primary,val/Val_Fight/tf_X7GtOGyE_2.avi,10,80,95,Fight,0.171314
primary,val/Val_Fight/tf_X7GtOGyE_2.avi,11,88,103,Fight,0.493087
primary,val/Val_Fight/tf_X7GtOGyE_2.avi,12,96,111,Fight,0.239858
primary,val/Val_Fight/tf_X7GtOGyE_2.avi,13,104,119,Fight,0.105643
primary,val/Val_Fight/tf_X7GtOGyE_2.avi,14,112,127,Fight,0.025866
primary,val/Val_Fight/tf_X7GtOGyE_2.avi,15,120,135,Fight,0.039478
primary,val/Val_Fight/tf_X7GtOGyE_2.avi,16,128,143,Fight,0.031198
primary,val/Val_Fight/tf_X7GtOGyE_3.avi,0,0,15,Fight,0.008501
primary,val/Val_Fight/tf_X7GtOGyE_3.avi,1,8,23,Fight,0.002025
primary,val/Val_Fight/tf_X7GtOGyE_3.avi,2,16,31,Fight,0.005826
primary,val/Val_Fight/tf_X7GtOGyE_3.avi,3,24,39,Fight,0.008867
primary,val/Val_Fight/tf_X7GtOGyE_3.avi,4,32,47,Fight,0.000968
primary,val/Val_Fight/tf_X7GtOGyE_3.avi,5,40,55,Fight,0.000426
primary,val/Val_Fight/tf_X7GtOGyE_3.avi,6,48,63,Fight,0.001139
primary,val/Val_Fight/tf_X7GtOGyE_3.avi,7,56,71,Fight,0.019844
primary,val/Val_Fight/tf_X7GtOGyE_3.avi,8,64,79,Fight,0.033232
primary,val/Val_Fight/tf_X7GtOGyE_3.avi,9,72,87,Fight,0.085231
primary,val/Val_Fight/tf_X7GtOGyE_3.avi,10,80,95,Fight,0.257002
primary,val/Val_Fight/tf_X7GtOGyE_3.avi,11,88,103,Fight,0.094308
primary,val/Val_Fight/tf_X7GtOGyE_3.avi,12,96,111,Fight,0.023986
primary,val/Val_Fight/tf_X7GtOGyE_3.avi,13,104,119,Fight,0.037175
primary,val/Val_Fight/tf_X7GtOGyE_3.avi,14,112,127,Fight,0.383129
primary,val/Val_Fight/tf_X7GtOGyE_3.avi,15,120,135,Fight,0.285486
primary,val/Val_Fight/tf_X7GtOGyE_3.avi,16,128,143,Fight,0.680800
primary,val/Val_Fight/trtrhrt_1039.avi,0,0,15,Fight,0.027881
primary,val/Val_Fight/trtrhrt_1039.avi,1,8,23,Fight,0.046413
primary,val/Val_Fight/trtrhrt_1039.avi,2,16,31,Fight,0.087117
primary,val/Val_Fight/trtrhrt_1039.avi,3,24,39,Fight,0.076866
primary,val/Val_Fight/trtrhrt_1039.avi,4,32,47,Fight,0.405364
primary,val/Val_Fight/trtrhrt_1039.avi,5,40,55,Fight,0.411890
primary,val/Val_Fight/trtrhrt_1039.avi,6,48,63,Fight,0.175036
primary,val/Val_Fight/trtrhrt_1039.avi,7,56,71,Fight,0.872205
primary,val/Val_Fight/trtrhrt_1039.avi,8,64,79,Fight,0.735376
primary,val/Val_Fight/trtrhrt_1039.avi,9,72,87,Fight,0.323132
primary,val/Val_Fight/trtrhrt_1039.avi,10,80,95,Fight,0.426538
primary,val/Val_Fight/trtrhrt_1039.avi,11,88,103,Fight,0.356053
primary,val/Val_Fight/trtrhrt_1039.avi,12,96,111,Fight,0.302891
primary,val/Val_Fight/trtrhrt_1039.avi,13,104,119,Fight,0.746700
primary,val/Val_Fight/trtrhrt_1039.avi,14,112,127,Fight,0.852807
primary,val/Val_Fight/trtrhrt_1039.avi,15,120,135,Fight,0.984263
primary,val/Val_Fight/trtrhrt_1039.avi,16,128,143,Fight,0.949420
primary,val/Val_Fight/trtrhrt_1040.avi,0,0,15,Fight,0.982000
primary,val/Val_Fight/trtrhrt_1040.avi,1,8,23,Fight,0.702624
primary,val/Val_Fight/trtrhrt_1040.avi,2,16,31,Fight,0.678423
primary,val/Val_Fight/trtrhrt_1040.avi,3,24,39,Fight,0.119189
primary,val/Val_Fight/trtrhrt_1040.avi,4,32,47,Fight,0.257005
primary,val/Val_Fight/trtrhrt_1040.avi,5,40,55,Fight,0.383146
primary,val/Val_Fight/trtrhrt_1040.avi,6,48,63,Fight,0.313681
primary,val/Val_Fight/trtrhrt_1040.avi,7,56,71,Fight,0.506963
primary,val/Val_Fight/trtrhrt_1040.avi,8,64,79,Fight,0.113631
primary,val/Val_Fight/trtrhrt_1040.avi,9,72,87,Fight,0.838331
primary,val/Val_Fight/trtrhrt_1040.avi,10,80,95,Fight,0.999615
primary,val/Val_Fight/trtrhrt_1040.avi,11,88,103,Fight,0.999241
primary,val/Val_Fight/trtrhrt_1040.avi,12,96,111,Fight,0.951424
primary,val/Val_Fight/trtrhrt_1040.avi,13,104,119,Fight,0.115416
primary,val/Val_Fight/trtrhrt_1040.avi,14,112,127,Fight,0.088624
primary,val/Val_Fight/trtrhrt_1040.avi,15,120,135,Fight,0.130278
primary,val/Val_Fight/trtrhrt_1040.avi,16,128,143,Fight,0.112600
primary,val/Val_Fight/trtrhrt_1048.avi,0,0,15,Fight,0.216578
primary,val/Val_Fight/trtrhrt_1048.avi,1,8,23,Fight,0.689539
primary,val/Val_Fight/trtrhrt_1048.avi,2,16,31,Fight,0.311718
primary,val/Val_Fight/trtrhrt_1048.avi,3,24,39,Fight,0.087579
primary,val/Val_Fight/trtrhrt_1048.avi,4,32,47,Fight,0.675546
primary,val/Val_Fight/trtrhrt_1048.avi,5,40,55,Fight,0.544458
primary,val/Val_Fight/trtrhrt_1048.avi,6,48,63,Fight,0.261959
primary,val/Val_Fight/trtrhrt_1048.avi,7,56,71,Fight,0.610234
primary,val/Val_Fight/trtrhrt_1048.avi,8,64,79,Fight,0.934156
primary,val/Val_Fight/trtrhrt_1048.avi,9,72,87,Fight,0.994971
primary,val/Val_Fight/trtrhrt_1048.avi,10,80,95,Fight,0.914928
primary,val/Val_Fight/trtrhrt_1048.avi,11,88,103,Fight,0.989308
primary,val/Val_Fight/trtrhrt_1048.avi,12,96,111,Fight,0.610378
primary,val/Val_Fight/trtrhrt_1048.avi,13,104,119,Fight,0.994234
primary,val/Val_Fight/trtrhrt_1048.avi,14,112,127,Fight,0.924152
primary,val/Val_Fight/trtrhrt_1048.avi,15,120,135,Fight,0.262281
primary,val/Val_Fight/trtrhrt_1048.avi,16,128,143,Fight,0.964811
primary,val/Val_Fight/trtrhrt_1049.avi,0,0,15,Fight,0.999736
primary,val/Val_Fight/trtrhrt_1049.avi,1,8,23,Fight,0.999308
primary,val/Val_Fight/trtrhrt_1049.avi,2,16,31,Fight,0.975743
primary,val/Val_Fight/trtrhrt_1049.avi,3,24,39,Fight,0.932797
primary,val/Val_Fight/trtrhrt_1049.avi,4,32,47,Fight,0.998502
primary,val/Val_Fight/trtrhrt_1049.avi,5,40,55,Fight,0.998515
primary,val/Val_Fight/trtrhrt_1049.avi,6,48,63,Fight,0.999809
primary,val/Val_Fight/trtrhrt_1049.avi,7,56,71,Fight,0.994446
primary,val/Val_Fight/trtrhrt_1049.avi,8,64,79,Fight,0.996231
primary,val/Val_Fight/trtrhrt_1049.avi,9,72,87,Fight,0.915189
primary,val/Val_Fight/trtrhrt_1049.avi,10,80,95,Fight,0.969229
primary,val/Val_Fight/trtrhrt_1049.avi,11,88,103,Fight,0.999985
primary,val/Val_Fight/trtrhrt_1049.avi,12,96,111,Fight,0.999999
primary,val/Val_Fight/trtrhrt_1049.avi,13,104,119,Fight,0.999863
primary,val/Val_Fight/trtrhrt_1049.avi,14,112,127,Fight,0.999718
primary,val/Val_Fight/trtrhrt_1049.avi,15,120,135,Fight,0.992271
primary,val/Val_Fight/trtrhrt_1049.avi,16,128,143,Fight,0.915698
primary,val/Val_Fight/trtrhrt_1050.avi,0,0,15,Fight,0.635443
primary,val/Val_Fight/trtrhrt_1050.avi,1,8,23,Fight,0.992362
primary,val/Val_Fight/trtrhrt_1050.avi,2,16,31,Fight,0.973605
primary,val/Val_Fight/trtrhrt_1050.avi,3,24,39,Fight,0.995741
primary,val/Val_Fight/trtrhrt_1050.avi,4,32,47,Fight,0.546047
primary,val/Val_Fight/trtrhrt_1050.avi,5,40,55,Fight,0.179691
primary,val/Val_Fight/trtrhrt_1050.avi,6,48,63,Fight,0.372939
primary,val/Val_Fight/trtrhrt_1050.avi,7,56,71,Fight,0.784048
primary,val/Val_Fight/trtrhrt_1050.avi,8,64,79,Fight,0.289077
primary,val/Val_Fight/trtrhrt_1050.avi,9,72,87,Fight,0.132960
primary,val/Val_Fight/trtrhrt_1050.avi,10,80,95,Fight,0.835220
primary,val/Val_Fight/trtrhrt_1050.avi,11,88,103,Fight,0.982677
primary,val/Val_Fight/trtrhrt_1050.avi,12,96,111,Fight,0.983179
primary,val/Val_Fight/trtrhrt_1050.avi,13,104,119,Fight,0.673784
primary,val/Val_Fight/trtrhrt_1050.avi,14,112,127,Fight,0.912756
primary,val/Val_Fight/trtrhrt_1050.avi,15,120,135,Fight,0.982569
primary,val/Val_Fight/trtrhrt_1050.avi,16,128,143,Fight,0.858134
primary,val/Val_Fight/trtrhrt_1053.avi,0,0,15,Fight,0.186010
primary,val/Val_Fight/trtrhrt_1053.avi,1,8,23,Fight,0.792149
primary,val/Val_Fight/trtrhrt_1053.avi,2,16,31,Fight,0.953460
primary,val/Val_Fight/trtrhrt_1053.avi,3,24,39,Fight,0.482125
primary,val/Val_Fight/trtrhrt_1053.avi,4,32,47,Fight,0.226846
primary,val/Val_Fight/trtrhrt_1053.avi,5,40,55,Fight,0.463762
primary,val/Val_Fight/trtrhrt_1053.avi,6,48,63,Fight,0.713589
primary,val/Val_Fight/trtrhrt_1053.avi,7,56,71,Fight,0.011129
primary,val/Val_Fight/trtrhrt_1053.avi,8,64,79,Fight,0.083903
primary,val/Val_Fight/trtrhrt_1053.avi,9,72,87,Fight,0.989321
primary,val/Val_Fight/trtrhrt_1053.avi,10,80,95,Fight,0.580927
primary,val/Val_Fight/trtrhrt_1053.avi,11,88,103,Fight,0.154602
primary,val/Val_Fight/trtrhrt_1053.avi,12,96,111,Fight,0.101821
primary,val/Val_Fight/trtrhrt_1053.avi,13,104,119,Fight,0.223688
primary,val/Val_Fight/trtrhrt_1053.avi,14,112,127,Fight,0.142508
primary,val/Val_Fight/trtrhrt_1053.avi,15,120,135,Fight,0.585606
primary,val/Val_Fight/trtrhrt_1053.avi,16,128,143,Fight,0.743351
primary,val/Val_Fight/trtrhrt_1054.avi,0,0,15,Fight,0.796128
primary,val/Val_Fight/trtrhrt_1054.avi,1,8,23,Fight,0.729950
primary,val/Val_Fight/trtrhrt_1054.avi,2,16,31,Fight,0.123765
primary,val/Val_Fight/trtrhrt_1054.avi,3,24,39,Fight,0.092719
primary,val/Val_Fight/trtrhrt_1054.avi,4,32,47,Fight,0.070279
primary,val/Val_Fight/trtrhrt_1054.avi,5,40,55,Fight,0.165985
primary,val/Val_Fight/trtrhrt_1054.avi,6,48,63,Fight,0.162368
primary,val/Val_Fight/trtrhrt_1054.avi,7,56,71,Fight,0.120569
primary,val/Val_Fight/trtrhrt_1054.avi,8,64,79,Fight,0.049719
primary,val/Val_Fight/trtrhrt_1054.avi,9,72,87,Fight,0.062041
primary,val/Val_Fight/trtrhrt_1054.avi,10,80,95,Fight,0.060853
primary,val/Val_Fight/trtrhrt_1054.avi,11,88,103,Fight,0.240645
primary,val/Val_Fight/trtrhrt_1054.avi,12,96,111,Fight,0.103026
primary,val/Val_Fight/trtrhrt_1054.avi,13,104,119,Fight,0.413278
primary,val/Val_Fight/trtrhrt_1054.avi,14,112,127,Fight,0.234709
primary,val/Val_Fight/trtrhrt_1054.avi,15,120,135,Fight,0.963419
primary,val/Val_Fight/trtrhrt_1054.avi,16,128,143,Fight,0.999942
primary,val/Val_Fight/v4dhdnsxiX4_0.avi,0,0,15,Fight,0.132011
primary,val/Val_Fight/v4dhdnsxiX4_0.avi,1,8,23,Fight,0.196009
primary,val/Val_Fight/v4dhdnsxiX4_0.avi,2,16,31,Fight,0.081690
primary,val/Val_Fight/v4dhdnsxiX4_0.avi,3,24,39,Fight,0.708843
primary,val/Val_Fight/v4dhdnsxiX4_0.avi,4,32,47,Fight,0.234580
primary,val/Val_Fight/v4dhdnsxiX4_0.avi,5,40,55,Fight,0.564302
primary,val/Val_Fight/v4dhdnsxiX4_0.avi,6,48,63,Fight,0.520868
primary,val/Val_Fight/v4dhdnsxiX4_0.avi,7,56,71,Fight,0.210601
primary,val/Val_Fight/v4dhdnsxiX4_0.avi,8,64,79,Fight,0.089274
primary,val/Val_Fight/v4dhdnsxiX4_0.avi,9,72,87,Fight,0.060972
primary,val/Val_Fight/v4dhdnsxiX4_0.avi,10,80,95,Fight,0.068903
primary,val/Val_Fight/v4dhdnsxiX4_0.avi,11,88,103,Fight,0.484226
primary,val/Val_Fight/v4dhdnsxiX4_0.avi,12,96,111,Fight,0.695734
primary,val/Val_Fight/v4dhdnsxiX4_0.avi,13,104,119,Fight,0.803963
primary,val/Val_Fight/v4dhdnsxiX4_0.avi,14,112,127,Fight,0.718650
primary,val/Val_Fight/v4dhdnsxiX4_0.avi,15,120,135,Fight,0.873663
primary,val/Val_Fight/v4dhdnsxiX4_0.avi,16,128,143,Fight,0.741737
primary,val/Val_Fight/v4dhdnsxiX4_1.avi,0,0,15,Fight,0.899002
primary,val/Val_Fight/v4dhdnsxiX4_1.avi,1,8,23,Fight,0.999263
primary,val/Val_Fight/v4dhdnsxiX4_1.avi,2,16,31,Fight,0.997820
primary,val/Val_Fight/v4dhdnsxiX4_1.avi,3,24,39,Fight,0.974299
primary,val/Val_Fight/v4dhdnsxiX4_1.avi,4,32,47,Fight,0.613470
primary,val/Val_Fight/v4dhdnsxiX4_1.avi,5,40,55,Fight,0.842300
primary,val/Val_Fight/v4dhdnsxiX4_1.avi,6,48,63,Fight,0.951463
primary,val/Val_Fight/v4dhdnsxiX4_1.avi,7,56,71,Fight,0.334582
primary,val/Val_Fight/v4dhdnsxiX4_1.avi,8,64,79,Fight,0.376748
primary,val/Val_Fight/v4dhdnsxiX4_1.avi,9,72,87,Fight,0.627145
primary,val/Val_Fight/v4dhdnsxiX4_1.avi,10,80,95,Fight,0.996796
primary,val/Val_Fight/v4dhdnsxiX4_1.avi,11,88,103,Fight,0.984411
primary,val/Val_Fight/v4dhdnsxiX4_1.avi,12,96,111,Fight,0.992865
primary,val/Val_Fight/v4dhdnsxiX4_1.avi,13,104,119,Fight,0.968341
primary,val/Val_Fight/v4dhdnsxiX4_1.avi,14,112,127,Fight,0.991936
primary,val/Val_Fight/v4dhdnsxiX4_1.avi,15,120,135,Fight,0.469543
primary,val/Val_Fight/v4dhdnsxiX4_1.avi,16,128,143,Fight,0.982611
primary,val/Val_Fight/v4dhdnsxiX4_2.avi,0,0,15,Fight,0.986054
primary,val/Val_Fight/v4dhdnsxiX4_2.avi,1,8,23,Fight,0.994373
primary,val/Val_Fight/v4dhdnsxiX4_2.avi,2,16,31,Fight,0.999368
primary,val/Val_Fight/v4dhdnsxiX4_2.avi,3,24,39,Fight,0.999498
primary,val/Val_Fight/v4dhdnsxiX4_2.avi,4,32,47,Fight,0.998505
primary,val/Val_Fight/v4dhdnsxiX4_2.avi,5,40,55,Fight,0.994887
primary,val/Val_Fight/v4dhdnsxiX4_2.avi,6,48,63,Fight,0.433130
primary,val/Val_Fight/v4dhdnsxiX4_2.avi,7,56,71,Fight,0.512356
primary,val/Val_Fight/v4dhdnsxiX4_2.avi,8,64,79,Fight,0.969659
primary,val/Val_Fight/v4dhdnsxiX4_2.avi,9,72,87,Fight,0.921793
primary,val/Val_Fight/v4dhdnsxiX4_2.avi,10,80,95,Fight,0.997319
primary,val/Val_Fight/v4dhdnsxiX4_2.avi,11,88,103,Fight,0.550765
primary,val/Val_Fight/v4dhdnsxiX4_2.avi,12,96,111,Fight,0.207786
primary,val/Val_Fight/v4dhdnsxiX4_2.avi,13,104,119,Fight,0.895034
primary,val/Val_Fight/v4dhdnsxiX4_2.avi,14,112,127,Fight,0.716352
primary,val/Val_Fight/v4dhdnsxiX4_2.avi,15,120,135,Fight,0.977507
primary,val/Val_Fight/v4dhdnsxiX4_2.avi,16,128,143,Fight,0.968804
primary,val/Val_Fight/v4dhdnsxiX4_3.avi,0,0,15,Fight,0.783822
primary,val/Val_Fight/v4dhdnsxiX4_3.avi,1,8,23,Fight,0.917986
primary,val/Val_Fight/v4dhdnsxiX4_3.avi,2,16,31,Fight,0.766223
primary,val/Val_Fight/v4dhdnsxiX4_3.avi,3,24,39,Fight,0.767902
primary,val/Val_Fight/v4dhdnsxiX4_3.avi,4,32,47,Fight,0.562456
primary,val/Val_Fight/v4dhdnsxiX4_3.avi,5,40,55,Fight,0.580650
primary,val/Val_Fight/v4dhdnsxiX4_3.avi,6,48,63,Fight,0.134128
primary,val/Val_Fight/v4dhdnsxiX4_3.avi,7,56,71,Fight,0.197006
primary,val/Val_Fight/v4dhdnsxiX4_3.avi,8,64,79,Fight,0.332747
primary,val/Val_Fight/v4dhdnsxiX4_3.avi,9,72,87,Fight,0.941794
primary,val/Val_Fight/v4dhdnsxiX4_3.avi,10,80,95,Fight,0.914193
primary,val/Val_Fight/v4dhdnsxiX4_3.avi,11,88,103,Fight,0.551367
primary,val/Val_Fight/v4dhdnsxiX4_3.avi,12,96,111,Fight,0.465840
primary,val/Val_Fight/v4dhdnsxiX4_3.avi,13,104,119,Fight,0.097934
primary,val/Val_Fight/v4dhdnsxiX4_3.avi,14,112,127,Fight,0.275894
primary,val/Val_Fight/v4dhdnsxiX4_3.avi,15,120,135,Fight,0.316304
primary,val/Val_Fight/v4dhdnsxiX4_3.avi,16,128,143,Fight,0.826979
primary,val/Val_Fight/xDjgfhGt-YA_0.avi,0,0,15,Fight,0.096549
primary,val/Val_Fight/xDjgfhGt-YA_0.avi,1,8,23,Fight,0.058933
primary,val/Val_Fight/xDjgfhGt-YA_0.avi,2,16,31,Fight,0.141814
primary,val/Val_Fight/xDjgfhGt-YA_0.avi,3,24,39,Fight,0.257489
primary,val/Val_Fight/xDjgfhGt-YA_0.avi,4,32,47,Fight,0.116236
primary,val/Val_Fight/xDjgfhGt-YA_0.avi,5,40,55,Fight,0.051399
primary,val/Val_Fight/xDjgfhGt-YA_0.avi,6,48,63,Fight,0.069228
primary,val/Val_Fight/xDjgfhGt-YA_0.avi,7,56,71,Fight,0.100601
primary,val/Val_Fight/xDjgfhGt-YA_0.avi,8,64,79,Fight,0.135986
primary,val/Val_Fight/xDjgfhGt-YA_0.avi,9,72,87,Fight,0.210395
primary,val/Val_Fight/xDjgfhGt-YA_0.avi,10,80,95,Fight,0.298688
primary,val/Val_Fight/xDjgfhGt-YA_0.avi,11,88,103,Fight,0.195749
primary,val/Val_Fight/xDjgfhGt-YA_0.avi,12,96,111,Fight,0.085361
primary,val/Val_Fight/xDjgfhGt-YA_0.avi,13,104,119,Fight,0.223088
primary,val/Val_Fight/xDjgfhGt-YA_0.avi,14,112,127,Fight,0.215686
primary,val/Val_Fight/xDjgfhGt-YA_0.avi,15,120,135,Fight,0.335586
primary,val/Val_Fight/xDjgfhGt-YA_0.avi,16,128,143,Fight,0.692591
primary,val/Val_Fight/y_vX9FtjLaQ_0.avi,0,0,15,Fight,0.001201
primary,val/Val_Fight/y_vX9FtjLaQ_0.avi,1,8,23,Fight,0.001683
primary,val/Val_Fight/y_vX9FtjLaQ_0.avi,2,16,31,Fight,0.388297
primary,val/Val_Fight/y_vX9FtjLaQ_0.avi,3,24,39,Fight,0.329819
primary,val/Val_Fight/y_vX9FtjLaQ_0.avi,4,32,47,Fight,0.763104
primary,val/Val_Fight/y_vX9FtjLaQ_0.avi,5,40,55,Fight,0.136731
primary,val/Val_Fight/y_vX9FtjLaQ_0.avi,6,48,63,Fight,0.020638
primary,val/Val_Fight/y_vX9FtjLaQ_0.avi,7,56,71,Fight,0.001540
primary,val/Val_Fight/y_vX9FtjLaQ_0.avi,8,64,79,Fight,0.013341
primary,val/Val_Fight/y_vX9FtjLaQ_0.avi,9,72,87,Fight,0.071702
primary,val/Val_Fight/y_vX9FtjLaQ_0.avi,10,80,95,Fight,0.019830
primary,val/Val_Fight/y_vX9FtjLaQ_0.avi,11,88,103,Fight,0.039111
primary,val/Val_Fight/y_vX9FtjLaQ_0.avi,12,96,111,Fight,0.041877
primary,val/Val_Fight/y_vX9FtjLaQ_0.avi,13,104,119,Fight,0.129603
primary,val/Val_Fight/y_vX9FtjLaQ_0.avi,14,112,127,Fight,0.025149
primary,val/Val_Fight/y_vX9FtjLaQ_0.avi,15,120,135,Fight,0.274367
primary,val/Val_Fight/y_vX9FtjLaQ_0.avi,16,128,143,Fight,0.016098
primary,val/Val_Fight/y_vX9FtjLaQ_1.avi,0,0,15,Fight,0.008156
primary,val/Val_Fight/y_vX9FtjLaQ_1.avi,1,8,23,Fight,0.378900
primary,val/Val_Fight/y_vX9FtjLaQ_1.avi,2,16,31,Fight,0.367743
primary,val/Val_Fight/y_vX9FtjLaQ_1.avi,3,24,39,Fight,0.020796
primary,val/Val_Fight/y_vX9FtjLaQ_1.avi,4,32,47,Fight,0.044930
primary,val/Val_Fight/y_vX9FtjLaQ_1.avi,5,40,55,Fight,0.380150
primary,val/Val_Fight/y_vX9FtjLaQ_1.avi,6,48,63,Fight,0.018577
primary,val/Val_Fight/y_vX9FtjLaQ_1.avi,7,56,71,Fight,0.001184
primary,val/Val_Fight/y_vX9FtjLaQ_1.avi,8,64,79,Fight,0.001601
primary,val/Val_Fight/y_vX9FtjLaQ_1.avi,9,72,87,Fight,0.001884
primary,val/Val_Fight/y_vX9FtjLaQ_1.avi,10,80,95,Fight,0.000207
primary,val/Val_Fight/y_vX9FtjLaQ_1.avi,11,88,103,Fight,0.000447
primary,val/Val_Fight/y_vX9FtjLaQ_1.avi,12,96,111,Fight,0.001267
primary,val/Val_Fight/y_vX9FtjLaQ_1.avi,13,104,119,Fight,0.000698
primary,val/Val_Fight/y_vX9FtjLaQ_1.avi,14,112,127,Fight,0.000472
primary,val/Val_Fight/y_vX9FtjLaQ_1.avi,15,120,135,Fight,0.000437
primary,val/Val_Fight/y_vX9FtjLaQ_1.avi,16,128,143,Fight,0.007719
primary,val/Val_Fight/y_vX9FtjLaQ_2.avi,0,0,15,Fight,0.032330
primary,val/Val_Fight/y_vX9FtjLaQ_2.avi,1,8,23,Fight,0.175072
primary,val/Val_Fight/y_vX9FtjLaQ_2.avi,2,16,31,Fight,0.567514
primary,val/Val_Fight/y_vX9FtjLaQ_2.avi,3,24,39,Fight,0.093635
primary,val/Val_Fight/y_vX9FtjLaQ_2.avi,4,32,47,Fight,0.013693
primary,val/Val_Fight/y_vX9FtjLaQ_2.avi,5,40,55,Fight,0.059112
primary,val/Val_Fight/y_vX9FtjLaQ_2.avi,6,48,63,Fight,0.164127
primary,val/Val_Fight/y_vX9FtjLaQ_2.avi,7,56,71,Fight,0.083984
primary,val/Val_Fight/y_vX9FtjLaQ_2.avi,8,64,79,Fight,0.004715
primary,val/Val_Fight/y_vX9FtjLaQ_2.avi,9,72,87,Fight,0.098970
primary,val/Val_Fight/y_vX9FtjLaQ_2.avi,10,80,95,Fight,0.011948
primary,val/Val_Fight/y_vX9FtjLaQ_2.avi,11,88,103,Fight,0.010082
primary,val/Val_Fight/y_vX9FtjLaQ_2.avi,12,96,111,Fight,0.005968
primary,val/Val_Fight/y_vX9FtjLaQ_2.avi,13,104,119,Fight,0.165972
primary,val/Val_Fight/y_vX9FtjLaQ_2.avi,14,112,127,Fight,0.239549
primary,val/Val_Fight/y_vX9FtjLaQ_2.avi,15,120,135,Fight,0.365372
primary,val/Val_Fight/y_vX9FtjLaQ_2.avi,16,128,143,Fight,0.955500
primary,val/Val_Fight/y_vX9FtjLaQ_3.avi,0,0,15,Fight,0.174805
primary,val/Val_Fight/y_vX9FtjLaQ_3.avi,1,8,23,Fight,0.011619
primary,val/Val_Fight/y_vX9FtjLaQ_3.avi,2,16,31,Fight,0.022956
primary,val/Val_Fight/y_vX9FtjLaQ_3.avi,3,24,39,Fight,0.002842
primary,val/Val_Fight/y_vX9FtjLaQ_3.avi,4,32,47,Fight,0.002629
primary,val/Val_Fight/y_vX9FtjLaQ_3.avi,5,40,55,Fight,0.001956
primary,val/Val_Fight/y_vX9FtjLaQ_3.avi,6,48,63,Fight,0.002495
primary,val/Val_Fight/y_vX9FtjLaQ_3.avi,7,56,71,Fight,0.001014
primary,val/Val_Fight/y_vX9FtjLaQ_3.avi,8,64,79,Fight,0.003587
primary,val/Val_Fight/y_vX9FtjLaQ_3.avi,9,72,87,Fight,0.005661
primary,val/Val_Fight/y_vX9FtjLaQ_3.avi,10,80,95,Fight,0.003293
primary,val/Val_Fight/y_vX9FtjLaQ_3.avi,11,88,103,Fight,0.001660
primary,val/Val_Fight/y_vX9FtjLaQ_3.avi,12,96,111,Fight,0.001241
primary,val/Val_Fight/y_vX9FtjLaQ_3.avi,13,104,119,Fight,0.005549
primary,val/Val_Fight/y_vX9FtjLaQ_3.avi,14,112,127,Fight,0.003388
primary,val/Val_Fight/y_vX9FtjLaQ_3.avi,15,120,135,Fight,0.001817
primary,val/Val_Fight/y_vX9FtjLaQ_3.avi,16,128,143,Fight,0.001972
primary,val/Val_Fight/y_vX9FtjLaQ_4.avi,0,0,15,Fight,0.003819
primary,val/Val_Fight/y_vX9FtjLaQ_4.avi,1,8,23,Fight,0.005498
primary,val/Val_Fight/y_vX9FtjLaQ_4.avi,2,16,31,Fight,0.046718
primary,val/Val_Fight/y_vX9FtjLaQ_4.avi,3,24,39,Fight,0.018177
primary,val/Val_Fight/y_vX9FtjLaQ_4.avi,4,32,47,Fight,0.018331
primary,val/Val_Fight/y_vX9FtjLaQ_4.avi,5,40,55,Fight,0.003033
primary,val/Val_Fight/y_vX9FtjLaQ_4.avi,6,48,63,Fight,0.048343
primary,val/Val_Fight/y_vX9FtjLaQ_4.avi,7,56,71,Fight,0.140110
primary,val/Val_Fight/y_vX9FtjLaQ_4.avi,8,64,79,Fight,0.097012
primary,val/Val_Fight/y_vX9FtjLaQ_4.avi,9,72,87,Fight,0.003074
primary,val/Val_Fight/y_vX9FtjLaQ_4.avi,10,80,95,Fight,0.006294
primary,val/Val_Fight/y_vX9FtjLaQ_4.avi,11,88,103,Fight,0.003623
primary,val/Val_Fight/y_vX9FtjLaQ_4.avi,12,96,111,Fight,0.005252
primary,val/Val_Fight/y_vX9FtjLaQ_4.avi,13,104,119,Fight,0.000608
primary,val/Val_Fight/y_vX9FtjLaQ_4.avi,14,112,127,Fight,0.008973
primary,val/Val_Fight/y_vX9FtjLaQ_4.avi,15,120,135,Fight,0.001401
primary,val/Val_Fight/y_vX9FtjLaQ_4.avi,16,128,143,Fight,0.084090
primary,val/Val_Fight/y_vX9FtjLaQ_5.avi,0,0,15,Fight,0.017246
primary,val/Val_Fight/y_vX9FtjLaQ_5.avi,1,8,23,Fight,0.011913
primary,val/Val_Fight/y_vX9FtjLaQ_5.avi,2,16,31,Fight,0.005520
primary,val/Val_Fight/y_vX9FtjLaQ_5.avi,3,24,39,Fight,0.001887
primary,val/Val_Fight/y_vX9FtjLaQ_5.avi,4,32,47,Fight,0.002914
primary,val/Val_Fight/y_vX9FtjLaQ_5.avi,5,40,55,Fight,0.004475
primary,val/Val_Fight/y_vX9FtjLaQ_5.avi,6,48,63,Fight,0.004832
primary,val/Val_Fight/y_vX9FtjLaQ_5.avi,7,56,71,Fight,0.001528
primary,val/Val_Fight/y_vX9FtjLaQ_5.avi,8,64,79,Fight,0.002135
primary,val/Val_Fight/y_vX9FtjLaQ_5.avi,9,72,87,Fight,0.004439
primary,val/Val_Fight/y_vX9FtjLaQ_5.avi,10,80,95,Fight,0.020243
primary,val/Val_Fight/y_vX9FtjLaQ_5.avi,11,88,103,Fight,0.010989
primary,val/Val_Fight/y_vX9FtjLaQ_5.avi,12,96,111,Fight,0.012161
primary,val/Val_Fight/y_vX9FtjLaQ_5.avi,13,104,119,Fight,0.004937
primary,val/Val_Fight/y_vX9FtjLaQ_5.avi,14,112,127,Fight,0.008702
primary,val/Val_Fight/y_vX9FtjLaQ_5.avi,15,120,135,Fight,0.034730
primary,val/Val_Fight/y_vX9FtjLaQ_5.avi,16,128,143,Fight,0.016411
primary,val/Val_Fight/y_vX9FtjLaQ_6.avi,0,0,15,Fight,0.016641
primary,val/Val_Fight/y_vX9FtjLaQ_6.avi,1,8,23,Fight,0.007818
primary,val/Val_Fight/y_vX9FtjLaQ_6.avi,2,16,31,Fight,0.083803
primary,val/Val_Fight/y_vX9FtjLaQ_6.avi,3,24,39,Fight,0.245313
primary,val/Val_Fight/y_vX9FtjLaQ_6.avi,4,32,47,Fight,0.393709
primary,val/Val_Fight/y_vX9FtjLaQ_6.avi,5,40,55,Fight,0.103842
primary,val/Val_Fight/y_vX9FtjLaQ_6.avi,6,48,63,Fight,0.509963
primary,val/Val_Fight/y_vX9FtjLaQ_6.avi,7,56,71,Fight,0.648544
primary,val/Val_Fight/y_vX9FtjLaQ_6.avi,8,64,79,Fight,0.725009
primary,val/Val_Fight/y_vX9FtjLaQ_6.avi,9,72,87,Fight,0.172935
primary,val/Val_Fight/y_vX9FtjLaQ_6.avi,10,80,95,Fight,0.143891
primary,val/Val_Fight/y_vX9FtjLaQ_6.avi,11,88,103,Fight,0.089944
primary,val/Val_Fight/y_vX9FtjLaQ_6.avi,12,96,111,Fight,0.016533
primary,val/Val_Fight/y_vX9FtjLaQ_6.avi,13,104,119,Fight,0.013040
primary,val/Val_Fight/y_vX9FtjLaQ_6.avi,14,112,127,Fight,0.040126
primary,val/Val_Fight/y_vX9FtjLaQ_6.avi,15,120,135,Fight,0.115160
primary,val/Val_Fight/y_vX9FtjLaQ_6.avi,16,128,143,Fight,0.078546
primary,val/Val_Fight/zOqs7Oh9oDM_0.avi,0,0,15,Fight,0.006106
primary,val/Val_Fight/zOqs7Oh9oDM_0.avi,1,8,23,Fight,0.163389
primary,val/Val_Fight/zOqs7Oh9oDM_0.avi,2,16,31,Fight,0.439321
primary,val/Val_Fight/zOqs7Oh9oDM_0.avi,3,24,39,Fight,0.581865
primary,val/Val_Fight/zOqs7Oh9oDM_0.avi,4,32,47,Fight,0.154996
primary,val/Val_Fight/zOqs7Oh9oDM_0.avi,5,40,55,Fight,0.718378
primary,val/Val_Fight/zOqs7Oh9oDM_0.avi,6,48,63,Fight,0.494674
primary,val/Val_Fight/zOqs7Oh9oDM_0.avi,7,56,71,Fight,0.055290
primary,val/Val_Fight/zOqs7Oh9oDM_0.avi,8,64,79,Fight,0.058908
primary,val/Val_Fight/zOqs7Oh9oDM_0.avi,9,72,87,Fight,0.097038
primary,val/Val_Fight/zOqs7Oh9oDM_0.avi,10,80,95,Fight,0.094473
primary,val/Val_Fight/zOqs7Oh9oDM_0.avi,11,88,103,Fight,0.180037
primary,val/Val_Fight/zOqs7Oh9oDM_0.avi,12,96,111,Fight,0.085693
primary,val/Val_Fight/zOqs7Oh9oDM_0.avi,13,104,119,Fight,0.123742
primary,val/Val_Fight/zOqs7Oh9oDM_0.avi,14,112,127,Fight,0.164455
primary,val/Val_Fight/zOqs7Oh9oDM_0.avi,15,120,135,Fight,0.043877
primary,val/Val_Fight/zOqs7Oh9oDM_0.avi,16,128,143,Fight,0.039728
primary,val/Val_Fight/zOqs7Oh9oDM_1.avi,0,0,15,Fight,0.093820
primary,val/Val_Fight/zOqs7Oh9oDM_1.avi,1,8,23,Fight,0.085299
primary,val/Val_Fight/zOqs7Oh9oDM_1.avi,2,16,31,Fight,0.165385
primary,val/Val_Fight/zOqs7Oh9oDM_1.avi,3,24,39,Fight,0.232380
primary,val/Val_Fight/zOqs7Oh9oDM_1.avi,4,32,47,Fight,0.322194
primary,val/Val_Fight/zOqs7Oh9oDM_1.avi,5,40,55,Fight,0.960303
primary,val/Val_Fight/zOqs7Oh9oDM_1.avi,6,48,63,Fight,0.912873
primary,val/Val_Fight/zOqs7Oh9oDM_1.avi,7,56,71,Fight,0.913771
primary,val/Val_Fight/zOqs7Oh9oDM_1.avi,8,64,79,Fight,0.760041
primary,val/Val_Fight/zOqs7Oh9oDM_1.avi,9,72,87,Fight,0.630184
primary,val/Val_Fight/zOqs7Oh9oDM_1.avi,10,80,95,Fight,0.749481
primary,val/Val_Fight/zOqs7Oh9oDM_1.avi,11,88,103,Fight,0.472000
primary,val/Val_Fight/zOqs7Oh9oDM_1.avi,12,96,111,Fight,0.996815
primary,val/Val_Fight/zOqs7Oh9oDM_1.avi,13,104,119,Fight,0.997764
primary,val/Val_Fight/zOqs7Oh9oDM_1.avi,14,112,127,Fight,0.812108
primary,val/Val_Fight/zOqs7Oh9oDM_1.avi,15,120,135,Fight,0.720542
primary,val/Val_Fight/zOqs7Oh9oDM_1.avi,16,128,143,Fight,0.926924
primary,val/Val_Fight/zOqs7Oh9oDM_2.avi,0,0,15,Fight,0.655755
primary,val/Val_Fight/zOqs7Oh9oDM_2.avi,1,8,23,Fight,0.962071
primary,val/Val_Fight/zOqs7Oh9oDM_2.avi,2,16,31,Fight,0.974615
primary,val/Val_Fight/zOqs7Oh9oDM_2.avi,3,24,39,Fight,0.993147
primary,val/Val_Fight/zOqs7Oh9oDM_2.avi,4,32,47,Fight,0.693448
primary,val/Val_Fight/zOqs7Oh9oDM_2.avi,5,40,55,Fight,0.954640
primary,val/Val_Fight/zOqs7Oh9oDM_2.avi,6,48,63,Fight,0.500371
primary,val/Val_Fight/zOqs7Oh9oDM_2.avi,7,56,71,Fight,0.524712
primary,val/Val_Fight/zOqs7Oh9oDM_2.avi,8,64,79,Fight,0.385105
primary,val/Val_Fight/zOqs7Oh9oDM_2.avi,9,72,87,Fight,0.424384
primary,val/Val_Fight/zOqs7Oh9oDM_2.avi,10,80,95,Fight,0.604472
primary,val/Val_Fight/zOqs7Oh9oDM_2.avi,11,88,103,Fight,0.382424
primary,val/Val_Fight/zOqs7Oh9oDM_2.avi,12,96,111,Fight,0.365854
primary,val/Val_Fight/zOqs7Oh9oDM_2.avi,13,104,119,Fight,0.922630
primary,val/Val_Fight/zOqs7Oh9oDM_2.avi,14,112,127,Fight,0.717692
primary,val/Val_Fight/zOqs7Oh9oDM_2.avi,15,120,135,Fight,0.950662
primary,val/Val_Fight/zOqs7Oh9oDM_2.avi,16,128,143,Fight,0.833494
primary,val/Val_Fight/zOqs7Oh9oDM_3.avi,0,0,15,Fight,0.521798
primary,val/Val_Fight/zOqs7Oh9oDM_3.avi,1,8,23,Fight,0.996271
primary,val/Val_Fight/zOqs7Oh9oDM_3.avi,2,16,31,Fight,0.994705
primary,val/Val_Fight/zOqs7Oh9oDM_3.avi,3,24,39,Fight,0.999904
primary,val/Val_Fight/zOqs7Oh9oDM_3.avi,4,32,47,Fight,0.908788
primary,val/Val_Fight/zOqs7Oh9oDM_3.avi,5,40,55,Fight,0.823196
primary,val/Val_Fight/zOqs7Oh9oDM_3.avi,6,48,63,Fight,0.522739
primary,val/Val_Fight/zOqs7Oh9oDM_3.avi,7,56,71,Fight,0.363616
primary,val/Val_Fight/zOqs7Oh9oDM_3.avi,8,64,79,Fight,0.570315
primary,val/Val_Fight/zOqs7Oh9oDM_3.avi,9,72,87,Fight,0.436403
primary,val/Val_Fight/zOqs7Oh9oDM_3.avi,10,80,95,Fight,0.637943
primary,val/Val_Fight/zOqs7Oh9oDM_3.avi,11,88,103,Fight,0.842909
primary,val/Val_Fight/zOqs7Oh9oDM_3.avi,12,96,111,Fight,0.271306
primary,val/Val_Fight/zOqs7Oh9oDM_3.avi,13,104,119,Fight,0.150860
primary,val/Val_Fight/zOqs7Oh9oDM_3.avi,14,112,127,Fight,0.212441
primary,val/Val_Fight/zOqs7Oh9oDM_3.avi,15,120,135,Fight,0.227977
primary,val/Val_Fight/zOqs7Oh9oDM_3.avi,16,128,143,Fight,0.067076
primary,val/Val_NonFight/10uSOcwS_0.avi,0,0,15,NonFight,0.000216
primary,val/Val_NonFight/10uSOcwS_0.avi,1,8,23,NonFight,0.000201
primary,val/Val_NonFight/10uSOcwS_0.avi,2,16,31,NonFight,0.000203
primary,val/Val_NonFight/10uSOcwS_0.avi,3,24,39,NonFight,0.000191
primary,val/Val_NonFight/10uSOcwS_0.avi,4,32,47,NonFight,0.000274
primary,val/Val_NonFight/10uSOcwS_0.avi,5,40,55,NonFight,0.000318
primary,val/Val_NonFight/10uSOcwS_0.avi,6,48,63,NonFight,0.000386
primary,val/Val_NonFight/10uSOcwS_0.avi,7,56,71,NonFight,0.000250
primary,val/Val_NonFight/10uSOcwS_0.avi,8,64,79,NonFight,0.000155
primary,val/Val_NonFight/10uSOcwS_0.avi,9,72,87,NonFight,0.000106
primary,val/Val_NonFight/10uSOcwS_0.avi,10,80,95,NonFight,0.000219
primary,val/Val_NonFight/10uSOcwS_0.avi,11,88,103,NonFight,0.000381
primary,val/Val_NonFight/10uSOcwS_0.avi,12,96,111,NonFight,0.000289
primary,val/Val_NonFight/10uSOcwS_0.avi,13,104,119,NonFight,0.000236
primary,val/Val_NonFight/10uSOcwS_0.avi,14,112,127,NonFight,0.000209
primary,val/Val_NonFight/10uSOcwS_0.avi,15,120,135,NonFight,0.000181
primary,val/Val_NonFight/10uSOcwS_0.avi,16,128,143,NonFight,0.000165
primary,val/Val_NonFight/1AURh0Wj_0.avi,0,0,15,NonFight,0.009721
primary,val/Val_NonFight/1AURh0Wj_0.avi,1,8,23,NonFight,0.007397
primary,val/Val_NonFight/1AURh0Wj_0.avi,2,16,31,NonFight,0.006161
primary,val/Val_NonFight/1AURh0Wj_0.avi,3,24,39,NonFight,0.007665
primary,val/Val_NonFight/1AURh0Wj_0.avi,4,32,47,NonFight,0.003062
primary,val/Val_NonFight/1AURh0Wj_0.avi,5,40,55,NonFight,0.003581
primary,val/Val_NonFight/1AURh0Wj_0.avi,6,48,63,NonFight,0.001268
primary,val/Val_NonFight/1AURh0Wj_0.avi,7,56,71,NonFight,0.003163
primary,val/Val_NonFight/1AURh0Wj_0.avi,8,64,79,NonFight,0.002853
primary,val/Val_NonFight/1AURh0Wj_0.avi,9,72,87,NonFight,0.003873
primary,val/Val_NonFight/1AURh0Wj_0.avi,10,80,95,NonFight,0.000701
primary,val/Val_NonFight/1AURh0Wj_0.avi,11,88,103,NonFight,0.001425
primary,val/Val_NonFight/1AURh0Wj_0.avi,12,96,111,NonFight,0.004883
primary,val/Val_NonFight/1AURh0Wj_0.avi,13,104,119,NonFight,0.007643
primary,val/Val_NonFight/1AURh0Wj_0.avi,14,112,127,NonFight,0.003132
primary,val/Val_NonFight/1AURh0Wj_0.avi,15,120,135,NonFight,0.001776
primary,val/Val_NonFight/1AURh0Wj_0.avi,16,128,143,NonFight,0.001873
primary,val/Val_NonFight/1MVS2QPWbHc_0.avi,0,0,15,NonFight,0.017994
primary,val/Val_NonFight/1MVS2QPWbHc_0.avi,1,8,23,NonFight,0.036948
primary,val/Val_NonFight/1MVS2QPWbHc_0.avi,2,16,31,NonFight,0.024678
primary,val/Val_NonFight/1MVS2QPWbHc_0.avi,3,24,39,NonFight,0.065115
primary,val/Val_NonFight/1MVS2QPWbHc_0.avi,4,32,47,NonFight,0.075255
primary,val/Val_NonFight/1MVS2QPWbHc_0.avi,5,40,55,NonFight,0.042603
primary,val/Val_NonFight/1MVS2QPWbHc_0.avi,6,48,63,NonFight,0.027719
primary,val/Val_NonFight/1MVS2QPWbHc_0.avi,7,56,71,NonFight,0.017609
primary,val/Val_NonFight/1MVS2QPWbHc_0.avi,8,64,79,NonFight,0.013982
primary,val/Val_NonFight/1MVS2QPWbHc_0.avi,9,72,87,NonFight,0.014689
primary,val/Val_NonFight/1MVS2QPWbHc_0.avi,10,80,95,NonFight,0.047124
primary,val/Val_NonFight/1MVS2QPWbHc_0.avi,11,88,103,NonFight,0.086024
primary,val/Val_NonFight/1MVS2QPWbHc_0.avi,12,96,111,NonFight,0.038016
primary,val/Val_NonFight/1MVS2QPWbHc_0.avi,13,104,119,NonFight,0.004460
primary,val/Val_NonFight/1MVS2QPWbHc_0.avi,14,112,127,NonFight,0.003107
primary,val/Val_NonFight/1MVS2QPWbHc_0.avi,15,120,135,NonFight,0.006443
primary,val/Val_NonFight/1MVS2QPWbHc_0.avi,16,128,143,NonFight,0.007316
primary,val/Val_NonFight/1MVS2QPWbHc_1.avi,0,0,15,NonFight,0.051268
primary,val/Val_NonFight/1MVS2QPWbHc_1.avi,1,8,23,NonFight,0.036966
primary,val/Val_NonFight/1MVS2QPWbHc_1.avi,2,16,31,NonFight,0.010018
primary,val/Val_NonFight/1MVS2QPWbHc_1.avi,3,24,39,NonFight,0.013192
primary,val/Val_NonFight/1MVS2QPWbHc_1.avi,4,32,47,NonFight,0.008772
primary,val/Val_NonFight/1MVS2QPWbHc_1.avi,5,40,55,NonFight,0.008917
primary,val/Val_NonFight/1MVS2QPWbHc_1.avi,6,48,63,NonFight,0.010669
primary,val/Val_NonFight/1MVS2QPWbHc_1.avi,7,56,71,NonFight,0.004793
primary,val/Val_NonFight/1MVS2QPWbHc_1.avi,8,64,79,NonFight,0.006344
primary,val/Val_NonFight/1MVS2QPWbHc_1.avi,9,72,87,NonFight,0.005830
primary,val/Val_NonFight/1MVS2QPWbHc_1.avi,10,80,95,NonFight,0.017455
primary,val/Val_NonFight/1MVS2QPWbHc_1.avi,11,88,103,NonFight,0.029071
primary,val/Val_NonFight/1MVS2QPWbHc_1.avi,12,96,111,NonFight,0.020404
primary,val/Val_NonFight/1MVS2QPWbHc_1.avi,13,104,119,NonFight,0.021924
primary,val/Val_NonFight/1MVS2QPWbHc_1.avi,14,112,127,NonFight,0.076745
primary,val/Val_NonFight/1MVS2QPWbHc_1.avi,15,120,135,NonFight,0.227972
primary,val/Val_NonFight/1MVS2QPWbHc_1.avi,16,128,143,NonFight,0.359136
primary,val/Val_NonFight/1W8hsVvyKt4_0.avi,0,0,15,NonFight,0.000001
primary,val/Val_NonFight/1W8hsVvyKt4_0.avi,1,8,23,NonFight,0.000001
primary,val/Val_NonFight/1W8hsVvyKt4_0.avi,2,16,31,NonFight,0.000058
primary,val/Val_NonFight/1W8hsVvyKt4_0.avi,3,24,39,NonFight,0.000170
primary,val/Val_NonFight/1W8hsVvyKt4_0.avi,4,32,47,NonFight,0.003330
primary,val/Val_NonFight/1W8hsVvyKt4_0.avi,5,40,55,NonFight,0.000195
primary,val/Val_NonFight/1W8hsVvyKt4_0.avi,6,48,63,NonFight,0.000146
primary,val/Val_NonFight/1W8hsVvyKt4_0.avi,7,56,71,NonFight,0.000096
primary,val/Val_NonFight/1W8hsVvyKt4_0.avi,8,64,79,NonFight,0.000344
primary,val/Val_NonFight/1W8hsVvyKt4_0.avi,9,72,87,NonFight,0.000714
primary,val/Val_NonFight/1W8hsVvyKt4_0.avi,10,80,95,NonFight,0.000185
primary,val/Val_NonFight/1W8hsVvyKt4_0.avi,11,88,103,NonFight,0.000180
primary,val/Val_NonFight/1W8hsVvyKt4_0.avi,12,96,111,NonFight,0.000670
primary,val/Val_NonFight/1W8hsVvyKt4_0.avi,13,104,119,NonFight,0.000272
primary,val/Val_NonFight/1W8hsVvyKt4_0.avi,14,112,127,NonFight,0.002550
primary,val/Val_NonFight/1W8hsVvyKt4_0.avi,15,120,135,NonFight,0.037172
primary,val/Val_NonFight/1W8hsVvyKt4_0.avi,16,128,143,NonFight,0.009329
primary,val/Val_NonFight/1W8hsVvyKt4_1.avi,0,0,15,NonFight,0.000847
primary,val/Val_NonFight/1W8hsVvyKt4_1.avi,1,8,23,NonFight,0.001933
primary,val/Val_NonFight/1W8hsVvyKt4_1.avi,2,16,31,NonFight,0.001820
primary,val/Val_NonFight/1W8hsVvyKt4_1.avi,3,24,39,NonFight,0.019442
primary,val/Val_NonFight/1W8hsVvyKt4_1.avi,4,32,47,NonFight,0.142211
primary,val/Val_NonFight/1W8hsVvyKt4_1.avi,5,40,55,NonFight,0.488722
primary,val/Val_NonFight/1W8hsVvyKt4_1.avi,6,48,63,NonFight,0.012300
primary,val/Val_NonFight/1W8hsVvyKt4_1.avi,7,56,71,NonFight,0.003186
primary,val/Val_NonFight/1W8hsVvyKt4_1.avi,8,64,79,NonFight,0.002316
primary,val/Val_NonFight/1W8hsVvyKt4_1.avi,9,72,87,NonFight,0.000376
primary,val/Val_NonFight/1W8hsVvyKt4_1.avi,10,80,95,NonFight,0.005574
primary,val/Val_NonFight/1W8hsVvyKt4_1.avi,11,88,103,NonFight,0.000551
primary,val/Val_NonFight/1W8hsVvyKt4_1.avi,12,96,111,NonFight,0.000025
primary,val/Val_NonFight/1W8hsVvyKt4_1.avi,13,104,119,NonFight,0.003907
primary,val/Val_NonFight/1W8hsVvyKt4_1.avi,14,112,127,NonFight,0.001801
primary,val/Val_NonFight/1W8hsVvyKt4_1.avi,15,120,135,NonFight,0.000117
primary,val/Val_NonFight/1W8hsVvyKt4_1.avi,16,128,143,NonFight,0.003157
primary,val/Val_NonFight/1W8hsVvyKt4_2.avi,0,0,15,NonFight,0.004551
primary,val/Val_NonFight/1W8hsVvyKt4_2.avi,1,8,23,NonFight,0.001978
primary,val/Val_NonFight/1W8hsVvyKt4_2.avi,2,16,31,NonFight,0.000059
primary,val/Val_NonFight/1W8hsVvyKt4_2.avi,3,24,39,NonFight,0.002625
primary,val/Val_NonFight/1W8hsVvyKt4_2.avi,4,32,47,NonFight,0.000952
primary,val/Val_NonFight/1W8hsVvyKt4_2.avi,5,40,55,NonFight,0.000038
primary,val/Val_NonFight/1W8hsVvyKt4_2.avi,6,48,63,NonFight,0.002793
primary,val/Val_NonFight/1W8hsVvyKt4_2.avi,7,56,71,NonFight,0.000835
primary,val/Val_NonFight/1W8hsVvyKt4_2.avi,8,64,79,NonFight,0.000036
primary,val/Val_NonFight/1W8hsVvyKt4_2.avi,9,72,87,NonFight,0.001919
primary,val/Val_NonFight/1W8hsVvyKt4_2.avi,10,80,95,NonFight,0.000078
primary,val/Val_NonFight/1W8hsVvyKt4_2.avi,11,88,103,NonFight,0.000022
primary,val/Val_NonFight/1W8hsVvyKt4_2.avi,12,96,111,NonFight,0.000967
primary,val/Val_NonFight/1W8hsVvyKt4_2.avi,13,104,119,NonFight,0.000206
primary,val/Val_NonFight/1W8hsVvyKt4_2.avi,14,112,127,NonFight,0.000028
primary,val/Val_NonFight/1W8hsVvyKt4_2.avi,15,120,135,NonFight,0.000120
primary,val/Val_NonFight/1W8hsVvyKt4_2.avi,16,128,143,NonFight,0.000231
primary,val/Val_NonFight/1W8hsVvyKt4_3.avi,0,0,15,NonFight,0.000321
primary,val/Val_NonFight/1W8hsVvyKt4_3.avi,1,8,23,NonFight,0.000561
primary,val/Val_NonFight/1W8hsVvyKt4_3.avi,2,16,31,NonFight,0.001266
primary,val/Val_NonFight/1W8hsVvyKt4_3.avi,3,24,39,NonFight,0.000991
primary,val/Val_NonFight/1W8hsVvyKt4_3.avi,4,32,47,NonFight,0.000335
primary,val/Val_NonFight/1W8hsVvyKt4_3.avi,5,40,55,NonFight,0.000131
primary,val/Val_NonFight/1W8hsVvyKt4_3.avi,6,48,63,NonFight,0.000107
primary,val/Val_NonFight/1W8hsVvyKt4_3.avi,7,56,71,NonFight,0.000140
primary,val/Val_NonFight/1W8hsVvyKt4_3.avi,8,64,79,NonFight,0.000254
primary,val/Val_NonFight/1W8hsVvyKt4_3.avi,9,72,87,NonFight,0.000287
primary,val/Val_NonFight/1W8hsVvyKt4_3.avi,10,80,95,NonFight,0.000338
primary,val/Val_NonFight/1W8hsVvyKt4_3.avi,11,88,103,NonFight,0.000498
primary,val/Val_NonFight/1W8hsVvyKt4_3.avi,12,96,111,NonFight,0.000332
primary,val/Val_NonFight/1W8hsVvyKt4_3.avi,13,104,119,NonFight,0.000109
primary,val/Val_NonFight/1W8hsVvyKt4_3.avi,14,112,127,NonFight,0.000149
primary,val/Val_NonFight/1W8hsVvyKt4_3.avi,15,120,135,NonFight,0.000260
primary,val/Val_NonFight/1W8hsVvyKt4_3.avi,16,128,143,NonFight,0.000538
primary,val/Val_NonFight/2lrARl7utL4_0.avi,0,0,15,NonFight,0.115560
primary,val/Val_NonFight/2lrARl7utL4_0.avi,1,8,23,NonFight,0.280846
primary,val/Val_NonFight/2lrARl7utL4_0.avi,2,16,31,NonFight,0.218285
primary,val/Val_NonFight/2lrARl7utL4_0.avi,3,24,39,NonFight,0.129503
primary,val/Val_NonFight/2lrARl7utL4_0.avi,4,32,47,NonFight,0.198372
primary,val/Val_NonFight/2lrARl7utL4_0.avi,5,40,55,NonFight,0.181142
primary,val/Val_NonFight/2lrARl7utL4_0.avi,6,48,63,NonFight,0.139094
primary,val/Val_NonFight/2lrARl7utL4_0.avi,7,56,71,NonFight,0.085535
primary,val/Val_NonFight/2lrARl7utL4_0.avi,8,64,79,NonFight,0.243809
primary,val/Val_NonFight/2lrARl7utL4_0.avi,9,72,87,NonFight,0.606455
primary,val/Val_NonFight/2lrARl7utL4_0.avi,10,80,95,NonFight,0.696355
primary,val/Val_NonFight/2lrARl7utL4_0.avi,11,88,103,NonFight,0.168099
primary,val/Val_NonFight/2lrARl7utL4_0.avi,12,96,111,NonFight,0.164249
primary,val/Val_NonFight/2lrARl7utL4_0.avi,13,104,119,NonFight,0.212792
primary,val/Val_NonFight/2lrARl7utL4_0.avi,14,112,127,NonFight,0.259706
primary,val/Val_NonFight/2lrARl7utL4_0.avi,15,120,135,NonFight,0.207328
primary,val/Val_NonFight/2lrARl7utL4_0.avi,16,128,143,NonFight,0.065121
primary,val/Val_NonFight/2lrARl7utL4_1.avi,0,0,15,NonFight,0.660137
primary,val/Val_NonFight/2lrARl7utL4_1.avi,1,8,23,NonFight,0.596176
primary,val/Val_NonFight/2lrARl7utL4_1.avi,2,16,31,NonFight,0.956077
primary,val/Val_NonFight/2lrARl7utL4_1.avi,3,24,39,NonFight,0.964800
primary,val/Val_NonFight/2lrARl7utL4_1.avi,4,32,47,NonFight,0.582504
primary,val/Val_NonFight/2lrARl7utL4_1.avi,5,40,55,NonFight,0.440235
primary,val/Val_NonFight/2lrARl7utL4_1.avi,6,48,63,NonFight,0.171841
primary,val/Val_NonFight/2lrARl7utL4_1.avi,7,56,71,NonFight,0.902879
primary,val/Val_NonFight/2lrARl7utL4_1.avi,8,64,79,NonFight,0.976801
primary,val/Val_NonFight/2lrARl7utL4_1.avi,9,72,87,NonFight,0.965644
primary,val/Val_NonFight/2lrARl7utL4_1.avi,10,80,95,NonFight,0.436714
primary,val/Val_NonFight/2lrARl7utL4_1.avi,11,88,103,NonFight,0.512420
primary,val/Val_NonFight/2lrARl7utL4_1.avi,12,96,111,NonFight,0.290578
primary,val/Val_NonFight/2lrARl7utL4_1.avi,13,104,119,NonFight,0.483209
primary,val/Val_NonFight/2lrARl7utL4_1.avi,14,112,127,NonFight,0.415012
primary,val/Val_NonFight/2lrARl7utL4_1.avi,15,120,135,NonFight,0.160520
primary,val/Val_NonFight/2lrARl7utL4_1.avi,16,128,143,NonFight,0.162086
primary,val/Val_NonFight/2lrARl7utL4_2.avi,0,0,15,NonFight,0.840683
primary,val/Val_NonFight/2lrARl7utL4_2.avi,1,8,23,NonFight,0.678507
primary,val/Val_NonFight/2lrARl7utL4_2.avi,2,16,31,NonFight,0.319397
primary,val/Val_NonFight/2lrARl7utL4_2.avi,3,24,39,NonFight,0.835510
primary,val/Val_NonFight/2lrARl7utL4_2.avi,4,32,47,NonFight,0.397073
primary,val/Val_NonFight/2lrARl7utL4_2.avi,5,40,55,NonFight,0.311775
primary,val/Val_NonFight/2lrARl7utL4_2.avi,6,48,63,NonFight,0.250258
primary,val/Val_NonFight/2lrARl7utL4_2.avi,7,56,71,NonFight,0.327238
primary,val/Val_NonFight/2lrARl7utL4_2.avi,8,64,79,NonFight,0.381706
primary,val/Val_NonFight/2lrARl7utL4_2.avi,9,72,87,NonFight,0.325449
primary,val/Val_NonFight/2lrARl7utL4_2.avi,10,80,95,NonFight,0.349769
primary,val/Val_NonFight/2lrARl7utL4_2.avi,11,88,103,NonFight,0.330948
primary,val/Val_NonFight/2lrARl7utL4_2.avi,12,96,111,NonFight,0.399224
primary,val/Val_NonFight/2lrARl7utL4_2.avi,13,104,119,NonFight,0.214390
primary,val/Val_NonFight/2lrARl7utL4_2.avi,14,112,127,NonFight,0.176486
primary,val/Val_NonFight/2lrARl7utL4_2.avi,15,120,135,NonFight,0.145409
primary,val/Val_NonFight/2lrARl7utL4_2.avi,16,128,143,NonFight,0.151541
primary,val/Val_NonFight/2qFnVnnZ_0.avi,0,0,15,NonFight,0.001478
primary,val/Val_NonFight/2qFnVnnZ_0.avi,1,8,23,NonFight,0.000925
primary,val/Val_NonFight/2qFnVnnZ_0.avi,2,16,31,NonFight,0.001332
primary,val/Val_NonFight/2qFnVnnZ_0.avi,3,24,39,NonFight,0.001596
primary,val/Val_NonFight/2qFnVnnZ_0.avi,4,32,47,NonFight,0.004076
primary,val/Val_NonFight/2qFnVnnZ_0.avi,5,40,55,NonFight,0.004391
primary,val/Val_NonFight/2qFnVnnZ_0.avi,6,48,63,NonFight,0.004789
primary,val/Val_NonFight/2qFnVnnZ_0.avi,7,56,71,NonFight,0.004464
primary,val/Val_NonFight/2qFnVnnZ_0.avi,8,64,79,NonFight,0.003071
primary,val/Val_NonFight/2qFnVnnZ_0.avi,9,72,87,NonFight,0.002926
primary,val/Val_NonFight/2qFnVnnZ_0.avi,10,80,95,NonFight,0.002852
primary,val/Val_NonFight/2qFnVnnZ_0.avi,11,88,103,NonFight,0.003087
primary,val/Val_NonFight/2qFnVnnZ_0.avi,12,96,111,NonFight,0.002499
primary,val/Val_NonFight/2qFnVnnZ_0.avi,13,104,119,NonFight,0.002342
primary,val/Val_NonFight/2qFnVnnZ_0.avi,14,112,127,NonFight,0.002338
primary,val/Val_NonFight/2qFnVnnZ_0.avi,15,120,135,NonFight,0.003449
primary,val/Val_NonFight/2qFnVnnZ_0.avi,16,128,143,NonFight,0.003940
primary,val/Val_NonFight/32wXo9Dt_0.avi,0,0,15,NonFight,0.016000
primary,val/Val_NonFight/32wXo9Dt_0.avi,1,8,23,NonFight,0.008056
primary,val/Val_NonFight/32wXo9Dt_0.avi,2,16,31,NonFight,0.003435
primary,val/Val_NonFight/32wXo9Dt_0.avi,3,24,39,NonFight,0.004961
primary,val/Val_NonFight/32wXo9Dt_0.avi,4,32,47,NonFight,0.006261
primary,val/Val_NonFight/32wXo9Dt_0.avi,5,40,55,NonFight,0.011259
primary,val/Val_NonFight/32wXo9Dt_0.avi,6,48,63,NonFight,0.016480
primary,val/Val_NonFight/32wXo9Dt_0.avi,7,56,71,NonFight,0.007992
primary,val/Val_NonFight/32wXo9Dt_0.avi,8,64,79,NonFight,0.010545
primary,val/Val_NonFight/32wXo9Dt_0.avi,9,72,87,NonFight,0.012767
primary,val/Val_NonFight/32wXo9Dt_0.avi,10,80,95,NonFight,0.013196
primary,val/Val_NonFight/32wXo9Dt_0.avi,11,88,103,NonFight,0.015278
primary,val/Val_NonFight/32wXo9Dt_0.avi,12,96,111,NonFight,0.012467
primary,val/Val_NonFight/32wXo9Dt_0.avi,13,104,119,NonFight,0.011008
primary,val/Val_NonFight/32wXo9Dt_0.avi,14,112,127,NonFight,0.011894
primary,val/Val_NonFight/32wXo9Dt_0.avi,15,120,135,NonFight,0.007577
primary,val/Val_NonFight/32wXo9Dt_0.avi,16,128,143,NonFight,0.009157
primary,val/Val_NonFight/39BFeYnbu-I_0.avi,0,0,15,NonFight,0.094121
primary,val/Val_NonFight/39BFeYnbu-I_0.avi,1,8,23,NonFight,0.141230
primary,val/Val_NonFight/39BFeYnbu-I_0.avi,2,16,31,NonFight,0.215115
primary,val/Val_NonFight/39BFeYnbu-I_0.avi,3,24,39,NonFight,0.538477
primary,val/Val_NonFight/39BFeYnbu-I_0.avi,4,32,47,NonFight,0.293866
primary,val/Val_NonFight/39BFeYnbu-I_0.avi,5,40,55,NonFight,0.177059
primary,val/Val_NonFight/39BFeYnbu-I_0.avi,6,48,63,NonFight,0.803346
primary,val/Val_NonFight/39BFeYnbu-I_0.avi,7,56,71,NonFight,0.936747
primary,val/Val_NonFight/39BFeYnbu-I_0.avi,8,64,79,NonFight,0.509814
primary,val/Val_NonFight/39BFeYnbu-I_0.avi,9,72,87,NonFight,0.181582
primary,val/Val_NonFight/39BFeYnbu-I_0.avi,10,80,95,NonFight,0.124944
primary,val/Val_NonFight/39BFeYnbu-I_0.avi,11,88,103,NonFight,0.028944
primary,val/Val_NonFight/39BFeYnbu-I_0.avi,12,96,111,NonFight,0.075865
primary,val/Val_NonFight/39BFeYnbu-I_0.avi,13,104,119,NonFight,0.269093
primary,val/Val_NonFight/39BFeYnbu-I_0.avi,14,112,127,NonFight,0.990532
primary,val/Val_NonFight/39BFeYnbu-I_0.avi,15,120,135,NonFight,0.977402
primary,val/Val_NonFight/39BFeYnbu-I_0.avi,16,128,143,NonFight,0.971442
primary,val/Val_NonFight/4I1DGWsh_0.avi,0,0,15,NonFight,0.035464
primary,val/Val_NonFight/4I1DGWsh_0.avi,1,8,23,NonFight,0.001299
primary,val/Val_NonFight/4I1DGWsh_0.avi,2,16,31,NonFight,0.001321
primary,val/Val_NonFight/4I1DGWsh_0.avi,3,24,39,NonFight,0.007773
primary,val/Val_NonFight/4I1DGWsh_0.avi,4,32,47,NonFight,0.009335
primary,val/Val_NonFight/4I1DGWsh_0.avi,5,40,55,NonFight,0.001790
primary,val/Val_NonFight/4I1DGWsh_0.avi,6,48,63,NonFight,0.004145
primary,val/Val_NonFight/4I1DGWsh_0.avi,7,56,71,NonFight,0.010552
primary,val/Val_NonFight/4I1DGWsh_0.avi,8,64,79,NonFight,0.000786
primary,val/Val_NonFight/4I1DGWsh_0.avi,9,72,87,NonFight,0.000181
primary,val/Val_NonFight/4I1DGWsh_0.avi,10,80,95,NonFight,0.001910
primary,val/Val_NonFight/4I1DGWsh_0.avi,11,88,103,NonFight,0.002271
primary,val/Val_NonFight/4I1DGWsh_0.avi,12,96,111,NonFight,0.002208
primary,val/Val_NonFight/4I1DGWsh_0.avi,13,104,119,NonFight,0.005174
primary,val/Val_NonFight/4I1DGWsh_0.avi,14,112,127,NonFight,0.007088
primary,val/Val_NonFight/4I1DGWsh_0.avi,15,120,135,NonFight,0.092731
primary,val/Val_NonFight/4I1DGWsh_0.avi,16,128,143,NonFight,0.628614
primary,val/Val_NonFight/4p2iGvo8_0.avi,0,0,15,NonFight,0.091117
primary,val/Val_NonFight/4p2iGvo8_0.avi,1,8,23,NonFight,0.077872
primary,val/Val_NonFight/4p2iGvo8_0.avi,2,16,31,NonFight,0.065760
primary,val/Val_NonFight/4p2iGvo8_0.avi,3,24,39,NonFight,0.094345
primary,val/Val_NonFight/4p2iGvo8_0.avi,4,32,47,NonFight,0.080529
primary,val/Val_NonFight/4p2iGvo8_0.avi,5,40,55,NonFight,0.069560
primary,val/Val_NonFight/4p2iGvo8_0.avi,6,48,63,NonFight,0.062547
primary,val/Val_NonFight/4p2iGvo8_0.avi,7,56,71,NonFight,0.070047
primary,val/Val_NonFight/4p2iGvo8_0.avi,8,64,79,NonFight,0.094940
primary,val/Val_NonFight/4p2iGvo8_0.avi,9,72,87,NonFight,0.086365
primary,val/Val_NonFight/4p2iGvo8_0.avi,10,80,95,NonFight,0.073098
primary,val/Val_NonFight/4p2iGvo8_0.avi,11,88,103,NonFight,0.070157
primary,val/Val_NonFight/4p2iGvo8_0.avi,12,96,111,NonFight,0.075824
primary,val/Val_NonFight/4p2iGvo8_0.avi,13,104,119,NonFight,0.078330
primary,val/Val_NonFight/4p2iGvo8_0.avi,14,112,127,NonFight,0.082767
primary,val/Val_NonFight/4p2iGvo8_0.avi,15,120,135,NonFight,0.111757
primary,val/Val_NonFight/4p2iGvo8_0.avi,16,128,143,NonFight,0.123639
primary,val/Val_NonFight/66U2c3YMjOI_0.avi,0,0,15,NonFight,0.090662
primary,val/Val_NonFight/66U2c3YMjOI_0.avi,1,8,23,NonFight,0.125055
primary,val/Val_NonFight/66U2c3YMjOI_0.avi,2,16,31,NonFight,0.064732
primary,val/Val_NonFight/66U2c3YMjOI_0.avi,3,24,39,NonFight,0.077149
primary,val/Val_NonFight/66U2c3YMjOI_0.avi,4,32,47,NonFight,0.062479
primary,val/Val_NonFight/66U2c3YMjOI_0.avi,5,40,55,NonFight,0.066011
primary,val/Val_NonFight/66U2c3YMjOI_0.avi,6,48,63,NonFight,0.065599
primary,val/Val_NonFight/66U2c3YMjOI_0.avi,7,56,71,NonFight,0.171492
primary,val/Val_NonFight/66U2c3YMjOI_0.avi,8,64,79,NonFight,0.152300
primary,val/Val_NonFight/66U2c3YMjOI_0.avi,9,72,87,NonFight,0.091376
primary,val/Val_NonFight/66U2c3YMjOI_0.avi,10,80,95,NonFight,0.107530
primary,val/Val_NonFight/66U2c3YMjOI_0.avi,11,88,103,NonFight,0.057248
primary,val/Val_NonFight/66U2c3YMjOI_0.avi,12,96,111,NonFight,0.213037
primary,val/Val_NonFight/66U2c3YMjOI_0.avi,13,104,119,NonFight,0.151131
primary,val/Val_NonFight/66U2c3YMjOI_0.avi,14,112,127,NonFight,0.180509
primary,val/Val_NonFight/66U2c3YMjOI_0.avi,15,120,135,NonFight,0.111951
primary,val/Val_NonFight/66U2c3YMjOI_0.avi,16,128,143,NonFight,0.111084
primary,val/Val_NonFight/66U2c3YMjOI_1.avi,0,0,15,NonFight,0.000046
primary,val/Val_NonFight/66U2c3YMjOI_1.avi,1,8,23,NonFight,0.000342
primary,val/Val_NonFight/66U2c3YMjOI_1.avi,2,16,31,NonFight,0.005357
primary,val/Val_NonFight/66U2c3YMjOI_1.avi,3,24,39,NonFight,0.004808
primary,val/Val_NonFight/66U2c3YMjOI_1.avi,4,32,47,NonFight,0.001393
primary,val/Val_NonFight/66U2c3YMjOI_1.avi,5,40,55,NonFight,0.001124
primary,val/Val_NonFight/66U2c3YMjOI_1.avi,6,48,63,NonFight,0.000242
primary,val/Val_NonFight/66U2c3YMjOI_1.avi,7,56,71,NonFight,0.000261
primary,val/Val_NonFight/66U2c3YMjOI_1.avi,8,64,79,NonFight,0.000454
primary,val/Val_NonFight/66U2c3YMjOI_1.avi,9,72,87,NonFight,0.000728
primary,val/Val_NonFight/66U2c3YMjOI_1.avi,10,80,95,NonFight,0.001071
primary,val/Val_NonFight/66U2c3YMjOI_1.avi,11,88,103,NonFight,0.000651
primary,val/Val_NonFight/66U2c3YMjOI_1.avi,12,96,111,NonFight,0.001002
primary,val/Val_NonFight/66U2c3YMjOI_1.avi,13,104,119,NonFight,0.001045
primary,val/Val_NonFight/66U2c3YMjOI_1.avi,14,112,127,NonFight,0.001223
primary,val/Val_NonFight/66U2c3YMjOI_1.avi,15,120,135,NonFight,0.000215
primary,val/Val_NonFight/66U2c3YMjOI_1.avi,16,128,143,NonFight,0.000077
primary,val/Val_NonFight/6Rl7q_kXYbg_0.avi,0,0,15,NonFight,0.005114
primary,val/Val_NonFight/6Rl7q_kXYbg_0.avi,1,8,23,NonFight,0.024162
primary,val/Val_NonFight/6Rl7q_kXYbg_0.avi,2,16,31,NonFight,0.008291
primary,val/Val_NonFight/6Rl7q_kXYbg_0.avi,3,24,39,NonFight,0.002833
primary,val/Val_NonFight/6Rl7q_kXYbg_0.avi,4,32,47,NonFight,0.002883
primary,val/Val_NonFight/6Rl7q_kXYbg_0.avi,5,40,55,NonFight,0.007592
primary,val/Val_NonFight/6Rl7q_kXYbg_0.avi,6,48,63,NonFight,0.009796
primary,val/Val_NonFight/6Rl7q_kXYbg_0.avi,7,56,71,NonFight,0.000567
primary,val/Val_NonFight/6Rl7q_kXYbg_0.avi,8,64,79,NonFight,0.000509
primary,val/Val_NonFight/6Rl7q_kXYbg_0.avi,9,72,87,NonFight,0.016316
primary,val/Val_NonFight/6Rl7q_kXYbg_0.avi,10,80,95,NonFight,0.004003
primary,val/Val_NonFight/6Rl7q_kXYbg_0.avi,11,88,103,NonFight,0.000946
primary,val/Val_NonFight/6Rl7q_kXYbg_0.avi,12,96,111,NonFight,0.001857
primary,val/Val_NonFight/6Rl7q_kXYbg_0.avi,13,104,119,NonFight,0.024454
primary,val/Val_NonFight/6Rl7q_kXYbg_0.avi,14,112,127,NonFight,0.008178
primary,val/Val_NonFight/6Rl7q_kXYbg_0.avi,15,120,135,NonFight,0.010121
primary,val/Val_NonFight/6Rl7q_kXYbg_0.avi,16,128,143,NonFight,0.075492
primary,val/Val_NonFight/6doZoiaG9PM_0.avi,0,0,15,NonFight,0.714621
primary,val/Val_NonFight/6doZoiaG9PM_0.avi,1,8,23,NonFight,0.096981
primary,val/Val_NonFight/6doZoiaG9PM_0.avi,2,16,31,NonFight,0.051276
primary,val/Val_NonFight/6doZoiaG9PM_0.avi,3,24,39,NonFight,0.073803
primary,val/Val_NonFight/6doZoiaG9PM_0.avi,4,32,47,NonFight,0.090124
primary,val/Val_NonFight/6doZoiaG9PM_0.avi,5,40,55,NonFight,0.058478
primary,val/Val_NonFight/6doZoiaG9PM_0.avi,6,48,63,NonFight,0.090770
primary,val/Val_NonFight/6doZoiaG9PM_0.avi,7,56,71,NonFight,0.130073
primary,val/Val_NonFight/6doZoiaG9PM_0.avi,8,64,79,NonFight,0.096392
primary,val/Val_NonFight/6doZoiaG9PM_0.avi,9,72,87,NonFight,0.153914
primary,val/Val_NonFight/6doZoiaG9PM_0.avi,10,80,95,NonFight,0.156242
primary,val/Val_NonFight/6doZoiaG9PM_0.avi,11,88,103,NonFight,0.134538
primary,val/Val_NonFight/6doZoiaG9PM_0.avi,12,96,111,NonFight,0.170486
primary,val/Val_NonFight/6doZoiaG9PM_0.avi,13,104,119,NonFight,0.157952
primary,val/Val_NonFight/6doZoiaG9PM_0.avi,14,112,127,NonFight,0.166843
primary,val/Val_NonFight/6doZoiaG9PM_0.avi,15,120,135,NonFight,0.162502
primary,val/Val_NonFight/6doZoiaG9PM_0.avi,16,128,143,NonFight,0.160791
primary,val/Val_NonFight/6doZoiaG9PM_1.avi,0,0,15,NonFight,0.053771
primary,val/Val_NonFight/6doZoiaG9PM_1.avi,1,8,23,NonFight,0.051466
primary,val/Val_NonFight/6doZoiaG9PM_1.avi,2,16,31,NonFight,0.054805
primary,val/Val_NonFight/6doZoiaG9PM_1.avi,3,24,39,NonFight,0.052304
primary,val/Val_NonFight/6doZoiaG9PM_1.avi,4,32,47,NonFight,0.056464
primary,val/Val_NonFight/6doZoiaG9PM_1.avi,5,40,55,NonFight,0.038423
primary,val/Val_NonFight/6doZoiaG9PM_1.avi,6,48,63,NonFight,0.052628
primary,val/Val_NonFight/6doZoiaG9PM_1.avi,7,56,71,NonFight,0.046553
primary,val/Val_NonFight/6doZoiaG9PM_1.avi,8,64,79,NonFight,0.030046
primary,val/Val_NonFight/6doZoiaG9PM_1.avi,9,72,87,NonFight,0.014309
primary,val/Val_NonFight/6doZoiaG9PM_1.avi,10,80,95,NonFight,0.013590
primary,val/Val_NonFight/6doZoiaG9PM_1.avi,11,88,103,NonFight,0.004910
primary,val/Val_NonFight/6doZoiaG9PM_1.avi,12,96,111,NonFight,0.001518
primary,val/Val_NonFight/6doZoiaG9PM_1.avi,13,104,119,NonFight,0.001392
primary,val/Val_NonFight/6doZoiaG9PM_1.avi,14,112,127,NonFight,0.004624
primary,val/Val_NonFight/6doZoiaG9PM_1.avi,15,120,135,NonFight,0.084332
primary,val/Val_NonFight/6doZoiaG9PM_1.avi,16,128,143,NonFight,0.211834
primary,val/Val_NonFight/6doZoiaG9PM_2.avi,0,0,15,NonFight,0.021403
primary,val/Val_NonFight/6doZoiaG9PM_2.avi,1,8,23,NonFight,0.020311
primary,val/Val_NonFight/6doZoiaG9PM_2.avi,2,16,31,NonFight,0.049415
primary,val/Val_NonFight/6doZoiaG9PM_2.avi,3,24,39,NonFight,0.043965
primary,val/Val_NonFight/6doZoiaG9PM_2.avi,4,32,47,NonFight,0.048905
primary,val/Val_NonFight/6doZoiaG9PM_2.avi,5,40,55,NonFight,0.091605
primary,val/Val_NonFight/6doZoiaG9PM_2.avi,6,48,63,NonFight,0.072491
primary,val/Val_NonFight/6doZoiaG9PM_2.avi,7,56,71,NonFight,0.091435
primary,val/Val_NonFight/6doZoiaG9PM_2.avi,8,64,79,NonFight,0.056761
primary,val/Val_NonFight/6doZoiaG9PM_2.avi,9,72,87,NonFight,0.032781
primary,val/Val_NonFight/6doZoiaG9PM_2.avi,10,80,95,NonFight,0.025251
primary,val/Val_NonFight/6doZoiaG9PM_2.avi,11,88,103,NonFight,0.013628
primary,val/Val_NonFight/6doZoiaG9PM_2.avi,12,96,111,NonFight,0.013749
primary,val/Val_NonFight/6doZoiaG9PM_2.avi,13,104,119,NonFight,0.004969
primary,val/Val_NonFight/6doZoiaG9PM_2.avi,14,112,127,NonFight,0.004051
primary,val/Val_NonFight/6doZoiaG9PM_2.avi,15,120,135,NonFight,0.005168
primary,val/Val_NonFight/6doZoiaG9PM_2.avi,16,128,143,NonFight,0.006529
primary,val/Val_NonFight/6doZoiaG9PM_3.avi,0,0,15,NonFight,0.015296
primary,val/Val_NonFight/6doZoiaG9PM_3.avi,1,8,23,NonFight,0.028691
primary,val/Val_NonFight/6doZoiaG9PM_3.avi,2,16,31,NonFight,0.010951
primary,val/Val_NonFight/6doZoiaG9PM_3.avi,3,24,39,NonFight,0.009239
primary,val/Val_NonFight/6doZoiaG9PM_3.avi,4,32,47,NonFight,0.020798
primary,val/Val_NonFight/6doZoiaG9PM_3.avi,5,40,55,NonFight,0.015337
primary,val/Val_NonFight/6doZoiaG9PM_3.avi,6,48,63,NonFight,0.017636
primary,val/Val_NonFight/6doZoiaG9PM_3.avi,7,56,71,NonFight,0.048065
primary,val/Val_NonFight/6doZoiaG9PM_3.avi,8,64,79,NonFight,0.045803
primary,val/Val_NonFight/6doZoiaG9PM_3.avi,9,72,87,NonFight,0.028617
primary,val/Val_NonFight/6doZoiaG9PM_3.avi,10,80,95,NonFight,0.035467
primary,val/Val_NonFight/6doZoiaG9PM_3.avi,11,88,103,NonFight,0.029501
primary,val/Val_NonFight/6doZoiaG9PM_3.avi,12,96,111,NonFight,0.036837
primary,val/Val_NonFight/6doZoiaG9PM_3.avi,13,104,119,NonFight,0.017617
primary,val/Val_NonFight/6doZoiaG9PM_3.avi,14,112,127,NonFight,0.018264
primary,val/Val_NonFight/6doZoiaG9PM_3.avi,15,120,135,NonFight,0.020395
primary,val/Val_NonFight/6doZoiaG9PM_3.avi,16,128,143,NonFight,0.017155
primary,val/Val_NonFight/7gLKFV5voOg_0.avi,0,0,15,NonFight,0.000195
primary,val/Val_NonFight/7gLKFV5voOg_0.avi,1,8,23,NonFight,0.000147
primary,val/Val_NonFight/7gLKFV5voOg_0.avi,2,16,31,NonFight,0.000925
primary,val/Val_NonFight/7gLKFV5voOg_0.avi,3,24,39,NonFight,0.000906
primary,val/Val_NonFight/7gLKFV5voOg_0.avi,4,32,47,NonFight,0.000798
primary,val/Val_NonFight/7gLKFV5voOg_0.avi,5,40,55,NonFight,0.000652
primary,val/Val_NonFight/7gLKFV5voOg_0.avi,6,48,63,NonFight,0.000901
primary,val/Val_NonFight/7gLKFV5voOg_0.avi,7,56,71,NonFight,0.000966
primary,val/Val_NonFight/7gLKFV5voOg_0.avi,8,64,79,NonFight,0.000755
primary,val/Val_NonFight/7gLKFV5voOg_0.avi,9,72,87,NonFight,0.002633
primary,val/Val_NonFight/7gLKFV5voOg_0.avi,10,80,95,NonFight,0.004348
primary,val/Val_NonFight/7gLKFV5voOg_0.avi,11,88,103,NonFight,0.002477
primary,val/Val_NonFight/7gLKFV5voOg_0.avi,12,96,111,NonFight,0.002535
primary,val/Val_NonFight/7gLKFV5voOg_0.avi,13,104,119,NonFight,0.003763
primary,val/Val_NonFight/7gLKFV5voOg_0.avi,14,112,127,NonFight,0.002929
primary,val/Val_NonFight/7gLKFV5voOg_0.avi,15,120,135,NonFight,0.000635
primary,val/Val_NonFight/7gLKFV5voOg_0.avi,16,128,143,NonFight,0.003151
primary,val/Val_NonFight/8SmT9rE9_0.avi,0,0,15,NonFight,0.171096
primary,val/Val_NonFight/8SmT9rE9_0.avi,1,8,23,NonFight,0.211485
primary,val/Val_NonFight/8SmT9rE9_0.avi,2,16,31,NonFight,0.197094
primary,val/Val_NonFight/8SmT9rE9_0.avi,3,24,39,NonFight,0.194525
primary,val/Val_NonFight/8SmT9rE9_0.avi,4,32,47,NonFight,0.204438
primary,val/Val_NonFight/8SmT9rE9_0.avi,5,40,55,NonFight,0.218637
primary,val/Val_NonFight/8SmT9rE9_0.avi,6,48,63,NonFight,0.188846
primary,val/Val_NonFight/8SmT9rE9_0.avi,7,56,71,NonFight,0.209714
primary,val/Val_NonFight/8SmT9rE9_0.avi,8,64,79,NonFight,0.432330
primary,val/Val_NonFight/8SmT9rE9_0.avi,9,72,87,NonFight,0.417573
primary,val/Val_NonFight/8SmT9rE9_0.avi,10,80,95,NonFight,0.143043
primary,val/Val_NonFight/8SmT9rE9_0.avi,11,88,103,NonFight,0.175097
primary,val/Val_NonFight/8SmT9rE9_0.avi,12,96,111,NonFight,0.141167
primary,val/Val_NonFight/8SmT9rE9_0.avi,13,104,119,NonFight,0.166327
primary,val/Val_NonFight/8SmT9rE9_0.avi,14,112,127,NonFight,0.432373
primary,val/Val_NonFight/8SmT9rE9_0.avi,15,120,135,NonFight,0.074066
primary,val/Val_NonFight/8SmT9rE9_0.avi,16,128,143,NonFight,0.122016
primary,val/Val_NonFight/8m3onRfr_0.avi,0,0,15,NonFight,0.009482
primary,val/Val_NonFight/8m3onRfr_0.avi,1,8,23,NonFight,0.000949
primary,val/Val_NonFight/8m3onRfr_0.avi,2,16,31,NonFight,0.004685
primary,val/Val_NonFight/8m3onRfr_0.avi,3,24,39,NonFight,0.024539
primary,val/Val_NonFight/8m3onRfr_0.avi,4,32,47,NonFight,0.007246
primary,val/Val_NonFight/8m3onRfr_0.avi,5,40,55,NonFight,0.005739
primary,val/Val_NonFight/8m3onRfr_0.avi,6,48,63,NonFight,0.010850
primary,val/Val_NonFight/8m3onRfr_0.avi,7,56,71,NonFight,0.009227
primary,val/Val_NonFight/8m3onRfr_0.avi,8,64,79,NonFight,0.003408
primary,val/Val_NonFight/8m3onRfr_0.avi,9,72,87,NonFight,0.002714
primary,val/Val_NonFight/8m3onRfr_0.avi,10,80,95,NonFight,0.003576
primary,val/Val_NonFight/8m3onRfr_0.avi,11,88,103,NonFight,0.002482
primary,val/Val_NonFight/8m3onRfr_0.avi,12,96,111,NonFight,0.000942
primary,val/Val_NonFight/8m3onRfr_0.avi,13,104,119,NonFight,0.001922
primary,val/Val_NonFight/8m3onRfr_0.avi,14,112,127,NonFight,0.003012
primary,val/Val_NonFight/8m3onRfr_0.avi,15,120,135,NonFight,0.002594
primary,val/Val_NonFight/8m3onRfr_0.avi,16,128,143,NonFight,0.002797
primary,val/Val_NonFight/8s3rES1a_0.avi,0,0,15,NonFight,0.000360
primary,val/Val_NonFight/8s3rES1a_0.avi,1,8,23,NonFight,0.000850
primary,val/Val_NonFight/8s3rES1a_0.avi,2,16,31,NonFight,0.000971
primary,val/Val_NonFight/8s3rES1a_0.avi,3,24,39,NonFight,0.002173
primary,val/Val_NonFight/8s3rES1a_0.avi,4,32,47,NonFight,0.003342
primary,val/Val_NonFight/8s3rES1a_0.avi,5,40,55,NonFight,0.003245
primary,val/Val_NonFight/8s3rES1a_0.avi,6,48,63,NonFight,0.002071
primary,val/Val_NonFight/8s3rES1a_0.avi,7,56,71,NonFight,0.003562
primary,val/Val_NonFight/8s3rES1a_0.avi,8,64,79,NonFight,0.005543
primary,val/Val_NonFight/8s3rES1a_0.avi,9,72,87,NonFight,0.005949
primary,val/Val_NonFight/8s3rES1a_0.avi,10,80,95,NonFight,0.004733
primary,val/Val_NonFight/8s3rES1a_0.avi,11,88,103,NonFight,0.007805
primary,val/Val_NonFight/8s3rES1a_0.avi,12,96,111,NonFight,0.007167
primary,val/Val_NonFight/8s3rES1a_0.avi,13,104,119,NonFight,0.004737
primary,val/Val_NonFight/8s3rES1a_0.avi,14,112,127,NonFight,0.004074
primary,val/Val_NonFight/8s3rES1a_0.avi,15,120,135,NonFight,0.002173
primary,val/Val_NonFight/8s3rES1a_0.avi,16,128,143,NonFight,0.002400
primary,val/Val_NonFight/8tWVjrUW_0.avi,0,0,15,NonFight,0.278041
primary,val/Val_NonFight/8tWVjrUW_0.avi,1,8,23,NonFight,0.278041
primary,val/Val_NonFight/8tWVjrUW_0.avi,2,16,31,NonFight,0.268885
primary,val/Val_NonFight/8tWVjrUW_0.avi,3,24,39,NonFight,0.018818
primary,val/Val_NonFight/8tWVjrUW_0.avi,4,32,47,NonFight,0.003388
primary,val/Val_NonFight/8tWVjrUW_0.avi,5,40,55,NonFight,0.014203
primary,val/Val_NonFight/8tWVjrUW_0.avi,6,48,63,NonFight,0.004426
primary,val/Val_NonFight/8tWVjrUW_0.avi,7,56,71,NonFight,0.002457
primary,val/Val_NonFight/8tWVjrUW_0.avi,8,64,79,NonFight,0.001779
primary,val/Val_NonFight/8tWVjrUW_0.avi,9,72,87,NonFight,0.001495
primary,val/Val_NonFight/8tWVjrUW_0.avi,10,80,95,NonFight,0.001179
primary,val/Val_NonFight/8tWVjrUW_0.avi,11,88,103,NonFight,0.000415
primary,val/Val_NonFight/8tWVjrUW_0.avi,12,96,111,NonFight,0.000525
primary,val/Val_NonFight/8tWVjrUW_0.avi,13,104,119,NonFight,0.000375
primary,val/Val_NonFight/8tWVjrUW_0.avi,14,112,127,NonFight,0.000311
primary,val/Val_NonFight/8tWVjrUW_0.avi,15,120,135,NonFight,0.000245
primary,val/Val_NonFight/8tWVjrUW_0.avi,16,128,143,NonFight,0.000298
primary,val/Val_NonFight/9JxNZtUK_0.avi,0,0,15,NonFight,0.000291
primary,val/Val_NonFight/9JxNZtUK_0.avi,1,8,23,NonFight,0.000223
primary,val/Val_NonFight/9JxNZtUK_0.avi,2,16,31,NonFight,0.000196
primary,val/Val_NonFight/9JxNZtUK_0.avi,3,24,39,NonFight,0.000243
primary,val/Val_NonFight/9JxNZtUK_0.avi,4,32,47,NonFight,0.000260
primary,val/Val_NonFight/9JxNZtUK_0.avi,5,40,55,NonFight,0.000285
primary,val/Val_NonFight/9JxNZtUK_0.avi,6,48,63,NonFight,0.000266
primary,val/Val_NonFight/9JxNZtUK_0.avi,7,56,71,NonFight,0.000309
primary,val/Val_NonFight/9JxNZtUK_0.avi,8,64,79,NonFight,0.000213
primary,val/Val_NonFight/9JxNZtUK_0.avi,9,72,87,NonFight,0.000255
primary,val/Val_NonFight/9JxNZtUK_0.avi,10,80,95,NonFight,0.000262
primary,val/Val_NonFight/9JxNZtUK_0.avi,11,88,103,NonFight,0.000216
primary,val/Val_NonFight/9JxNZtUK_0.avi,12,96,111,NonFight,0.000204
primary,val/Val_NonFight/9JxNZtUK_0.avi,13,104,119,NonFight,0.000155
primary,val/Val_NonFight/9JxNZtUK_0.avi,14,112,127,NonFight,0.000346
primary,val/Val_NonFight/9JxNZtUK_0.avi,15,120,135,NonFight,0.000331
primary,val/Val_NonFight/9JxNZtUK_0.avi,16,128,143,NonFight,0.000436
primary,val/Val_NonFight/9kly-mpQczg_0.avi,0,0,15,NonFight,0.028841
primary,val/Val_NonFight/9kly-mpQczg_0.avi,1,8,23,NonFight,0.018872
primary,val/Val_NonFight/9kly-mpQczg_0.avi,2,16,31,NonFight,0.018843
primary,val/Val_NonFight/9kly-mpQczg_0.avi,3,24,39,NonFight,0.022965
primary,val/Val_NonFight/9kly-mpQczg_0.avi,4,32,47,NonFight,0.018582
primary,val/Val_NonFight/9kly-mpQczg_0.avi,5,40,55,NonFight,0.027842
primary,val/Val_NonFight/9kly-mpQczg_0.avi,6,48,63,NonFight,0.062752
primary,val/Val_NonFight/9kly-mpQczg_0.avi,7,56,71,NonFight,0.066471
primary,val/Val_NonFight/9kly-mpQczg_0.avi,8,64,79,NonFight,0.051985
primary,val/Val_NonFight/9kly-mpQczg_0.avi,9,72,87,NonFight,0.082085
primary,val/Val_NonFight/9kly-mpQczg_0.avi,10,80,95,NonFight,0.086877
primary,val/Val_NonFight/9kly-mpQczg_0.avi,11,88,103,NonFight,0.075466
primary,val/Val_NonFight/9kly-mpQczg_0.avi,12,96,111,NonFight,0.032607
primary,val/Val_NonFight/9kly-mpQczg_0.avi,13,104,119,NonFight,0.016526
primary,val/Val_NonFight/9kly-mpQczg_0.avi,14,112,127,NonFight,0.011331
primary,val/Val_NonFight/9kly-mpQczg_0.avi,15,120,135,NonFight,0.006053
primary,val/Val_NonFight/9kly-mpQczg_0.avi,16,128,143,NonFight,0.008490
primary,val/Val_NonFight/9kly-mpQczg_1.avi,0,0,15,NonFight,0.134456
primary,val/Val_NonFight/9kly-mpQczg_1.avi,1,8,23,NonFight,0.128729
primary,val/Val_NonFight/9kly-mpQczg_1.avi,2,16,31,NonFight,0.121962
primary,val/Val_NonFight/9kly-mpQczg_1.avi,3,24,39,NonFight,0.124284
primary,val/Val_NonFight/9kly-mpQczg_1.avi,4,32,47,NonFight,0.067714
primary,val/Val_NonFight/9kly-mpQczg_1.avi,5,40,55,NonFight,0.047889
primary,val/Val_NonFight/9kly-mpQczg_1.avi,6,48,63,NonFight,0.036139
primary,val/Val_NonFight/9kly-mpQczg_1.avi,7,56,71,NonFight,0.015815
primary,val/Val_NonFight/9kly-mpQczg_1.avi,8,64,79,NonFight,0.039016
primary,val/Val_NonFight/9kly-mpQczg_1.avi,9,72,87,NonFight,0.157508
primary,val/Val_NonFight/9kly-mpQczg_1.avi,10,80,95,NonFight,0.101291
primary,val/Val_NonFight/9kly-mpQczg_1.avi,11,88,103,NonFight,0.022220
primary,val/Val_NonFight/9kly-mpQczg_1.avi,12,96,111,NonFight,0.024801
primary,val/Val_NonFight/9kly-mpQczg_1.avi,13,104,119,NonFight,0.044500
primary,val/Val_NonFight/9kly-mpQczg_1.avi,14,112,127,NonFight,0.026475
primary,val/Val_NonFight/9kly-mpQczg_1.avi,15,120,135,NonFight,0.073138
primary,val/Val_NonFight/9kly-mpQczg_1.avi,16,128,143,NonFight,0.075010
primary,val/Val_NonFight/A7FCl8G35Cs_0.avi,0,0,15,NonFight,0.031850
primary,val/Val_NonFight/A7FCl8G35Cs_0.avi,1,8,23,NonFight,0.047861
primary,val/Val_NonFight/A7FCl8G35Cs_0.avi,2,16,31,NonFight,0.036183
primary,val/Val_NonFight/A7FCl8G35Cs_0.avi,3,24,39,NonFight,0.024495
primary,val/Val_NonFight/A7FCl8G35Cs_0.avi,4,32,47,NonFight,0.024954
primary,val/Val_NonFight/A7FCl8G35Cs_0.avi,5,40,55,NonFight,0.032505
primary,val/Val_NonFight/A7FCl8G35Cs_0.avi,6,48,63,NonFight,0.026403
primary,val/Val_NonFight/A7FCl8G35Cs_0.avi,7,56,71,NonFight,0.019750
primary,val/Val_NonFight/A7FCl8G35Cs_0.avi,8,64,79,NonFight,0.024718
primary,val/Val_NonFight/A7FCl8G35Cs_0.avi,9,72,87,NonFight,0.036852
primary,val/Val_NonFight/A7FCl8G35Cs_0.avi,10,80,95,NonFight,0.043447
primary,val/Val_NonFight/A7FCl8G35Cs_0.avi,11,88,103,NonFight,0.040338
primary,val/Val_NonFight/A7FCl8G35Cs_0.avi,12,96,111,NonFight,0.036155
primary,val/Val_NonFight/A7FCl8G35Cs_0.avi,13,104,119,NonFight,0.036233
primary,val/Val_NonFight/A7FCl8G35Cs_0.avi,14,112,127,NonFight,0.029778
primary,val/Val_NonFight/A7FCl8G35Cs_0.avi,15,120,135,NonFight,0.031345
primary,val/Val_NonFight/A7FCl8G35Cs_0.avi,16,128,143,NonFight,0.028201
primary,val/Val_NonFight/A7FCl8G35Cs_1.avi,0,0,15,NonFight,0.124900
primary,val/Val_NonFight/A7FCl8G35Cs_1.avi,1,8,23,NonFight,0.055554
primary,val/Val_NonFight/A7FCl8G35Cs_1.avi,2,16,31,NonFight,0.034707
primary,val/Val_NonFight/A7FCl8G35Cs_1.avi,3,24,39,NonFight,0.230389
primary,val/Val_NonFight/A7FCl8G35Cs_1.avi,4,32,47,NonFight,0.472803
primary,val/Val_NonFight/A7FCl8G35Cs_1.avi,5,40,55,NonFight,0.226232
primary,val/Val_NonFight/A7FCl8G35Cs_1.avi,6,48,63,NonFight,0.148753
primary,val/Val_NonFight/A7FCl8G35Cs_1.avi,7,56,71,NonFight,0.050754
primary,val/Val_NonFight/A7FCl8G35Cs_1.avi,8,64,79,NonFight,0.127943
primary,val/Val_NonFight/A7FCl8G35Cs_1.avi,9,72,87,NonFight,0.142323
primary,val/Val_NonFight/A7FCl8G35Cs_1.avi,10,80,95,NonFight,0.368463
primary,val/Val_NonFight/A7FCl8G35Cs_1.avi,11,88,103,NonFight,0.201415
primary,val/Val_NonFight/A7FCl8G35Cs_1.avi,12,96,111,NonFight,0.064474
primary,val/Val_NonFight/A7FCl8G35Cs_1.avi,13,104,119,NonFight,0.161596
primary,val/Val_NonFight/A7FCl8G35Cs_1.avi,14,112,127,NonFight,0.107522
primary,val/Val_NonFight/A7FCl8G35Cs_1.avi,15,120,135,NonFight,0.057977
primary,val/Val_NonFight/A7FCl8G35Cs_1.avi,16,128,143,NonFight,0.067007
primary,val/Val_NonFight/Assault006_x264_0.avi,0,0,15,NonFight,0.381055
primary,val/Val_NonFight/Assault006_x264_0.avi,1,8,23,NonFight,0.083795
primary,val/Val_NonFight/Assault006_x264_0.avi,2,16,31,NonFight,0.039258
primary,val/Val_NonFight/Assault006_x264_0.avi,3,24,39,NonFight,0.026882
primary,val/Val_NonFight/Assault006_x264_0.avi,4,32,47,NonFight,0.046322
primary,val/Val_NonFight/Assault006_x264_0.avi,5,40,55,NonFight,0.026020
primary,val/Val_NonFight/Assault006_x264_0.avi,6,48,63,NonFight,0.013703
primary,val/Val_NonFight/Assault006_x264_0.avi,7,56,71,NonFight,0.019510
primary,val/Val_NonFight/Assault006_x264_0.avi,8,64,79,NonFight,0.021719
primary,val/Val_NonFight/Assault006_x264_0.avi,9,72,87,NonFight,0.030728
primary,val/Val_NonFight/Assault006_x264_0.avi,10,80,95,NonFight,0.027059
primary,val/Val_NonFight/Assault006_x264_0.avi,11,88,103,NonFight,0.065371
primary,val/Val_NonFight/Assault006_x264_0.avi,12,96,111,NonFight,0.042554
primary,val/Val_NonFight/Assault006_x264_0.avi,13,104,119,NonFight,0.022574
primary,val/Val_NonFight/Assault006_x264_0.avi,14,112,127,NonFight,0.057171
primary,val/Val_NonFight/Assault006_x264_0.avi,15,120,135,NonFight,0.046931
primary,val/Val_NonFight/Assault006_x264_0.avi,16,128,143,NonFight,0.052098
primary,val/Val_NonFight/Assault006_x264_1.avi,0,0,15,NonFight,0.055280
primary,val/Val_NonFight/Assault006_x264_1.avi,1,8,23,NonFight,0.060858
primary,val/Val_NonFight/Assault006_x264_1.avi,2,16,31,NonFight,0.106520
primary,val/Val_NonFight/Assault006_x264_1.avi,3,24,39,NonFight,0.093001
primary,val/Val_NonFight/Assault006_x264_1.avi,4,32,47,NonFight,0.148550
primary,val/Val_NonFight/Assault006_x264_1.avi,5,40,55,NonFight,0.216302
primary,val/Val_NonFight/Assault006_x264_1.avi,6,48,63,NonFight,0.127241
primary,val/Val_NonFight/Assault006_x264_1.avi,7,56,71,NonFight,0.124997
primary,val/Val_NonFight/Assault006_x264_1.avi,8,64,79,NonFight,0.209973
primary,val/Val_NonFight/Assault006_x264_1.avi,9,72,87,NonFight,0.118636
primary,val/Val_NonFight/Assault006_x264_1.avi,10,80,95,NonFight,0.099075
primary,val/Val_NonFight/Assault006_x264_1.avi,11,88,103,NonFight,0.092652
primary,val/Val_NonFight/Assault006_x264_1.avi,12,96,111,NonFight,0.173613
primary,val/Val_NonFight/Assault006_x264_1.avi,13,104,119,NonFight,0.528219
primary,val/Val_NonFight/Assault006_x264_1.avi,14,112,127,NonFight,0.316777
primary,val/Val_NonFight/Assault006_x264_1.avi,15,120,135,NonFight,0.174286
primary,val/Val_NonFight/Assault006_x264_1.avi,16,128,143,NonFight,0.209612
primary,val/Val_NonFight/BOnEkkm1_0.avi,0,0,15,NonFight,0.000085
primary,val/Val_NonFight/BOnEkkm1_0.avi,1,8,23,NonFight,0.000091
primary,val/Val_NonFight/BOnEkkm1_0.avi,2,16,31,NonFight,0.000083
primary,val/Val_NonFight/BOnEkkm1_0.avi,3,24,39,NonFight,0.000155
primary,val/Val_NonFight/BOnEkkm1_0.avi,4,32,47,NonFight,0.000342
primary,val/Val_NonFight/BOnEkkm1_0.avi,5,40,55,NonFight,0.000193
primary,val/Val_NonFight/BOnEkkm1_0.avi,6,48,63,NonFight,0.000313
primary,val/Val_NonFight/BOnEkkm1_0.avi,7,56,71,NonFight,0.000300
primary,val/Val_NonFight/BOnEkkm1_0.avi,8,64,79,NonFight,0.000177
primary,val/Val_NonFight/BOnEkkm1_0.avi,9,72,87,NonFight,0.000200
primary,val/Val_NonFight/BOnEkkm1_0.avi,10,80,95,NonFight,0.000296
primary,val/Val_NonFight/BOnEkkm1_0.avi,11,88,103,NonFight,0.000304
primary,val/Val_NonFight/BOnEkkm1_0.avi,12,96,111,NonFight,0.000134
primary,val/Val_NonFight/BOnEkkm1_0.avi,13,104,119,NonFight,0.000090
primary,val/Val_NonFight/BOnEkkm1_0.avi,14,112,127,NonFight,0.000140
primary,val/Val_NonFight/BOnEkkm1_0.avi,15,120,135,NonFight,0.000116
primary,val/Val_NonFight/BOnEkkm1_0.avi,16,128,143,NonFight,0.000238
primary,val/Val_NonFight/Bp3wCVsS_0.avi,0,0,15,NonFight,0.000089
primary,val/Val_NonFight/Bp3wCVsS_0.avi,1,8,23,NonFight,0.000120
primary,val/Val_NonFight/Bp3wCVsS_0.avi,2,16,31,NonFight,0.000182
primary,val/Val_NonFight/Bp3wCVsS_0.avi,3,24,39,NonFight,0.000205
primary,val/Val_NonFight/Bp3wCVsS_0.avi,4,32,47,NonFight,0.000225
primary,val/Val_NonFight/Bp3wCVsS_0.avi,5,40,55,NonFight,0.000221
primary,val/Val_NonFight/Bp3wCVsS_0.avi,6,48,63,NonFight,0.000274
primary,val/Val_NonFight/Bp3wCVsS_0.avi,7,56,71,NonFight,0.000168
primary,val/Val_NonFight/Bp3wCVsS_0.avi,8,64,79,NonFight,0.000242
primary,val/Val_NonFight/Bp3wCVsS_0.avi,9,72,87,NonFight,0.000229
primary,val/Val_NonFight/Bp3wCVsS_0.avi,10,80,95,NonFight,0.000203
primary,val/Val_NonFight/Bp3wCVsS_0.avi,11,88,103,NonFight,0.000098
primary,val/Val_NonFight/Bp3wCVsS_0.avi,12,96,111,NonFight,0.000094
primary,val/Val_NonFight/Bp3wCVsS_0.avi,13,104,119,NonFight,0.000147
primary,val/Val_NonFight/Bp3wCVsS_0.avi,14,112,127,NonFight,0.000164
primary,val/Val_NonFight/Bp3wCVsS_0.avi,15,120,135,NonFight,0.000169
primary,val/Val_NonFight/Bp3wCVsS_0.avi,16,128,143,NonFight,0.000232
primary,val/Val_NonFight/BySljls4_0.avi,0,0,15,NonFight,0.000168
primary,val/Val_NonFight/BySljls4_0.avi,1,8,23,NonFight,0.000175
primary,val/Val_NonFight/BySljls4_0.avi,2,16,31,NonFight,0.000123
primary,val/Val_NonFight/BySljls4_0.avi,3,24,39,NonFight,0.000137
primary,val/Val_NonFight/BySljls4_0.avi,4,32,47,NonFight,0.000073
primary,val/Val_NonFight/BySljls4_0.avi,5,40,55,NonFight,0.000058
primary,val/Val_NonFight/BySljls4_0.avi,6,48,63,NonFight,0.000080
primary,val/Val_NonFight/BySljls4_0.avi,7,56,71,NonFight,0.000085
primary,val/Val_NonFight/BySljls4_0.avi,8,64,79,NonFight,0.000023
primary,val/Val_NonFight/BySljls4_0.avi,9,72,87,NonFight,0.000016
primary,val/Val_NonFight/BySljls4_0.avi,10,80,95,NonFight,0.000007
primary,val/Val_NonFight/BySljls4_0.avi,11,88,103,NonFight,0.000008
primary,val/Val_NonFight/BySljls4_0.avi,12,96,111,NonFight,0.000014
primary,val/Val_NonFight/BySljls4_0.avi,13,104,119,NonFight,0.000023
primary,val/Val_NonFight/BySljls4_0.avi,14,112,127,NonFight,0.000025
primary,val/Val_NonFight/BySljls4_0.avi,15,120,135,NonFight,0.000015
primary,val/Val_NonFight/BySljls4_0.avi,16,128,143,NonFight,0.000007
primary,val/Val_NonFight/CrBTbDcb_0.avi,0,0,15,NonFight,0.000277
primary,val/Val_NonFight/CrBTbDcb_0.avi,1,8,23,NonFight,0.000572
primary,val/Val_NonFight/CrBTbDcb_0.avi,2,16,31,NonFight,0.002626
primary,val/Val_NonFight/CrBTbDcb_0.avi,3,24,39,NonFight,0.002397
primary,val/Val_NonFight/CrBTbDcb_0.avi,4,32,47,NonFight,0.001025
primary,val/Val_NonFight/CrBTbDcb_0.avi,5,40,55,NonFight,0.001025
primary,val/Val_NonFight/CrBTbDcb_0.avi,6,48,63,NonFight,0.003430
primary,val/Val_NonFight/CrBTbDcb_0.avi,7,56,71,NonFight,0.005603
primary,val/Val_NonFight/CrBTbDcb_0.avi,8,64,79,NonFight,0.004698
primary,val/Val_NonFight/CrBTbDcb_0.avi,9,72,87,NonFight,0.002853
primary,val/Val_NonFight/CrBTbDcb_0.avi,10,80,95,NonFight,0.002350
primary,val/Val_NonFight/CrBTbDcb_0.avi,11,88,103,NonFight,0.000984
primary,val/Val_NonFight/CrBTbDcb_0.avi,12,96,111,NonFight,0.000962
primary,val/Val_NonFight/CrBTbDcb_0.avi,13,104,119,NonFight,0.001218
primary,val/Val_NonFight/CrBTbDcb_0.avi,14,112,127,NonFight,0.001019
primary,val/Val_NonFight/CrBTbDcb_0.avi,15,120,135,NonFight,0.001077
primary,val/Val_NonFight/CrBTbDcb_0.avi,16,128,143,NonFight,0.001067
primary,val/Val_NonFight/Cw0HuNI5_0.avi,0,0,15,NonFight,0.002749
primary,val/Val_NonFight/Cw0HuNI5_0.avi,1,8,23,NonFight,0.002596
primary,val/Val_NonFight/Cw0HuNI5_0.avi,2,16,31,NonFight,0.002754
primary,val/Val_NonFight/Cw0HuNI5_0.avi,3,24,39,NonFight,0.002427
primary,val/Val_NonFight/Cw0HuNI5_0.avi,4,32,47,NonFight,0.002305
primary,val/Val_NonFight/Cw0HuNI5_0.avi,5,40,55,NonFight,0.001461
primary,val/Val_NonFight/Cw0HuNI5_0.avi,6,48,63,NonFight,0.001668
primary,val/Val_NonFight/Cw0HuNI5_0.avi,7,56,71,NonFight,0.001756
primary,val/Val_NonFight/Cw0HuNI5_0.avi,8,64,79,NonFight,0.002311
primary,val/Val_NonFight/Cw0HuNI5_0.avi,9,72,87,NonFight,0.002961
primary,val/Val_NonFight/Cw0HuNI5_0.avi,10,80,95,NonFight,0.003313
primary,val/Val_NonFight/Cw0HuNI5_0.avi,11,88,103,NonFight,0.003182
primary,val/Val_NonFight/Cw0HuNI5_0.avi,12,96,111,NonFight,0.003056
primary,val/Val_NonFight/Cw0HuNI5_0.avi,13,104,119,NonFight,0.002150
primary,val/Val_NonFight/Cw0HuNI5_0.avi,14,112,127,NonFight,0.002147
primary,val/Val_NonFight/Cw0HuNI5_0.avi,15,120,135,NonFight,0.002708
primary,val/Val_NonFight/Cw0HuNI5_0.avi,16,128,143,NonFight,0.002517
primary,val/Val_NonFight/DeCoZoey_0.avi,0,0,15,NonFight,0.000255
primary,val/Val_NonFight/DeCoZoey_0.avi,1,8,23,NonFight,0.000160
primary,val/Val_NonFight/DeCoZoey_0.avi,2,16,31,NonFight,0.000104
primary,val/Val_NonFight/DeCoZoey_0.avi,3,24,39,NonFight,0.000125
primary,val/Val_NonFight/DeCoZoey_0.avi,4,32,47,NonFight,0.000128
primary,val/Val_NonFight/DeCoZoey_0.avi,5,40,55,NonFight,0.000120
primary,val/Val_NonFight/DeCoZoey_0.avi,6,48,63,NonFight,0.000135
primary,val/Val_NonFight/DeCoZoey_0.avi,7,56,71,NonFight,0.000281
primary,val/Val_NonFight/DeCoZoey_0.avi,8,64,79,NonFight,0.000294
primary,val/Val_NonFight/DeCoZoey_0.avi,9,72,87,NonFight,0.000338
primary,val/Val_NonFight/DeCoZoey_0.avi,10,80,95,NonFight,0.000265
primary,val/Val_NonFight/DeCoZoey_0.avi,11,88,103,NonFight,0.000273
primary,val/Val_NonFight/DeCoZoey_0.avi,12,96,111,NonFight,0.000258
primary,val/Val_NonFight/DeCoZoey_0.avi,13,104,119,NonFight,0.000148
primary,val/Val_NonFight/DeCoZoey_0.avi,14,112,127,NonFight,0.000212
primary,val/Val_NonFight/DeCoZoey_0.avi,15,120,135,NonFight,0.000276
primary,val/Val_NonFight/DeCoZoey_0.avi,16,128,143,NonFight,0.000346
primary,val/Val_NonFight/EB08Cq4t_0.avi,0,0,15,NonFight,0.000000
primary,val/Val_NonFight/EB08Cq4t_0.avi,1,8,23,NonFight,0.000001
primary,val/Val_NonFight/EB08Cq4t_0.avi,2,16,31,NonFight,0.000000
primary,val/Val_NonFight/EB08Cq4t_0.avi,3,24,39,NonFight,0.000000
primary,val/Val_NonFight/EB08Cq4t_0.avi,4,32,47,NonFight,0.000001
primary,val/Val_NonFight/EB08Cq4t_0.avi,5,40,55,NonFight,0.000001
primary,val/Val_NonFight/EB08Cq4t_0.avi,6,48,63,NonFight,0.000001
primary,val/Val_NonFight/EB08Cq4t_0.avi,7,56,71,NonFight,0.000001
primary,val/Val_NonFight/EB08Cq4t_0.avi,8,64,79,NonFight,0.000001
primary,val/Val_NonFight/EB08Cq4t_0.avi,9,72,87,NonFight,0.000001
primary,val/Val_NonFight/EB08Cq4t_0.avi,10,80,95,NonFight,0.000001
primary,val/Val_NonFight/EB08Cq4t_0.avi,11,88,103,NonFight,0.000003
primary,val/Val_NonFight/EB08Cq4t_0.avi,12,96,111,NonFight,0.000004
primary,val/Val_NonFight/EB08Cq4t_0.avi,13,104,119,NonFight,0.000007
primary,val/Val_NonFight/EB08Cq4t_0.avi,14,112,127,NonFight,0.000020
primary,val/Val_NonFight/EB08Cq4t_0.avi,15,120,135,NonFight,0.000034
primary,val/Val_NonFight/EB08Cq4t_0.avi,16,128,143,NonFight,0.000017
primary,val/Val_NonFight/EFv961C5RgY_0.avi,0,0,15,NonFight,0.014143
primary,val/Val_NonFight/EFv961C5RgY_0.avi,1,8,23,NonFight,0.049057
primary,val/Val_NonFight/EFv961C5RgY_0.avi,2,16,31,NonFight,0.026509
primary,val/Val_NonFight/EFv961C5RgY_0.avi,3,24,39,NonFight,0.025852
primary,val/Val_NonFight/EFv961C5RgY_0.avi,4,32,47,NonFight,0.060457
primary,val/Val_NonFight/EFv961C5RgY_0.avi,5,40,55,NonFight,0.730447
primary,val/Val_NonFight/EFv961C5RgY_0.avi,6,48,63,NonFight,0.449511
primary,val/Val_NonFight/EFv961C5RgY_0.avi,7,56,71,NonFight,0.445614
primary,val/Val_NonFight/EFv961C5RgY_0.avi,8,64,79,NonFight,0.201399
primary,val/Val_NonFight/EFv961C5RgY_0.avi,9,72,87,NonFight,0.106611
primary,val/Val_NonFight/EFv961C5RgY_0.avi,10,80,95,NonFight,0.017473
primary,val/Val_NonFight/EFv961C5RgY_0.avi,11,88,103,NonFight,0.064767
primary,val/Val_NonFight/EFv961C5RgY_0.avi,12,96,111,NonFight,0.044868
primary,val/Val_NonFight/EFv961C5RgY_0.avi,13,104,119,NonFight,0.061159
primary,val/Val_NonFight/EFv961C5RgY_0.avi,14,112,127,NonFight,0.009995
primary,val/Val_NonFight/EFv961C5RgY_0.avi,15,120,135,NonFight,0.003875
primary,val/Val_NonFight/EFv961C5RgY_0.avi,16,128,143,NonFight,0.013997
primary,val/Val_NonFight/F6kgeh23_0.avi,0,0,15,NonFight,0.007890
primary,val/Val_NonFight/F6kgeh23_0.avi,1,8,23,NonFight,0.001107
primary,val/Val_NonFight/F6kgeh23_0.avi,2,16,31,NonFight,0.001310
primary,val/Val_NonFight/F6kgeh23_0.avi,3,24,39,NonFight,0.005272
primary,val/Val_NonFight/F6kgeh23_0.avi,4,32,47,NonFight,0.012447
primary,val/Val_NonFight/F6kgeh23_0.avi,5,40,55,NonFight,0.009220
primary,val/Val_NonFight/F6kgeh23_0.avi,6,48,63,NonFight,0.003482
primary,val/Val_NonFight/F6kgeh23_0.avi,7,56,71,NonFight,0.004546
primary,val/Val_NonFight/F6kgeh23_0.avi,8,64,79,NonFight,0.001192
primary,val/Val_NonFight/F6kgeh23_0.avi,9,72,87,NonFight,0.000594
primary,val/Val_NonFight/F6kgeh23_0.avi,10,80,95,NonFight,0.001029
primary,val/Val_NonFight/F6kgeh23_0.avi,11,88,103,NonFight,0.000828
primary,val/Val_NonFight/F6kgeh23_0.avi,12,96,111,NonFight,0.000466
primary,val/Val_NonFight/F6kgeh23_0.avi,13,104,119,NonFight,0.000995
primary,val/Val_NonFight/F6kgeh23_0.avi,14,112,127,NonFight,0.001420
primary,val/Val_NonFight/F6kgeh23_0.avi,15,120,135,NonFight,0.000632
primary,val/Val_NonFight/F6kgeh23_0.avi,16,128,143,NonFight,0.002912
primary,val/Val_NonFight/Fds7C6sp_0.avi,0,0,15,NonFight,0.000052
primary,val/Val_NonFight/Fds7C6sp_0.avi,1,8,23,NonFight,0.000050
primary,val/Val_NonFight/Fds7C6sp_0.avi,2,16,31,NonFight,0.000084
primary,val/Val_NonFight/Fds7C6sp_0.avi,3,24,39,NonFight,0.000119
primary,val/Val_NonFight/Fds7C6sp_0.avi,4,32,47,NonFight,0.000066
primary,val/Val_NonFight/Fds7C6sp_0.avi,5,40,55,NonFight,0.000041
primary,val/Val_NonFight/Fds7C6sp_0.avi,6,48,63,NonFight,0.000140
primary,val/Val_NonFight/Fds7C6sp_0.avi,7,56,71,NonFight,0.000205
primary,val/Val_NonFight/Fds7C6sp_0.avi,8,64,79,NonFight,0.000190
primary,val/Val_NonFight/Fds7C6sp_0.avi,9,72,87,NonFight,0.000132
primary,val/Val_NonFight/Fds7C6sp_0.avi,10,80,95,NonFight,0.000139
primary,val/Val_NonFight/Fds7C6sp_0.avi,11,88,103,NonFight,0.000159
primary,val/Val_NonFight/Fds7C6sp_0.avi,12,96,111,NonFight,0.000124
primary,val/Val_NonFight/Fds7C6sp_0.avi,13,104,119,NonFight,0.000212
primary,val/Val_NonFight/Fds7C6sp_0.avi,14,112,127,NonFight,0.000076
primary,val/Val_NonFight/Fds7C6sp_0.avi,15,120,135,NonFight,0.000081
primary,val/Val_NonFight/Fds7C6sp_0.avi,16,128,143,NonFight,0.000336
primary,val/Val_NonFight/FpDZIe2z_0.avi,0,0,15,NonFight,0.000153
primary,val/Val_NonFight/FpDZIe2z_0.avi,1,8,23,NonFight,0.000063
primary,val/Val_NonFight/FpDZIe2z_0.avi,2,16,31,NonFight,0.000025
primary,val/Val_NonFight/FpDZIe2z_0.avi,3,24,39,NonFight,0.000038
primary,val/Val_NonFight/FpDZIe2z_0.avi,4,32,47,NonFight,0.000041
primary,val/Val_NonFight/FpDZIe2z_0.avi,5,40,55,NonFight,0.000115
primary,val/Val_NonFight/FpDZIe2z_0.avi,6,48,63,NonFight,0.000407
primary,val/Val_NonFight/FpDZIe2z_0.avi,7,56,71,NonFight,0.000707
primary,val/Val_NonFight/FpDZIe2z_0.avi,8,64,79,NonFight,0.000471
primary,val/Val_NonFight/FpDZIe2z_0.avi,9,72,87,NonFight,0.000388
primary,val/Val_NonFight/FpDZIe2z_0.avi,10,80,95,NonFight,0.000423
primary,val/Val_NonFight/FpDZIe2z_0.avi,11,88,103,NonFight,0.000400
primary,val/Val_NonFight/FpDZIe2z_0.avi,12,96,111,NonFight,0.000502
primary,val/Val_NonFight/FpDZIe2z_0.avi,13,104,119,NonFight,0.001647
primary,val/Val_NonFight/FpDZIe2z_0.avi,14,112,127,NonFight,0.002057
primary,val/Val_NonFight/FpDZIe2z_0.avi,15,120,135,NonFight,0.001073
primary,val/Val_NonFight/FpDZIe2z_0.avi,16,128,143,NonFight,0.001450
primary,val/Val_NonFight/Fwhi4UNI_0.avi,0,0,15,NonFight,0.001263
primary,val/Val_NonFight/Fwhi4UNI_0.avi,1,8,23,NonFight,0.001047
primary,val/Val_NonFight/Fwhi4UNI_0.avi,2,16,31,NonFight,0.000929
primary,val/Val_NonFight/Fwhi4UNI_0.avi,3,24,39,NonFight,0.000733
primary,val/Val_NonFight/Fwhi4UNI_0.avi,4,32,47,NonFight,0.000833
primary,val/Val_NonFight/Fwhi4UNI_0.avi,5,40,55,NonFight,0.000915
primary,val/Val_NonFight/Fwhi4UNI_0.avi,6,48,63,NonFight,0.000665
primary,val/Val_NonFight/Fwhi4UNI_0.avi,7,56,71,NonFight,0.000742
primary,val/Val_NonFight/Fwhi4UNI_0.avi,8,64,79,NonFight,0.000524
primary,val/Val_NonFight/Fwhi4UNI_0.avi,9,72,87,NonFight,0.000598
primary,val/Val_NonFight/Fwhi4UNI_0.avi,10,80,95,NonFight,0.000642
primary,val/Val_NonFight/Fwhi4UNI_0.avi,11,88,103,NonFight,0.000642
primary,val/Val_NonFight/Fwhi4UNI_0.avi,12,96,111,NonFight,0.000698
primary,val/Val_NonFight/Fwhi4UNI_0.avi,13,104,119,NonFight,0.000716
primary,val/Val_NonFight/Fwhi4UNI_0.avi,14,112,127,NonFight,0.000814
primary,val/Val_NonFight/Fwhi4UNI_0.avi,15,120,135,NonFight,0.000998
primary,val/Val_NonFight/Fwhi4UNI_0.avi,16,128,143,NonFight,0.001121
primary,val/Val_NonFight/GCgD8AkV_0.avi,0,0,15,NonFight,0.002770
primary,val/Val_NonFight/GCgD8AkV_0.avi,1,8,23,NonFight,0.003301
primary,val/Val_NonFight/GCgD8AkV_0.avi,2,16,31,NonFight,0.003546
primary,val/Val_NonFight/GCgD8AkV_0.avi,3,24,39,NonFight,0.003580
primary,val/Val_NonFight/GCgD8AkV_0.avi,4,32,47,NonFight,0.003651
primary,val/Val_NonFight/GCgD8AkV_0.avi,5,40,55,NonFight,0.002894
primary,val/Val_NonFight/GCgD8AkV_0.avi,6,48,63,NonFight,0.002679
primary,val/Val_NonFight/GCgD8AkV_0.avi,7,56,71,NonFight,0.002551
primary,val/Val_NonFight/GCgD8AkV_0.avi,8,64,79,NonFight,0.002715
primary,val/Val_NonFight/GCgD8AkV_0.avi,9,72,87,NonFight,0.003728
primary,val/Val_NonFight/GCgD8AkV_0.avi,10,80,95,NonFight,0.003800
primary,val/Val_NonFight/GCgD8AkV_0.avi,11,88,103,NonFight,0.004307
primary,val/Val_NonFight/GCgD8AkV_0.avi,12,96,111,NonFight,0.004246
primary,val/Val_NonFight/GCgD8AkV_0.avi,13,104,119,NonFight,0.003980
primary,val/Val_NonFight/GCgD8AkV_0.avi,14,112,127,NonFight,0.004193
primary,val/Val_NonFight/GCgD8AkV_0.avi,15,120,135,NonFight,0.004168
primary,val/Val_NonFight/GCgD8AkV_0.avi,16,128,143,NonFight,0.003618
primary,val/Val_NonFight/GXvqyqYi_0.avi,0,0,15,NonFight,0.000484
primary,val/Val_NonFight/GXvqyqYi_0.avi,1,8,23,NonFight,0.000447
primary,val/Val_NonFight/GXvqyqYi_0.avi,2,16,31,NonFight,0.000582
primary,val/Val_NonFight/GXvqyqYi_0.avi,3,24,39,NonFight,0.000518
primary,val/Val_NonFight/GXvqyqYi_0.avi,4,32,47,NonFight,0.000483
primary,val/Val_NonFight/GXvqyqYi_0.avi,5,40,55,NonFight,0.000612
primary,val/Val_NonFight/GXvqyqYi_0.avi,6,48,63,NonFight,0.000543
primary,val/Val_NonFight/GXvqyqYi_0.avi,7,56,71,NonFight,0.000791
primary,val/Val_NonFight/GXvqyqYi_0.avi,8,64,79,NonFight,0.000603
primary,val/Val_NonFight/GXvqyqYi_0.avi,9,72,87,NonFight,0.000595
primary,val/Val_NonFight/GXvqyqYi_0.avi,10,80,95,NonFight,0.000489
primary,val/Val_NonFight/GXvqyqYi_0.avi,11,88,103,NonFight,0.000369
primary,val/Val_NonFight/GXvqyqYi_0.avi,12,96,111,NonFight,0.000349
primary,val/Val_NonFight/GXvqyqYi_0.avi,13,104,119,NonFight,0.000362
primary,val/Val_NonFight/GXvqyqYi_0.avi,14,112,127,NonFight,0.000453
primary,val/Val_NonFight/GXvqyqYi_0.avi,15,120,135,NonFight,0.000440
primary,val/Val_NonFight/GXvqyqYi_0.avi,16,128,143,NonFight,0.000313
primary,val/Val_NonFight/GYvqfFzN_0.avi,0,0,15,NonFight,0.005711
primary,val/Val_NonFight/GYvqfFzN_0.avi,1,8,23,NonFight,0.006694
primary,val/Val_NonFight/GYvqfFzN_0.avi,2,16,31,NonFight,0.005939
primary,val/Val_NonFight/GYvqfFzN_0.avi,3,24,39,NonFight,0.006608
primary,val/Val_NonFight/GYvqfFzN_0.avi,4,32,47,NonFight,0.006166
primary,val/Val_NonFight/GYvqfFzN_0.avi,5,40,55,NonFight,0.005852
primary,val/Val_NonFight/GYvqfFzN_0.avi,6,48,63,NonFight,0.005518
primary,val/Val_NonFight/GYvqfFzN_0.avi,7,56,71,NonFight,0.006310
primary,val/Val_NonFight/GYvqfFzN_0.avi,8,64,79,NonFight,0.006627
primary,val/Val_NonFight/GYvqfFzN_0.avi,9,72,87,NonFight,0.007266
primary,val/Val_NonFight/GYvqfFzN_0.avi,10,80,95,NonFight,0.005887
primary,val/Val_NonFight/GYvqfFzN_0.avi,11,88,103,NonFight,0.002139
primary,val/Val_NonFight/GYvqfFzN_0.avi,12,96,111,NonFight,0.000952
primary,val/Val_NonFight/GYvqfFzN_0.avi,13,104,119,NonFight,0.000987
primary,val/Val_NonFight/GYvqfFzN_0.avi,14,112,127,NonFight,0.001134
primary,val/Val_NonFight/GYvqfFzN_0.avi,15,120,135,NonFight,0.002269
primary,val/Val_NonFight/GYvqfFzN_0.avi,16,128,143,NonFight,0.001721
primary,val/Val_NonFight/I-QiUMPTWNE_0.avi,0,0,15,NonFight,0.012264
primary,val/Val_NonFight/I-QiUMPTWNE_0.avi,1,8,23,NonFight,0.025167
primary,val/Val_NonFight/I-QiUMPTWNE_0.avi,2,16,31,NonFight,0.055211
primary,val/Val_NonFight/I-QiUMPTWNE_0.avi,3,24,39,NonFight,0.079023
primary,val/Val_NonFight/I-QiUMPTWNE_0.avi,4,32,47,NonFight,0.076910
primary,val/Val_NonFight/I-QiUMPTWNE_0.avi,5,40,55,NonFight,0.157509
primary,val/Val_NonFight/I-QiUMPTWNE_0.avi,6,48,63,NonFight,0.121740
primary,val/Val_NonFight/I-QiUMPTWNE_0.avi,7,56,71,NonFight,0.013529
primary,val/Val_NonFight/I-QiUMPTWNE_0.avi,8,64,79,NonFight,0.021954
primary,val/Val_NonFight/I-QiUMPTWNE_0.avi,9,72,87,NonFight,0.026946
primary,val/Val_NonFight/I-QiUMPTWNE_0.avi,10,80,95,NonFight,0.014847
primary,val/Val_NonFight/I-QiUMPTWNE_0.avi,11,88,103,NonFight,0.018489
primary,val/Val_NonFight/I-QiUMPTWNE_0.avi,12,96,111,NonFight,0.019180
primary,val/Val_NonFight/I-QiUMPTWNE_0.avi,13,104,119,NonFight,0.014741
primary,val/Val_NonFight/I-QiUMPTWNE_0.avi,14,112,127,NonFight,0.011808
primary,val/Val_NonFight/I-QiUMPTWNE_0.avi,15,120,135,NonFight,0.019354
primary,val/Val_NonFight/I-QiUMPTWNE_0.avi,16,128,143,NonFight,0.016942
primary,val/Val_NonFight/I-QiUMPTWNE_1.avi,0,0,15,NonFight,0.030528
primary,val/Val_NonFight/I-QiUMPTWNE_1.avi,1,8,23,NonFight,0.016337
primary,val/Val_NonFight/I-QiUMPTWNE_1.avi,2,16,31,NonFight,0.018155
primary,val/Val_NonFight/I-QiUMPTWNE_1.avi,3,24,39,NonFight,0.011643
primary,val/Val_NonFight/I-QiUMPTWNE_1.avi,4,32,47,NonFight,0.017226
primary,val/Val_NonFight/I-QiUMPTWNE_1.avi,5,40,55,NonFight,0.046904
primary,val/Val_NonFight/I-QiUMPTWNE_1.avi,6,48,63,NonFight,0.034692
primary,val/Val_NonFight/I-QiUMPTWNE_1.avi,7,56,71,NonFight,0.023782
primary,val/Val_NonFight/I-QiUMPTWNE_1.avi,8,64,79,NonFight,0.030462
primary,val/Val_NonFight/I-QiUMPTWNE_1.avi,9,72,87,NonFight,0.041867
primary,val/Val_NonFight/I-QiUMPTWNE_1.avi,10,80,95,NonFight,0.038222
primary,val/Val_NonFight/I-QiUMPTWNE_1.avi,11,88,103,NonFight,0.041919
primary,val/Val_NonFight/I-QiUMPTWNE_1.avi,12,96,111,NonFight,0.036310
primary,val/Val_NonFight/I-QiUMPTWNE_1.avi,13,104,119,NonFight,0.018793
primary,val/Val_NonFight/I-QiUMPTWNE_1.avi,14,112,127,NonFight,0.034381
primary,val/Val_NonFight/I-QiUMPTWNE_1.avi,15,120,135,NonFight,0.019290
primary,val/Val_NonFight/I-QiUMPTWNE_1.avi,16,128,143,NonFight,0.010536
primary,val/Val_NonFight/I-QiUMPTWNE_2.avi,0,0,15,NonFight,0.017639
primary,val/Val_NonFight/I-QiUMPTWNE_2.avi,1,8,23,NonFight,0.010383
primary,val/Val_NonFight/I-QiUMPTWNE_2.avi,2,16,31,NonFight,0.017795
primary,val/Val_NonFight/I-QiUMPTWNE_2.avi,3,24,39,NonFight,0.046616
primary,val/Val_NonFight/I-QiUMPTWNE_2.avi,4,32,47,NonFight,0.049408
primary,val/Val_NonFight/I-QiUMPTWNE_2.avi,5,40,55,NonFight,0.064780
primary,val/Val_NonFight/I-QiUMPTWNE_2.avi,6,48,63,NonFight,0.100731
primary,val/Val_NonFight/I-QiUMPTWNE_2.avi,7,56,71,NonFight,0.040862
primary,val/Val_NonFight/I-QiUMPTWNE_2.avi,8,64,79,NonFight,0.023134
primary,val/Val_NonFight/I-QiUMPTWNE_2.avi,9,72,87,NonFight,0.028692
primary,val/Val_NonFight/I-QiUMPTWNE_2.avi,10,80,95,NonFight,0.031413
primary,val/Val_NonFight/I-QiUMPTWNE_2.avi,11,88,103,NonFight,0.024506
primary,val/Val_NonFight/I-QiUMPTWNE_2.avi,12,96,111,NonFight,0.013090
primary,val/Val_NonFight/I-QiUMPTWNE_2.avi,13,104,119,NonFight,0.016751
primary,val/Val_NonFight/I-QiUMPTWNE_2.avi,14,112,127,NonFight,0.021047
primary,val/Val_NonFight/I-QiUMPTWNE_2.avi,15,120,135,NonFight,0.028203
primary,val/Val_NonFight/I-QiUMPTWNE_2.avi,16,128,143,NonFight,0.016566
primary,val/Val_NonFight/I3rTHE3L_0.avi,0,0,15,NonFight,0.003043
primary,val/Val_NonFight/I3rTHE3L_0.avi,1,8,23,NonFight,0.004279
primary,val/Val_NonFight/I3rTHE3L_0.avi,2,16,31,NonFight,0.009280
primary,val/Val_NonFight/I3rTHE3L_0.avi,3,24,39,NonFight,0.008705
primary,val/Val_NonFight/I3rTHE3L_0.avi,4,32,47,NonFight,0.007240
primary,val/Val_NonFight/I3rTHE3L_0.avi,5,40,55,NonFight,0.008772
primary,val/Val_NonFight/I3rTHE3L_0.avi,6,48,63,NonFight,0.005317
primary,val/Val_NonFight/I3rTHE3L_0.avi,7,56,71,NonFight,0.010540
primary,val/Val_NonFight/I3rTHE3L_0.avi,8,64,79,NonFight,0.007820
primary,val/Val_NonFight/I3rTHE3L_0.avi,9,72,87,NonFight,0.024201
primary,val/Val_NonFight/I3rTHE3L_0.avi,10,80,95,NonFight,0.015575
primary,val/Val_NonFight/I3rTHE3L_0.avi,11,88,103,NonFight,0.009725
primary,val/Val_NonFight/I3rTHE3L_0.avi,12,96,111,NonFight,0.016078
primary,val/Val_NonFight/I3rTHE3L_0.avi,13,104,119,NonFight,0.030243
primary,val/Val_NonFight/I3rTHE3L_0.avi,14,112,127,NonFight,0.005392
primary,val/Val_NonFight/I3rTHE3L_0.avi,15,120,135,NonFight,0.003916
primary,val/Val_NonFight/I3rTHE3L_0.avi,16,128,143,NonFight,0.032976
primary,val/Val_NonFight/I9OYGpUd_0.avi,0,0,15,NonFight,0.002963
primary,val/Val_NonFight/I9OYGpUd_0.avi,1,8,23,NonFight,0.003021
primary,val/Val_NonFight/I9OYGpUd_0.avi,2,16,31,NonFight,0.002794
primary,val/Val_NonFight/I9OYGpUd_0.avi,3,24,39,NonFight,0.002374
primary,val/Val_NonFight/I9OYGpUd_0.avi,4,32,47,NonFight,0.002515
primary,val/Val_NonFight/I9OYGpUd_0.avi,5,40,55,NonFight,0.002849
primary,val/Val_NonFight/I9OYGpUd_0.avi,6,48,63,NonFight,0.003535
primary,val/Val_NonFight/I9OYGpUd_0.avi,7,56,71,NonFight,0.002382
primary,val/Val_NonFight/I9OYGpUd_0.avi,8,64,79,NonFight,0.002481
primary,val/Val_NonFight/I9OYGpUd_0.avi,9,72,87,NonFight,0.002643
primary,val/Val_NonFight/I9OYGpUd_0.avi,10,80,95,NonFight,0.001593
primary,val/Val_NonFight/I9OYGpUd_0.avi,11,88,103,NonFight,0.002181
primary,val/Val_NonFight/I9OYGpUd_0.avi,12,96,111,NonFight,0.002329
primary,val/Val_NonFight/I9OYGpUd_0.avi,13,104,119,NonFight,0.002764
primary,val/Val_NonFight/I9OYGpUd_0.avi,14,112,127,NonFight,0.002535
primary,val/Val_NonFight/I9OYGpUd_0.avi,15,120,135,NonFight,0.001983
primary,val/Val_NonFight/I9OYGpUd_0.avi,16,128,143,NonFight,0.003048
primary,val/Val_NonFight/IMA4zYs83Lo_0.avi,0,0,15,NonFight,0.046559
primary,val/Val_NonFight/IMA4zYs83Lo_0.avi,1,8,23,NonFight,0.075517
primary,val/Val_NonFight/IMA4zYs83Lo_0.avi,2,16,31,NonFight,0.087844
primary,val/Val_NonFight/IMA4zYs83Lo_0.avi,3,24,39,NonFight,0.097553
primary,val/Val_NonFight/IMA4zYs83Lo_0.avi,4,32,47,NonFight,0.159202
primary,val/Val_NonFight/IMA4zYs83Lo_0.avi,5,40,55,NonFight,0.149917
primary,val/Val_NonFight/IMA4zYs83Lo_0.avi,6,48,63,NonFight,0.212908
primary,val/Val_NonFight/IMA4zYs83Lo_0.avi,7,56,71,NonFight,0.163815
primary,val/Val_NonFight/IMA4zYs83Lo_0.avi,8,64,79,NonFight,0.105366
primary,val/Val_NonFight/IMA4zYs83Lo_0.avi,9,72,87,NonFight,0.196816
primary,val/Val_NonFight/IMA4zYs83Lo_0.avi,10,80,95,NonFight,0.163585
primary,val/Val_NonFight/IMA4zYs83Lo_0.avi,11,88,103,NonFight,0.180717
primary,val/Val_NonFight/IMA4zYs83Lo_0.avi,12,96,111,NonFight,0.132196
primary,val/Val_NonFight/IMA4zYs83Lo_0.avi,13,104,119,NonFight,0.181408
primary,val/Val_NonFight/IMA4zYs83Lo_0.avi,14,112,127,NonFight,0.201756
primary,val/Val_NonFight/IMA4zYs83Lo_0.avi,15,120,135,NonFight,0.351485
primary,val/Val_NonFight/IMA4zYs83Lo_0.avi,16,128,143,NonFight,0.503377
primary,val/Val_NonFight/IvimSdBV_0.avi,0,0,15,NonFight,0.000189
primary,val/Val_NonFight/IvimSdBV_0.avi,1,8,23,NonFight,0.000300
primary,val/Val_NonFight/IvimSdBV_0.avi,2,16,31,NonFight,0.000402
primary,val/Val_NonFight/IvimSdBV_0.avi,3,24,39,NonFight,0.000680
primary,val/Val_NonFight/IvimSdBV_0.avi,4,32,47,NonFight,0.000971
primary,val/Val_NonFight/IvimSdBV_0.avi,5,40,55,NonFight,0.001165
primary,val/Val_NonFight/IvimSdBV_0.avi,6,48,63,NonFight,0.001386
primary,val/Val_NonFight/IvimSdBV_0.avi,7,56,71,NonFight,0.001458
primary,val/Val_NonFight/IvimSdBV_0.avi,8,64,79,NonFight,0.001226
primary,val/Val_NonFight/IvimSdBV_0.avi,9,72,87,NonFight,0.001039
primary,val/Val_NonFight/IvimSdBV_0.avi,10,80,95,NonFight,0.001115
primary,val/Val_NonFight/IvimSdBV_0.avi,11,88,103,NonFight,0.001201
primary,val/Val_NonFight/IvimSdBV_0.avi,12,96,111,NonFight,0.001277
primary,val/Val_NonFight/IvimSdBV_0.avi,13,104,119,NonFight,0.001051
primary,val/Val_NonFight/IvimSdBV_0.avi,14,112,127,NonFight,0.000910
primary,val/Val_NonFight/IvimSdBV_0.avi,15,120,135,NonFight,0.000944
primary,val/Val_NonFight/IvimSdBV_0.avi,16,128,143,NonFight,0.000899
primary,val/Val_NonFight/JECBfnp2ZXc_0.avi,0,0,15,NonFight,0.000498
primary,val/Val_NonFight/JECBfnp2ZXc_0.avi,1,8,23,NonFight,0.000524
primary,val/Val_NonFight/JECBfnp2ZXc_0.avi,2,16,31,NonFight,0.000539
primary,val/Val_NonFight/JECBfnp2ZXc_0.avi,3,24,39,NonFight,0.000584
primary,val/Val_NonFight/JECBfnp2ZXc_0.avi,4,32,47,NonFight,0.000689
primary,val/Val_NonFight/JECBfnp2ZXc_0.avi,5,40,55,NonFight,0.000770
primary,val/Val_NonFight/JECBfnp2ZXc_0.avi,6,48,63,NonFight,0.000737
primary,val/Val_NonFight/JECBfnp2ZXc_0.avi,7,56,71,NonFight,0.000637
primary,val/Val_NonFight/JECBfnp2ZXc_0.avi,8,64,79,NonFight,0.000346
primary,val/Val_NonFight/JECBfnp2ZXc_0.avi,9,72,87,NonFight,0.000224
primary,val/Val_NonFight/JECBfnp2ZXc_0.avi,10,80,95,NonFight,0.000396
primary,val/Val_NonFight/JECBfnp2ZXc_0.avi,11,88,103,NonFight,0.001173
primary,val/Val_NonFight/JECBfnp2ZXc_0.avi,12,96,111,NonFight,0.001786
primary,val/Val_NonFight/JECBfnp2ZXc_0.avi,13,104,119,NonFight,0.001374
primary,val/Val_NonFight/JECBfnp2ZXc_0.avi,14,112,127,NonFight,0.001062
primary,val/Val_NonFight/JECBfnp2ZXc_0.avi,15,120,135,NonFight,0.000859
primary,val/Val_NonFight/JECBfnp2ZXc_0.avi,16,128,143,NonFight,0.001034
primary,val/Val_NonFight/JECBfnp2ZXc_1.avi,0,0,15,NonFight,0.001944
primary,val/Val_NonFight/JECBfnp2ZXc_1.avi,1,8,23,NonFight,0.006583
primary,val/Val_NonFight/JECBfnp2ZXc_1.avi,2,16,31,NonFight,0.006724
primary,val/Val_NonFight/JECBfnp2ZXc_1.avi,3,24,39,NonFight,0.004612
primary,val/Val_NonFight/JECBfnp2ZXc_1.avi,4,32,47,NonFight,0.004031
primary,val/Val_NonFight/JECBfnp2ZXc_1.avi,5,40,55,NonFight,0.002238
primary,val/Val_NonFight/JECBfnp2ZXc_1.avi,6,48,63,NonFight,0.004881
primary,val/Val_NonFight/JECBfnp2ZXc_1.avi,7,56,71,NonFight,0.008174
primary,val/Val_NonFight/JECBfnp2ZXc_1.avi,8,64,79,NonFight,0.013193
primary,val/Val_NonFight/JECBfnp2ZXc_1.avi,9,72,87,NonFight,0.003642
primary,val/Val_NonFight/JECBfnp2ZXc_1.avi,10,80,95,NonFight,0.000726
primary,val/Val_NonFight/JECBfnp2ZXc_1.avi,11,88,103,NonFight,0.001661
primary,val/Val_NonFight/JECBfnp2ZXc_1.avi,12,96,111,NonFight,0.001413
primary,val/Val_NonFight/JECBfnp2ZXc_1.avi,13,104,119,NonFight,0.000949
primary,val/Val_NonFight/JECBfnp2ZXc_1.avi,14,112,127,NonFight,0.002828
primary,val/Val_NonFight/JECBfnp2ZXc_1.avi,15,120,135,NonFight,0.004328
primary,val/Val_NonFight/JECBfnp2ZXc_1.avi,16,128,143,NonFight,0.004234
primary,val/Val_NonFight/JECBfnp2ZXc_2.avi,0,0,15,NonFight,0.004461
primary,val/Val_NonFight/JECBfnp2ZXc_2.avi,1,8,23,NonFight,0.004180
primary,val/Val_NonFight/JECBfnp2ZXc_2.avi,2,16,31,NonFight,0.002183
primary,val/Val_NonFight/JECBfnp2ZXc_2.avi,3,24,39,NonFight,0.008982
primary,val/Val_NonFight/JECBfnp2ZXc_2.avi,4,32,47,NonFight,0.012018
primary,val/Val_NonFight/JECBfnp2ZXc_2.avi,5,40,55,NonFight,0.004011
primary,val/Val_NonFight/JECBfnp2ZXc_2.avi,6,48,63,NonFight,0.005452
primary,val/Val_NonFight/JECBfnp2ZXc_2.avi,7,56,71,NonFight,0.001261
primary,val/Val_NonFight/JECBfnp2ZXc_2.avi,8,64,79,NonFight,0.003075
primary,val/Val_NonFight/JECBfnp2ZXc_2.avi,9,72,87,NonFight,0.002278
primary,val/Val_NonFight/JECBfnp2ZXc_2.avi,10,80,95,NonFight,0.000775
primary,val/Val_NonFight/JECBfnp2ZXc_2.avi,11,88,103,NonFight,0.000323
primary,val/Val_NonFight/JECBfnp2ZXc_2.avi,12,96,111,NonFight,0.000037
primary,val/Val_NonFight/JECBfnp2ZXc_2.avi,13,104,119,NonFight,0.000092
primary,val/Val_NonFight/JECBfnp2ZXc_2.avi,14,112,127,NonFight,0.000161
primary,val/Val_NonFight/JECBfnp2ZXc_2.avi,15,120,135,NonFight,0.000164
primary,val/Val_NonFight/JECBfnp2ZXc_2.avi,16,128,143,NonFight,0.002632
primary,val/Val_NonFight/JOMXfA1R_0.avi,0,0,15,NonFight,0.002666
primary,val/Val_NonFight/JOMXfA1R_0.avi,1,8,23,NonFight,0.002228
primary,val/Val_NonFight/JOMXfA1R_0.avi,2,16,31,NonFight,0.002018
primary,val/Val_NonFight/JOMXfA1R_0.avi,3,24,39,NonFight,0.001482
primary,val/Val_NonFight/JOMXfA1R_0.avi,4,32,47,NonFight,0.001723
primary,val/Val_NonFight/JOMXfA1R_0.avi,5,40,55,NonFight,0.004634
primary,val/Val_NonFight/JOMXfA1R_0.avi,6,48,63,NonFight,0.001096
primary,val/Val_NonFight/JOMXfA1R_0.avi,7,56,71,NonFight,0.000879
primary,val/Val_NonFight/JOMXfA1R_0.avi,8,64,79,NonFight,0.000375
primary,val/Val_NonFight/JOMXfA1R_0.avi,9,72,87,NonFight,0.001322
primary,val/Val_NonFight/JOMXfA1R_0.avi,10,80,95,NonFight,0.003364
primary,val/Val_NonFight/JOMXfA1R_0.avi,11,88,103,NonFight,0.005119
primary,val/Val_NonFight/JOMXfA1R_0.avi,12,96,111,NonFight,0.011228
primary,val/Val_NonFight/JOMXfA1R_0.avi,13,104,119,NonFight,0.029203
primary,val/Val_NonFight/JOMXfA1R_0.avi,14,112,127,NonFight,0.048452
primary,val/Val_NonFight/JOMXfA1R_0.avi,15,120,135,NonFight,0.007067
primary,val/Val_NonFight/JOMXfA1R_0.avi,16,128,143,NonFight,0.002931
primary,val/Val_NonFight/K4qpMWJS_0.avi,0,0,15,NonFight,0.013299
primary,val/Val_NonFight/K4qpMWJS_0.avi,1,8,23,NonFight,0.013448
primary,val/Val_NonFight/K4qpMWJS_0.avi,2,16,31,NonFight,0.013872
primary,val/Val_NonFight/K4qpMWJS_0.avi,3,24,39,NonFight,0.009143
primary,val/Val_NonFight/K4qpMWJS_0.avi,4,32,47,NonFight,0.007065
primary,val/Val_NonFight/K4qpMWJS_0.avi,5,40,55,NonFight,0.010730
primary,val/Val_NonFight/K4qpMWJS_0.avi,6,48,63,NonFight,0.017666
primary,val/Val_NonFight/K4qpMWJS_0.avi,7,56,71,NonFight,0.044297
primary,val/Val_NonFight/K4qpMWJS_0.avi,8,64,79,NonFight,0.057189
primary,val/Val_NonFight/K4qpMWJS_0.avi,9,72,87,NonFight,0.362794
primary,val/Val_NonFight/K4qpMWJS_0.avi,10,80,95,NonFight,0.090122
primary,val/Val_NonFight/K4qpMWJS_0.avi,11,88,103,NonFight,0.134715
primary,val/Val_NonFight/K4qpMWJS_0.avi,12,96,111,NonFight,0.079305
primary,val/Val_NonFight/K4qpMWJS_0.avi,13,104,119,NonFight,0.033344
primary,val/Val_NonFight/K4qpMWJS_0.avi,14,112,127,NonFight,0.101624
primary,val/Val_NonFight/K4qpMWJS_0.avi,15,120,135,NonFight,0.039017
primary,val/Val_NonFight/K4qpMWJS_0.avi,16,128,143,NonFight,0.007160
primary,val/Val_NonFight/LKdiIccO_0.avi,0,0,15,NonFight,0.032489
primary,val/Val_NonFight/LKdiIccO_0.avi,1,8,23,NonFight,0.032756
primary,val/Val_NonFight/LKdiIccO_0.avi,2,16,31,NonFight,0.025494
primary,val/Val_NonFight/LKdiIccO_0.avi,3,24,39,NonFight,0.017235
primary,val/Val_NonFight/LKdiIccO_0.avi,4,32,47,NonFight,0.013491
primary,val/Val_NonFight/LKdiIccO_0.avi,5,40,55,NonFight,0.012407
primary,val/Val_NonFight/LKdiIccO_0.avi,6,48,63,NonFight,0.011070
primary,val/Val_NonFight/LKdiIccO_0.avi,7,56,71,NonFight,0.011397
primary,val/Val_NonFight/LKdiIccO_0.avi,8,64,79,NonFight,0.007516
primary,val/Val_NonFight/LKdiIccO_0.avi,9,72,87,NonFight,0.008846
primary,val/Val_NonFight/LKdiIccO_0.avi,10,80,95,NonFight,0.012485
primary,val/Val_NonFight/LKdiIccO_0.avi,11,88,103,NonFight,0.009893
primary,val/Val_NonFight/LKdiIccO_0.avi,12,96,111,NonFight,0.006865
primary,val/Val_NonFight/LKdiIccO_0.avi,13,104,119,NonFight,0.008642
primary,val/Val_NonFight/LKdiIccO_0.avi,14,112,127,NonFight,0.006199
primary,val/Val_NonFight/LKdiIccO_0.avi,15,120,135,NonFight,0.010358
primary,val/Val_NonFight/LKdiIccO_0.avi,16,128,143,NonFight,0.006788
primary,val/Val_NonFight/LoQZojhn_0.avi,0,0,15,NonFight,0.015905
primary,val/Val_NonFight/LoQZojhn_0.avi,1,8,23,NonFight,0.011345
primary,val/Val_NonFight/LoQZojhn_0.avi,2,16,31,NonFight,0.010207
primary,val/Val_NonFight/LoQZojhn_0.avi,3,24,39,NonFight,0.009193
primary,val/Val_NonFight/LoQZojhn_0.avi,4,32,47,NonFight,0.010595
primary,val/Val_NonFight/LoQZojhn_0.avi,5,40,55,NonFight,0.009561
primary,val/Val_NonFight/LoQZojhn_0.avi,6,48,63,NonFight,0.008984
primary,val/Val_NonFight/LoQZojhn_0.avi,7,56,71,NonFight,0.007834
primary,val/Val_NonFight/LoQZojhn_0.avi,8,64,79,NonFight,0.007475
primary,val/Val_NonFight/LoQZojhn_0.avi,9,72,87,NonFight,0.007587
primary,val/Val_NonFight/LoQZojhn_0.avi,10,80,95,NonFight,0.007452
primary,val/Val_NonFight/LoQZojhn_0.avi,11,88,103,NonFight,0.008903
primary,val/Val_NonFight/LoQZojhn_0.avi,12,96,111,NonFight,0.009059
primary,val/Val_NonFight/LoQZojhn_0.avi,13,104,119,NonFight,0.009634
primary,val/Val_NonFight/LoQZojhn_0.avi,14,112,127,NonFight,0.009555
primary,val/Val_NonFight/LoQZojhn_0.avi,15,120,135,NonFight,0.015106
primary,val/Val_NonFight/LoQZojhn_0.avi,16,128,143,NonFight,0.013344
primary,val/Val_NonFight/LruY67tu_0.avi,0,0,15,NonFight,0.000006
primary,val/Val_NonFight/LruY67tu_0.avi,1,8,23,NonFight,0.000024
primary,val/Val_NonFight/LruY67tu_0.avi,2,16,31,NonFight,0.000053
primary,val/Val_NonFight/LruY67tu_0.avi,3,24,39,NonFight,0.000020
primary,val/Val_NonFight/LruY67tu_0.avi,4,32,47,NonFight,0.000013
primary,val/Val_NonFight/LruY67tu_0.avi,5,40,55,NonFight,0.000009
primary,val/Val_NonFight/LruY67tu_0.avi,6,48,63,NonFight,0.000019
primary,val/Val_NonFight/LruY67tu_0.avi,7,56,71,NonFight,0.000016
primary,val/Val_NonFight/LruY67tu_0.avi,8,64,79,NonFight,0.000017
primary,val/Val_NonFight/LruY67tu_0.avi,9,72,87,NonFight,0.000027
primary,val/Val_NonFight/LruY67tu_0.avi,10,80,95,NonFight,0.000020
primary,val/Val_NonFight/LruY67tu_0.avi,11,88,103,NonFight,0.000010
primary,val/Val_NonFight/LruY67tu_0.avi,12,96,111,NonFight,0.000014
primary,val/Val_NonFight/LruY67tu_0.avi,13,104,119,NonFight,0.000033
primary,val/Val_NonFight/LruY67tu_0.avi,14,112,127,NonFight,0.000034
primary,val/Val_NonFight/LruY67tu_0.avi,15,120,135,NonFight,0.000025
primary,val/Val_NonFight/LruY67tu_0.avi,16,128,143,NonFight,0.000058
primary,val/Val_NonFight/LtfqEsod_0.avi,0,0,15,NonFight,0.000016
primary,val/Val_NonFight/LtfqEsod_0.avi,1,8,23,NonFight,0.000017
primary,val/Val_NonFight/LtfqEsod_0.avi,2,16,31,NonFight,0.000013
primary,val/Val_NonFight/LtfqEsod_0.avi,3,24,39,NonFight,0.000019
primary,val/Val_NonFight/LtfqEsod_0.avi,4,32,47,NonFight,0.000005
primary,val/Val_NonFight/LtfqEsod_0.avi,5,40,55,NonFight,0.000005
primary,val/Val_NonFight/LtfqEsod_0.avi,6,48,63,NonFight,0.000005
primary,val/Val_NonFight/LtfqEsod_0.avi,7,56,71,NonFight,0.000006
primary,val/Val_NonFight/LtfqEsod_0.avi,8,64,79,NonFight,0.000008
primary,val/Val_NonFight/LtfqEsod_0.avi,9,72,87,NonFight,0.000005
primary,val/Val_NonFight/LtfqEsod_0.avi,10,80,95,NonFight,0.000009
primary,val/Val_NonFight/LtfqEsod_0.avi,11,88,103,NonFight,0.000017
primary,val/Val_NonFight/LtfqEsod_0.avi,12,96,111,NonFight,0.000018
primary,val/Val_NonFight/LtfqEsod_0.avi,13,104,119,NonFight,0.000044
primary,val/Val_NonFight/LtfqEsod_0.avi,14,112,127,NonFight,0.000029
primary,val/Val_NonFight/LtfqEsod_0.avi,15,120,135,NonFight,0.000077
primary,val/Val_NonFight/LtfqEsod_0.avi,16,128,143,NonFight,0.000163
primary,val/Val_NonFight/MrEU15Ug_0.avi,0,0,15,NonFight,0.000007
primary,val/Val_NonFight/MrEU15Ug_0.avi,1,8,23,NonFight,0.000005
primary,val/Val_NonFight/MrEU15Ug_0.avi,2,16,31,NonFight,0.000078
primary,val/Val_NonFight/MrEU15Ug_0.avi,3,24,39,NonFight,0.000270
primary,val/Val_NonFight/MrEU15Ug_0.avi,4,32,47,NonFight,0.000212
primary,val/Val_NonFight/MrEU15Ug_0.avi,5,40,55,NonFight,0.000101
primary,val/Val_NonFight/MrEU15Ug_0.avi,6,48,63,NonFight,0.000057
primary,val/Val_NonFight/MrEU15Ug_0.avi,7,56,71,NonFight,0.000042
primary,val/Val_NonFight/MrEU15Ug_0.avi,8,64,79,NonFight,0.000033
primary,val/Val_NonFight/MrEU15Ug_0.avi,9,72,87,NonFight,0.000009
primary,val/Val_NonFight/MrEU15Ug_0.avi,10,80,95,NonFight,0.000007
primary,val/Val_NonFight/MrEU15Ug_0.avi,11,88,103,NonFight,0.000010
primary,val/Val_NonFight/MrEU15Ug_0.avi,12,96,111,NonFight,0.000015
primary,val/Val_NonFight/MrEU15Ug_0.avi,13,104,119,NonFight,0.000006
primary,val/Val_NonFight/MrEU15Ug_0.avi,14,112,127,NonFight,0.000020
primary,val/Val_NonFight/MrEU15Ug_0.avi,15,120,135,NonFight,0.000013
primary,val/Val_NonFight/MrEU15Ug_0.avi,16,128,143,NonFight,0.000007
primary,val/Val_NonFight/MxkTo5F-nvU_0.avi,0,0,15,NonFight,0.021941
primary,val/Val_NonFight/MxkTo5F-nvU_0.avi,1,8,23,NonFight,0.009428
primary,val/Val_NonFight/MxkTo5F-nvU_0.avi,2,16,31,NonFight,0.016714
primary,val/Val_NonFight/MxkTo5F-nvU_0.avi,3,24,39,NonFight,0.016472
primary,val/Val_NonFight/MxkTo5F-nvU_0.avi,4,32,47,NonFight,0.050867
primary,val/Val_NonFight/MxkTo5F-nvU_0.avi,5,40,55,NonFight,0.222675
primary,val/Val_NonFight/MxkTo5F-nvU_0.avi,6,48,63,NonFight,0.112041
primary,val/Val_NonFight/MxkTo5F-nvU_0.avi,7,56,71,NonFight,0.115624
primary,val/Val_NonFight/MxkTo5F-nvU_0.avi,8,64,79,NonFight,0.116659
primary,val/Val_NonFight/MxkTo5F-nvU_0.avi,9,72,87,NonFight,0.087576
primary,val/Val_NonFight/MxkTo5F-nvU_0.avi,10,80,95,NonFight,0.102112
primary,val/Val_NonFight/MxkTo5F-nvU_0.avi,11,88,103,NonFight,0.087205
primary,val/Val_NonFight/MxkTo5F-nvU_0.avi,12,96,111,NonFight,0.070749
primary,val/Val_NonFight/MxkTo5F-nvU_0.avi,13,104,119,NonFight,0.086395
primary,val/Val_NonFight/MxkTo5F-nvU_0.avi,14,112,127,NonFight,0.077333
primary,val/Val_NonFight/MxkTo5F-nvU_0.avi,15,120,135,NonFight,0.087489
primary,val/Val_NonFight/MxkTo5F-nvU_0.avi,16,128,143,NonFight,0.073810
primary,val/Val_NonFight/N8M1mmW9_0.avi,0,0,15,NonFight,0.000223
primary,val/Val_NonFight/N8M1mmW9_0.avi,1,8,23,NonFight,0.000223
primary,val/Val_NonFight/N8M1mmW9_0.avi,2,16,31,NonFight,0.000274
primary,val/Val_NonFight/N8M1mmW9_0.avi,3,24,39,NonFight,0.000243
primary,val/Val_NonFight/N8M1mmW9_0.avi,4,32,47,NonFight,0.000240
primary,val/Val_NonFight/N8M1mmW9_0.avi,5,40,55,NonFight,0.000254
primary,val/Val_NonFight/N8M1mmW9_0.avi,6,48,63,NonFight,0.000218
primary,val/Val_NonFight/N8M1mmW9_0.avi,7,56,71,NonFight,0.000195
primary,val/Val_NonFight/N8M1mmW9_0.avi,8,64,79,NonFight,0.000265
primary,val/Val_NonFight/N8M1mmW9_0.avi,9,72,87,NonFight,0.000257
primary,val/Val_NonFight/N8M1mmW9_0.avi,10,80,95,NonFight,0.000246
primary,val/Val_NonFight/N8M1mmW9_0.avi,11,88,103,NonFight,0.000211
primary,val/Val_NonFight/N8M1mmW9_0.avi,12,96,111,NonFight,0.000219
primary,val/Val_NonFight/N8M1mmW9_0.avi,13,104,119,NonFight,0.000255
primary,val/Val_NonFight/N8M1mmW9_0.avi,14,112,127,NonFight,0.000280
primary,val/Val_NonFight/N8M1mmW9_0.avi,15,120,135,NonFight,0.000311
primary,val/Val_NonFight/N8M1mmW9_0.avi,16,128,143,NonFight,0.000405
primary,val/Val_NonFight/NQpYodM6_0.avi,0,0,15,NonFight,0.000037
primary,val/Val_NonFight/NQpYodM6_0.avi,1,8,23,NonFight,0.000031
primary,val/Val_NonFight/NQpYodM6_0.avi,2,16,31,NonFight,0.000038
primary,val/Val_NonFight/NQpYodM6_0.avi,3,24,39,NonFight,0.000049
primary,val/Val_NonFight/NQpYodM6_0.avi,4,32,47,NonFight,0.000039
primary,val/Val_NonFight/NQpYodM6_0.avi,5,40,55,NonFight,0.000056
primary,val/Val_NonFight/NQpYodM6_0.avi,6,48,63,NonFight,0.000052
primary,val/Val_NonFight/NQpYodM6_0.avi,7,56,71,NonFight,0.000051
primary,val/Val_NonFight/NQpYodM6_0.avi,8,64,79,NonFight,0.000057
primary,val/Val_NonFight/NQpYodM6_0.avi,9,72,87,NonFight,0.000034
primary,val/Val_NonFight/NQpYodM6_0.avi,10,80,95,NonFight,0.000072
primary,val/Val_NonFight/NQpYodM6_0.avi,11,88,103,NonFight,0.000446
primary,val/Val_NonFight/NQpYodM6_0.avi,12,96,111,NonFight,0.002179
primary,val/Val_NonFight/NQpYodM6_0.avi,13,104,119,NonFight,0.001629
primary,val/Val_NonFight/NQpYodM6_0.avi,14,112,127,NonFight,0.001520
primary,val/Val_NonFight/NQpYodM6_0.avi,15,120,135,NonFight,0.003701
primary,val/Val_NonFight/NQpYodM6_0.avi,16,128,143,NonFight,0.002104
primary,val/Val_NonFight/NW4ndzCa_0.avi,0,0,15,NonFight,0.010196
primary,val/Val_NonFight/NW4ndzCa_0.avi,1,8,23,NonFight,0.015876
primary,val/Val_NonFight/NW4ndzCa_0.avi,2,16,31,NonFight,0.017854
primary,val/Val_NonFight/NW4ndzCa_0.avi,3,24,39,NonFight,0.043373
primary,val/Val_NonFight/NW4ndzCa_0.avi,4,32,47,NonFight,0.040376
primary,val/Val_NonFight/NW4ndzCa_0.avi,5,40,55,NonFight,0.036134
primary,val/Val_NonFight/NW4ndzCa_0.avi,6,48,63,NonFight,0.094111
primary,val/Val_NonFight/NW4ndzCa_0.avi,7,56,71,NonFight,0.125613
primary,val/Val_NonFight/NW4ndzCa_0.avi,8,64,79,NonFight,0.199712
primary,val/Val_NonFight/NW4ndzCa_0.avi,9,72,87,NonFight,0.214137
primary,val/Val_NonFight/NW4ndzCa_0.avi,10,80,95,NonFight,0.231485
primary,val/Val_NonFight/NW4ndzCa_0.avi,11,88,103,NonFight,0.233539
primary,val/Val_NonFight/NW4ndzCa_0.avi,12,96,111,NonFight,0.240217
primary,val/Val_NonFight/NW4ndzCa_0.avi,13,104,119,NonFight,0.235087
primary,val/Val_NonFight/NW4ndzCa_0.avi,14,112,127,NonFight,0.240660
primary,val/Val_NonFight/NW4ndzCa_0.avi,15,120,135,NonFight,0.248363
primary,val/Val_NonFight/NW4ndzCa_0.avi,16,128,143,NonFight,0.250750
primary,val/Val_NonFight/NWIc3Yat_0.avi,0,0,15,NonFight,0.016650
primary,val/Val_NonFight/NWIc3Yat_0.avi,1,8,23,NonFight,0.014910
primary,val/Val_NonFight/NWIc3Yat_0.avi,2,16,31,NonFight,0.012042
primary,val/Val_NonFight/NWIc3Yat_0.avi,3,24,39,NonFight,0.011754
primary,val/Val_NonFight/NWIc3Yat_0.avi,4,32,47,NonFight,0.014482
primary,val/Val_NonFight/NWIc3Yat_0.avi,5,40,55,NonFight,0.014123
primary,val/Val_NonFight/NWIc3Yat_0.avi,6,48,63,NonFight,0.013663
primary,val/Val_NonFight/NWIc3Yat_0.avi,7,56,71,NonFight,0.015401
primary,val/Val_NonFight/NWIc3Yat_0.avi,8,64,79,NonFight,0.018160
primary,val/Val_NonFight/NWIc3Yat_0.avi,9,72,87,NonFight,0.014156
primary,val/Val_NonFight/NWIc3Yat_0.avi,10,80,95,NonFight,0.011667
primary,val/Val_NonFight/NWIc3Yat_0.avi,11,88,103,NonFight,0.012013
primary,val/Val_NonFight/NWIc3Yat_0.avi,12,96,111,NonFight,0.013172
primary,val/Val_NonFight/NWIc3Yat_0.avi,13,104,119,NonFight,0.015295
primary,val/Val_NonFight/NWIc3Yat_0.avi,14,112,127,NonFight,0.013939
primary,val/Val_NonFight/NWIc3Yat_0.avi,15,120,135,NonFight,0.014044
primary,val/Val_NonFight/NWIc3Yat_0.avi,16,128,143,NonFight,0.014165
primary,val/Val_NonFight/NWqRgoGh_0.avi,0,0,15,NonFight,0.017610
primary,val/Val_NonFight/NWqRgoGh_0.avi,1,8,23,NonFight,0.009429
primary,val/Val_NonFight/NWqRgoGh_0.avi,2,16,31,NonFight,0.018496
primary,val/Val_NonFight/NWqRgoGh_0.avi,3,24,39,NonFight,0.031495
primary,val/Val_NonFight/NWqRgoGh_0.avi,4,32,47,NonFight,0.054292
primary,val/Val_NonFight/NWqRgoGh_0.avi,5,40,55,NonFight,0.015446
primary,val/Val_NonFight/NWqRgoGh_0.avi,6,48,63,NonFight,0.041620
primary,val/Val_NonFight/NWqRgoGh_0.avi,7,56,71,NonFight,0.181995
primary,val/Val_NonFight/NWqRgoGh_0.avi,8,64,79,NonFight,0.319501
primary,val/Val_NonFight/NWqRgoGh_0.avi,9,72,87,NonFight,0.350199
primary,val/Val_NonFight/NWqRgoGh_0.avi,10,80,95,NonFight,0.302262
primary,val/Val_NonFight/NWqRgoGh_0.avi,11,88,103,NonFight,0.122940
primary,val/Val_NonFight/NWqRgoGh_0.avi,12,96,111,NonFight,0.097300
primary,val/Val_NonFight/NWqRgoGh_0.avi,13,104,119,NonFight,0.101810
primary,val/Val_NonFight/NWqRgoGh_0.avi,14,112,127,NonFight,0.131197
primary,val/Val_NonFight/NWqRgoGh_0.avi,15,120,135,NonFight,0.219020
primary,val/Val_NonFight/NWqRgoGh_0.avi,16,128,143,NonFight,0.091547
primary,val/Val_NonFight/NYvOWjLU_0.avi,0,0,15,NonFight,0.000010
primary,val/Val_NonFight/NYvOWjLU_0.avi,1,8,23,NonFight,0.000010
primary,val/Val_NonFight/NYvOWjLU_0.avi,2,16,31,NonFight,0.000051
primary,val/Val_NonFight/NYvOWjLU_0.avi,3,24,39,NonFight,0.000044
primary,val/Val_NonFight/NYvOWjLU_0.avi,4,32,47,NonFight,0.000087
primary,val/Val_NonFight/NYvOWjLU_0.avi,5,40,55,NonFight,0.000031
primary,val/Val_NonFight/NYvOWjLU_0.avi,6,48,63,NonFight,0.000036
primary,val/Val_NonFight/NYvOWjLU_0.avi,7,56,71,NonFight,0.000038
primary,val/Val_NonFight/NYvOWjLU_0.avi,8,64,79,NonFight,0.000029
primary,val/Val_NonFight/NYvOWjLU_0.avi,9,72,87,NonFight,0.000023
primary,val/Val_NonFight/NYvOWjLU_0.avi,10,80,95,NonFight,0.000022
primary,val/Val_NonFight/NYvOWjLU_0.avi,11,88,103,NonFight,0.000021
primary,val/Val_NonFight/NYvOWjLU_0.avi,12,96,111,NonFight,0.000021
primary,val/Val_NonFight/NYvOWjLU_0.avi,13,104,119,NonFight,0.000020
primary,val/Val_NonFight/NYvOWjLU_0.avi,14,112,127,NonFight,0.000023
primary,val/Val_NonFight/NYvOWjLU_0.avi,15,120,135,NonFight,0.000022
primary,val/Val_NonFight/NYvOWjLU_0.avi,16,128,143,NonFight,0.000051
primary,val/Val_NonFight/NeyOxUHJ_0.avi,0,0,15,NonFight,0.014231
primary,val/Val_NonFight/NeyOxUHJ_0.avi,1,8,23,NonFight,0.015300
primary,val/Val_NonFight/NeyOxUHJ_0.avi,2,16,31,NonFight,0.014162
primary,val/Val_NonFight/NeyOxUHJ_0.avi,3,24,39,NonFight,0.015252
primary,val/Val_NonFight/NeyOxUHJ_0.avi,4,32,47,NonFight,0.013832
primary,val/Val_NonFight/NeyOxUHJ_0.avi,5,40,55,NonFight,0.017971
primary,val/Val_NonFight/NeyOxUHJ_0.avi,6,48,63,NonFight,0.012637
primary,val/Val_NonFight/NeyOxUHJ_0.avi,7,56,71,NonFight,0.018527
primary,val/Val_NonFight/NeyOxUHJ_0.avi,8,64,79,NonFight,0.021689
primary,val/Val_NonFight/NeyOxUHJ_0.avi,9,72,87,NonFight,0.022792
primary,val/Val_NonFight/NeyOxUHJ_0.avi,10,80,95,NonFight,0.022661
primary,val/Val_NonFight/NeyOxUHJ_0.avi,11,88,103,NonFight,0.025953
primary,val/Val_NonFight/NeyOxUHJ_0.avi,12,96,111,NonFight,0.026959
primary,val/Val_NonFight/NeyOxUHJ_0.avi,13,104,119,NonFight,0.025207
primary,val/Val_NonFight/NeyOxUHJ_0.avi,14,112,127,NonFight,0.022343
primary,val/Val_NonFight/NeyOxUHJ_0.avi,15,120,135,NonFight,0.020629
primary,val/Val_NonFight/NeyOxUHJ_0.avi,16,128,143,NonFight,0.017360
primary,val/Val_NonFight/Nlopikk0zhE_0.avi,0,0,15,NonFight,0.071715
primary,val/Val_NonFight/Nlopikk0zhE_0.avi,1,8,23,NonFight,0.070324
primary,val/Val_NonFight/Nlopikk0zhE_0.avi,2,16,31,NonFight,0.070984
primary,val/Val_NonFight/Nlopikk0zhE_0.avi,3,24,39,NonFight,0.055369
primary,val/Val_NonFight/Nlopikk0zhE_0.avi,4,32,47,NonFight,0.077023
primary,val/Val_NonFight/Nlopikk0zhE_0.avi,5,40,55,NonFight,0.067875
primary,val/Val_NonFight/Nlopikk0zhE_0.avi,6,48,63,NonFight,0.065744
primary,val/Val_NonFight/Nlopikk0zhE_0.avi,7,56,71,NonFight,0.059526
primary,val/Val_NonFight/Nlopikk0zhE_0.avi,8,64,79,NonFight,0.061417
primary,val/Val_NonFight/Nlopikk0zhE_0.avi,9,72,87,NonFight,0.070035
primary,val/Val_NonFight/Nlopikk0zhE_0.avi,10,80,95,NonFight,0.053032
primary,val/Val_NonFight/Nlopikk0zhE_0.avi,11,88,103,NonFight,0.053978
primary,val/Val_NonFight/Nlopikk0zhE_0.avi,12,96,111,NonFight,0.033635
primary,val/Val_NonFight/Nlopikk0zhE_0.avi,13,104,119,NonFight,0.048145
primary,val/Val_NonFight/Nlopikk0zhE_0.avi,14,112,127,NonFight,0.046720
primary,val/Val_NonFight/Nlopikk0zhE_0.avi,15,120,135,NonFight,0.045115
primary,val/Val_NonFight/Nlopikk0zhE_0.avi,16,128,143,NonFight,0.155692
primary,val/Val_NonFight/NnUOjff0_0.avi,0,0,15,NonFight,0.006021
primary,val/Val_NonFight/NnUOjff0_0.avi,1,8,23,NonFight,0.001550
primary,val/Val_NonFight/NnUOjff0_0.avi,2,16,31,NonFight,0.001967
primary,val/Val_NonFight/NnUOjff0_0.avi,3,24,39,NonFight,0.002638
primary,val/Val_NonFight/NnUOjff0_0.avi,4,32,47,NonFight,0.001368
primary,val/Val_NonFight/NnUOjff0_0.avi,5,40,55,NonFight,0.004911
primary,val/Val_NonFight/NnUOjff0_0.avi,6,48,63,NonFight,0.003401
primary,val/Val_NonFight/NnUOjff0_0.avi,7,56,71,NonFight,0.002514
primary,val/Val_NonFight/NnUOjff0_0.avi,8,64,79,NonFight,0.008406
primary,val/Val_NonFight/NnUOjff0_0.avi,9,72,87,NonFight,0.007872
primary,val/Val_NonFight/NnUOjff0_0.avi,10,80,95,NonFight,0.016886
primary,val/Val_NonFight/NnUOjff0_0.avi,11,88,103,NonFight,0.018048
primary,val/Val_NonFight/NnUOjff0_0.avi,12,96,111,NonFight,0.021432
primary,val/Val_NonFight/NnUOjff0_0.avi,13,104,119,NonFight,0.024570
primary,val/Val_NonFight/NnUOjff0_0.avi,14,112,127,NonFight,0.012105
primary,val/Val_NonFight/NnUOjff0_0.avi,15,120,135,NonFight,0.006243
primary,val/Val_NonFight/NnUOjff0_0.avi,16,128,143,NonFight,0.002931
primary,val/Val_NonFight/NoUdd8wq_0.avi,0,0,15,NonFight,0.028073
primary,val/Val_NonFight/NoUdd8wq_0.avi,1,8,23,NonFight,0.057770
primary,val/Val_NonFight/NoUdd8wq_0.avi,2,16,31,NonFight,0.151195
primary,val/Val_NonFight/NoUdd8wq_0.avi,3,24,39,NonFight,0.170042
primary,val/Val_NonFight/NoUdd8wq_0.avi,4,32,47,NonFight,0.107850
primary,val/Val_NonFight/NoUdd8wq_0.avi,5,40,55,NonFight,0.006400
primary,val/Val_NonFight/NoUdd8wq_0.avi,6,48,63,NonFight,0.017321
primary,val/Val_NonFight/NoUdd8wq_0.avi,7,56,71,NonFight,0.119219
primary,val/Val_NonFight/NoUdd8wq_0.avi,8,64,79,NonFight,0.095677
primary,val/Val_NonFight/NoUdd8wq_0.avi,9,72,87,NonFight,0.029624
primary,val/Val_NonFight/NoUdd8wq_0.avi,10,80,95,NonFight,0.021053
primary,val/Val_NonFight/NoUdd8wq_0.avi,11,88,103,NonFight,0.016094
primary,val/Val_NonFight/NoUdd8wq_0.avi,12,96,111,NonFight,0.014228
primary,val/Val_NonFight/NoUdd8wq_0.avi,13,104,119,NonFight,0.012393
primary,val/Val_NonFight/NoUdd8wq_0.avi,14,112,127,NonFight,0.012333
primary,val/Val_NonFight/NoUdd8wq_0.avi,15,120,135,NonFight,0.011032
primary,val/Val_NonFight/NoUdd8wq_0.avi,16,128,143,NonFight,0.011000
primary,val/Val_NonFight/O2rd3LTv_0.avi,0,0,15,NonFight,0.000134
primary,val/Val_NonFight/O2rd3LTv_0.avi,1,8,23,NonFight,0.000086
primary,val/Val_NonFight/O2rd3LTv_0.avi,2,16,31,NonFight,0.000099
primary,val/Val_NonFight/O2rd3LTv_0.avi,3,24,39,NonFight,0.000139
primary,val/Val_NonFight/O2rd3LTv_0.avi,4,32,47,NonFight,0.000118
primary,val/Val_NonFight/O2rd3LTv_0.avi,5,40,55,NonFight,0.000064
primary,val/Val_NonFight/O2rd3LTv_0.avi,6,48,63,NonFight,0.000065
primary,val/Val_NonFight/O2rd3LTv_0.avi,7,56,71,NonFight,0.000084
primary,val/Val_NonFight/O2rd3LTv_0.avi,8,64,79,NonFight,0.000094
primary,val/Val_NonFight/O2rd3LTv_0.avi,9,72,87,NonFight,0.000087
primary,val/Val_NonFight/O2rd3LTv_0.avi,10,80,95,NonFight,0.000075
primary,val/Val_NonFight/O2rd3LTv_0.avi,11,88,103,NonFight,0.000090
primary,val/Val_NonFight/O2rd3LTv_0.avi,12,96,111,NonFight,0.000095
primary,val/Val_NonFight/O2rd3LTv_0.avi,13,104,119,NonFight,0.000126
primary,val/Val_NonFight/O2rd3LTv_0.avi,14,112,127,NonFight,0.000096
primary,val/Val_NonFight/O2rd3LTv_0.avi,15,120,135,NonFight,0.000097
primary,val/Val_NonFight/O2rd3LTv_0.avi,16,128,143,NonFight,0.000087
primary,val/Val_NonFight/Ob0YCDgS_0.avi,0,0,15,NonFight,0.069253
primary,val/Val_NonFight/Ob0YCDgS_0.avi,1,8,23,NonFight,0.037221
primary,val/Val_NonFight/Ob0YCDgS_0.avi,2,16,31,NonFight,0.047045
primary,val/Val_NonFight/Ob0YCDgS_0.avi,3,24,39,NonFight,0.041942
primary,val/Val_NonFight/Ob0YCDgS_0.avi,4,32,47,NonFight,0.023925
primary,val/Val_NonFight/Ob0YCDgS_0.avi,5,40,55,NonFight,0.013804
primary,val/Val_NonFight/Ob0YCDgS_0.avi,6,48,63,NonFight,0.012743
primary,val/Val_NonFight/Ob0YCDgS_0.avi,7,56,71,NonFight,0.012479
primary,val/Val_NonFight/Ob0YCDgS_0.avi,8,64,79,NonFight,0.044366
primary,val/Val_NonFight/Ob0YCDgS_0.avi,9,72,87,NonFight,0.062791
primary,val/Val_NonFight/Ob0YCDgS_0.avi,10,80,95,NonFight,0.045962
primary,val/Val_NonFight/Ob0YCDgS_0.avi,11,88,103,NonFight,0.041093
primary,val/Val_NonFight/Ob0YCDgS_0.avi,12,96,111,NonFight,0.049461
primary,val/Val_NonFight/Ob0YCDgS_0.avi,13,104,119,NonFight,0.050854
primary,val/Val_NonFight/Ob0YCDgS_0.avi,14,112,127,NonFight,0.065901
primary,val/Val_NonFight/Ob0YCDgS_0.avi,15,120,135,NonFight,0.093307
primary,val/Val_NonFight/Ob0YCDgS_0.avi,16,128,143,NonFight,0.048671
primary,val/Val_NonFight/PL8idmS7_0.avi,0,0,15,NonFight,0.000009
primary,val/Val_NonFight/PL8idmS7_0.avi,1,8,23,NonFight,0.000001
primary,val/Val_NonFight/PL8idmS7_0.avi,2,16,31,NonFight,0.000001
primary,val/Val_NonFight/PL8idmS7_0.avi,3,24,39,NonFight,0.000004
primary,val/Val_NonFight/PL8idmS7_0.avi,4,32,47,NonFight,0.000005
primary,val/Val_NonFight/PL8idmS7_0.avi,5,40,55,NonFight,0.000009
primary,val/Val_NonFight/PL8idmS7_0.avi,6,48,63,NonFight,0.000007
primary,val/Val_NonFight/PL8idmS7_0.avi,7,56,71,NonFight,0.000016
primary,val/Val_NonFight/PL8idmS7_0.avi,8,64,79,NonFight,0.000002
primary,val/Val_NonFight/PL8idmS7_0.avi,9,72,87,NonFight,0.000020
primary,val/Val_NonFight/PL8idmS7_0.avi,10,80,95,NonFight,0.000008
primary,val/Val_NonFight/PL8idmS7_0.avi,11,88,103,NonFight,0.000007
primary,val/Val_NonFight/PL8idmS7_0.avi,12,96,111,NonFight,0.000008
primary,val/Val_NonFight/PL8idmS7_0.avi,13,104,119,NonFight,0.000014
primary,val/Val_NonFight/PL8idmS7_0.avi,14,112,127,NonFight,0.000023
primary,val/Val_NonFight/PL8idmS7_0.avi,15,120,135,NonFight,0.000014
primary,val/Val_NonFight/PL8idmS7_0.avi,16,128,143,NonFight,0.000048
primary,val/Val_NonFight/PNgE-OKjhgU_0.avi,0,0,15,NonFight,0.051905
primary,val/Val_NonFight/PNgE-OKjhgU_0.avi,1,8,23,NonFight,0.038254
primary,val/Val_NonFight/PNgE-OKjhgU_0.avi,2,16,31,NonFight,0.016043
primary,val/Val_NonFight/PNgE-OKjhgU_0.avi,3,24,39,NonFight,0.011886
primary,val/Val_NonFight/PNgE-OKjhgU_0.avi,4,32,47,NonFight,0.019815
primary,val/Val_NonFight/PNgE-OKjhgU_0.avi,5,40,55,NonFight,0.013960
primary,val/Val_NonFight/PNgE-OKjhgU_0.avi,6,48,63,NonFight,0.008708
primary,val/Val_NonFight/PNgE-OKjhgU_0.avi,7,56,71,NonFight,0.013627
primary,val/Val_NonFight/PNgE-OKjhgU_0.avi,8,64,79,NonFight,0.015242
primary,val/Val_NonFight/PNgE-OKjhgU_0.avi,9,72,87,NonFight,0.009480
primary,val/Val_NonFight/PNgE-OKjhgU_0.avi,10,80,95,NonFight,0.009543
primary,val/Val_NonFight/PNgE-OKjhgU_0.avi,11,88,103,NonFight,0.010612
primary,val/Val_NonFight/PNgE-OKjhgU_0.avi,12,96,111,NonFight,0.010649
primary,val/Val_NonFight/PNgE-OKjhgU_0.avi,13,104,119,NonFight,0.016837
primary,val/Val_NonFight/PNgE-OKjhgU_0.avi,14,112,127,NonFight,0.018362
primary,val/Val_NonFight/PNgE-OKjhgU_0.avi,15,120,135,NonFight,0.015183
primary,val/Val_NonFight/PNgE-OKjhgU_0.avi,16,128,143,NonFight,0.017381
primary,val/Val_NonFight/PNgE-OKjhgU_1.avi,0,0,15,NonFight,0.024341
primary,val/Val_NonFight/PNgE-OKjhgU_1.avi,1,8,23,NonFight,0.033773
primary,val/Val_NonFight/PNgE-OKjhgU_1.avi,2,16,31,NonFight,0.026786
primary,val/Val_NonFight/PNgE-OKjhgU_1.avi,3,24,39,NonFight,0.014385
primary,val/Val_NonFight/PNgE-OKjhgU_1.avi,4,32,47,NonFight,0.027638
primary,val/Val_NonFight/PNgE-OKjhgU_1.avi,5,40,55,NonFight,0.028977
primary,val/Val_NonFight/PNgE-OKjhgU_1.avi,6,48,63,NonFight,0.043026
primary,val/Val_NonFight/PNgE-OKjhgU_1.avi,7,56,71,NonFight,0.058241
primary,val/Val_NonFight/PNgE-OKjhgU_1.avi,8,64,79,NonFight,0.047538
primary,val/Val_NonFight/PNgE-OKjhgU_1.avi,9,72,87,NonFight,0.033138
primary,val/Val_NonFight/PNgE-OKjhgU_1.avi,10,80,95,NonFight,0.038336
primary,val/Val_NonFight/PNgE-OKjhgU_1.avi,11,88,103,NonFight,0.013345
primary,val/Val_NonFight/PNgE-OKjhgU_1.avi,12,96,111,NonFight,0.012584
primary,val/Val_NonFight/PNgE-OKjhgU_1.avi,13,104,119,NonFight,0.011915
primary,val/Val_NonFight/PNgE-OKjhgU_1.avi,14,112,127,NonFight,0.014213
primary,val/Val_NonFight/PNgE-OKjhgU_1.avi,15,120,135,NonFight,0.017934
primary,val/Val_NonFight/PNgE-OKjhgU_1.avi,16,128,143,NonFight,0.017851
primary,val/Val_NonFight/PaTrwJbs_0.avi,0,0,15,NonFight,0.017098
primary,val/Val_NonFight/PaTrwJbs_0.avi,1,8,23,NonFight,0.016930
primary,val/Val_NonFight/PaTrwJbs_0.avi,2,16,31,NonFight,0.011468
primary,val/Val_NonFight/PaTrwJbs_0.avi,3,24,39,NonFight,0.007832
primary,val/Val_NonFight/PaTrwJbs_0.avi,4,32,47,NonFight,0.009755
primary,val/Val_NonFight/PaTrwJbs_0.avi,5,40,55,NonFight,0.015053
primary,val/Val_NonFight/PaTrwJbs_0.avi,6,48,63,NonFight,0.017705
primary,val/Val_NonFight/PaTrwJbs_0.avi,7,56,71,NonFight,0.016547
primary,val/Val_NonFight/PaTrwJbs_0.avi,8,64,79,NonFight,0.018070
primary,val/Val_NonFight/PaTrwJbs_0.avi,9,72,87,NonFight,0.018421
primary,val/Val_NonFight/PaTrwJbs_0.avi,10,80,95,NonFight,0.017250
primary,val/Val_NonFight/PaTrwJbs_0.avi,11,88,103,NonFight,0.013154
primary,val/Val_NonFight/PaTrwJbs_0.avi,12,96,111,NonFight,0.008457
primary,val/Val_NonFight/PaTrwJbs_0.avi,13,104,119,NonFight,0.010093
primary,val/Val_NonFight/PaTrwJbs_0.avi,14,112,127,NonFight,0.017408
primary,val/Val_NonFight/PaTrwJbs_0.avi,15,120,135,NonFight,0.025511
primary,val/Val_NonFight/PaTrwJbs_0.avi,16,128,143,NonFight,0.021393
primary,val/Val_NonFight/QRJFLxqK_0.avi,0,0,15,NonFight,0.000048
primary,val/Val_NonFight/QRJFLxqK_0.avi,1,8,23,NonFight,0.000090
primary,val/Val_NonFight/QRJFLxqK_0.avi,2,16,31,NonFight,0.000143
primary,val/Val_NonFight/QRJFLxqK_0.avi,3,24,39,NonFight,0.000055
primary,val/Val_NonFight/QRJFLxqK_0.avi,4,32,47,NonFight,0.000041
primary,val/Val_NonFight/QRJFLxqK_0.avi,5,40,55,NonFight,0.000106
primary,val/Val_NonFight/QRJFLxqK_0.avi,6,48,63,NonFight,0.000132
primary,val/Val_NonFight/QRJFLxqK_0.avi,7,56,71,NonFight,0.000224
primary,val/Val_NonFight/QRJFLxqK_0.avi,8,64,79,NonFight,0.000241
primary,val/Val_NonFight/QRJFLxqK_0.avi,9,72,87,NonFight,0.000199
primary,val/Val_NonFight/QRJFLxqK_0.avi,10,80,95,NonFight,0.000056
primary,val/Val_NonFight/QRJFLxqK_0.avi,11,88,103,NonFight,0.000056
primary,val/Val_NonFight/QRJFLxqK_0.avi,12,96,111,NonFight,0.000048
primary,val/Val_NonFight/QRJFLxqK_0.avi,13,104,119,NonFight,0.000098
primary,val/Val_NonFight/QRJFLxqK_0.avi,14,112,127,NonFight,0.000110
primary,val/Val_NonFight/QRJFLxqK_0.avi,15,120,135,NonFight,0.000333
primary,val/Val_NonFight/QRJFLxqK_0.avi,16,128,143,NonFight,0.000289
primary,val/Val_NonFight/Qj3oZsaqNGE_0.avi,0,0,15,NonFight,0.003187
primary,val/Val_NonFight/Qj3oZsaqNGE_0.avi,1,8,23,NonFight,0.001155
primary,val/Val_NonFight/Qj3oZsaqNGE_0.avi,2,16,31,NonFight,0.000370
primary,val/Val_NonFight/Qj3oZsaqNGE_0.avi,3,24,39,NonFight,0.000204
primary,val/Val_NonFight/Qj3oZsaqNGE_0.avi,4,32,47,NonFight,0.000094
primary,val/Val_NonFight/Qj3oZsaqNGE_0.avi,5,40,55,NonFight,0.000061
primary,val/Val_NonFight/Qj3oZsaqNGE_0.avi,6,48,63,NonFight,0.000565
primary,val/Val_NonFight/Qj3oZsaqNGE_0.avi,7,56,71,NonFight,0.003426
primary,val/Val_NonFight/Qj3oZsaqNGE_0.avi,8,64,79,NonFight,0.005094
primary,val/Val_NonFight/Qj3oZsaqNGE_0.avi,9,72,87,NonFight,0.013215
primary,val/Val_NonFight/Qj3oZsaqNGE_0.avi,10,80,95,NonFight,0.015886
primary,val/Val_NonFight/Qj3oZsaqNGE_0.avi,11,88,103,NonFight,0.011868
primary,val/Val_NonFight/Qj3oZsaqNGE_0.avi,12,96,111,NonFight,0.013094
primary,val/Val_NonFight/Qj3oZsaqNGE_0.avi,13,104,119,NonFight,0.002561
primary,val/Val_NonFight/Qj3oZsaqNGE_0.avi,14,112,127,NonFight,0.000589
primary,val/Val_NonFight/Qj3oZsaqNGE_0.avi,15,120,135,NonFight,0.000574
primary,val/Val_NonFight/Qj3oZsaqNGE_0.avi,16,128,143,NonFight,0.067816
primary,val/Val_NonFight/RIXaF_TkLlU_0.avi,0,0,15,NonFight,0.025559
primary,val/Val_NonFight/RIXaF_TkLlU_0.avi,1,8,23,NonFight,0.015278
primary,val/Val_NonFight/RIXaF_TkLlU_0.avi,2,16,31,NonFight,0.010283
primary,val/Val_NonFight/RIXaF_TkLlU_0.avi,3,24,39,NonFight,0.014712
primary,val/Val_NonFight/RIXaF_TkLlU_0.avi,4,32,47,NonFight,0.013664
primary,val/Val_NonFight/RIXaF_TkLlU_0.avi,5,40,55,NonFight,0.026742
primary,val/Val_NonFight/RIXaF_TkLlU_0.avi,6,48,63,NonFight,0.032780
primary,val/Val_NonFight/RIXaF_TkLlU_0.avi,7,56,71,NonFight,0.033103
primary,val/Val_NonFight/RIXaF_TkLlU_0.avi,8,64,79,NonFight,0.012427
primary,val/Val_NonFight/RIXaF_TkLlU_0.avi,9,72,87,NonFight,0.013524
primary,val/Val_NonFight/RIXaF_TkLlU_0.avi,10,80,95,NonFight,0.014223
primary,val/Val_NonFight/RIXaF_TkLlU_0.avi,11,88,103,NonFight,0.019196
primary,val/Val_NonFight/RIXaF_TkLlU_0.avi,12,96,111,NonFight,0.025574
primary,val/Val_NonFight/RIXaF_TkLlU_0.avi,13,104,119,NonFight,0.028104
primary,val/Val_NonFight/RIXaF_TkLlU_0.avi,14,112,127,NonFight,0.027131
primary,val/Val_NonFight/RIXaF_TkLlU_0.avi,15,120,135,NonFight,0.012748
primary,val/Val_NonFight/RIXaF_TkLlU_0.avi,16,128,143,NonFight,0.007230
primary,val/Val_NonFight/RIXaF_TkLlU_1.avi,0,0,15,NonFight,0.010390
primary,val/Val_NonFight/RIXaF_TkLlU_1.avi,1,8,23,NonFight,0.007679
primary,val/Val_NonFight/RIXaF_TkLlU_1.avi,2,16,31,NonFight,0.012505
primary,val/Val_NonFight/RIXaF_TkLlU_1.avi,3,24,39,NonFight,0.005516
primary,val/Val_NonFight/RIXaF_TkLlU_1.avi,4,32,47,NonFight,0.008123
primary,val/Val_NonFight/RIXaF_TkLlU_1.avi,5,40,55,NonFight,0.006603
primary,val/Val_NonFight/RIXaF_TkLlU_1.avi,6,48,63,NonFight,0.007965
primary,val/Val_NonFight/RIXaF_TkLlU_1.avi,7,56,71,NonFight,0.008349
primary,val/Val_NonFight/RIXaF_TkLlU_1.avi,8,64,79,NonFight,0.003153
primary,val/Val_NonFight/RIXaF_TkLlU_1.avi,9,72,87,NonFight,0.035820
primary,val/Val_NonFight/RIXaF_TkLlU_1.avi,10,80,95,NonFight,0.043127
primary,val/Val_NonFight/RIXaF_TkLlU_1.avi,11,88,103,NonFight,0.022413
primary,val/Val_NonFight/RIXaF_TkLlU_1.avi,12,96,111,NonFight,0.021262
primary,val/Val_NonFight/RIXaF_TkLlU_1.avi,13,104,119,NonFight,0.050229
primary,val/Val_NonFight/RIXaF_TkLlU_1.avi,14,112,127,NonFight,0.018643
primary,val/Val_NonFight/RIXaF_TkLlU_1.avi,15,120,135,NonFight,0.048259
primary,val/Val_NonFight/RIXaF_TkLlU_1.avi,16,128,143,NonFight,0.027596
primary,val/Val_NonFight/RIXaF_TkLlU_2.avi,0,0,15,NonFight,0.000949
primary,val/Val_NonFight/RIXaF_TkLlU_2.avi,1,8,23,NonFight,0.000815
primary,val/Val_NonFight/RIXaF_TkLlU_2.avi,2,16,31,NonFight,0.002510
primary,val/Val_NonFight/RIXaF_TkLlU_2.avi,3,24,39,NonFight,0.006550
primary,val/Val_NonFight/RIXaF_TkLlU_2.avi,4,32,47,NonFight,0.004432
primary,val/Val_NonFight/RIXaF_TkLlU_2.avi,5,40,55,NonFight,0.002032
primary,val/Val_NonFight/RIXaF_TkLlU_2.avi,6,48,63,NonFight,0.001537
primary,val/Val_NonFight/RIXaF_TkLlU_2.avi,7,56,71,NonFight,0.001170
primary,val/Val_NonFight/RIXaF_TkLlU_2.avi,8,64,79,NonFight,0.002263
primary,val/Val_NonFight/RIXaF_TkLlU_2.avi,9,72,87,NonFight,0.001612
primary,val/Val_NonFight/RIXaF_TkLlU_2.avi,10,80,95,NonFight,0.002573
primary,val/Val_NonFight/RIXaF_TkLlU_2.avi,11,88,103,NonFight,0.004153
primary,val/Val_NonFight/RIXaF_TkLlU_2.avi,12,96,111,NonFight,0.005362
primary,val/Val_NonFight/RIXaF_TkLlU_2.avi,13,104,119,NonFight,0.012371
primary,val/Val_NonFight/RIXaF_TkLlU_2.avi,14,112,127,NonFight,0.012067
primary,val/Val_NonFight/RIXaF_TkLlU_2.avi,15,120,135,NonFight,0.014114
primary,val/Val_NonFight/RIXaF_TkLlU_2.avi,16,128,143,NonFight,0.016556
primary,val/Val_NonFight/RQt37bnC_0.avi,0,0,15,NonFight,0.033700
primary,val/Val_NonFight/RQt37bnC_0.avi,1,8,23,NonFight,0.007204
primary,val/Val_NonFight/RQt37bnC_0.avi,2,16,31,NonFight,0.003795
primary,val/Val_NonFight/RQt37bnC_0.avi,3,24,39,NonFight,0.001632
primary,val/Val_NonFight/RQt37bnC_0.avi,4,32,47,NonFight,0.000602
primary,val/Val_NonFight/RQt37bnC_0.avi,5,40,55,NonFight,0.000885
primary,val/Val_NonFight/RQt37bnC_0.avi,6,48,63,NonFight,0.001523
primary,val/Val_NonFight/RQt37bnC_0.avi,7,56,71,NonFight,0.000774
primary,val/Val_NonFight/RQt37bnC_0.avi,8,64,79,NonFight,0.001776
primary,val/Val_NonFight/RQt37bnC_0.avi,9,72,87,NonFight,0.002921
primary,val/Val_NonFight/RQt37bnC_0.avi,10,80,95,NonFight,0.009422
primary,val/Val_NonFight/RQt37bnC_0.avi,11,88,103,NonFight,0.002204
primary,val/Val_NonFight/RQt37bnC_0.avi,12,96,111,NonFight,0.003317
primary,val/Val_NonFight/RQt37bnC_0.avi,13,104,119,NonFight,0.002715
primary,val/Val_NonFight/RQt37bnC_0.avi,14,112,127,NonFight,0.005008
primary,val/Val_NonFight/RQt37bnC_0.avi,15,120,135,NonFight,0.003266
primary,val/Val_NonFight/RQt37bnC_0.avi,16,128,143,NonFight,0.000998
primary,val/Val_NonFight/Ry5c1PbcIa0_0.avi,0,0,15,NonFight,0.416009
primary,val/Val_NonFight/Ry5c1PbcIa0_0.avi,1,8,23,NonFight,0.414642
primary,val/Val_NonFight/Ry5c1PbcIa0_0.avi,2,16,31,NonFight,0.386456
primary,val/Val_NonFight/Ry5c1PbcIa0_0.avi,3,24,39,NonFight,0.398594
primary,val/Val_NonFight/Ry5c1PbcIa0_0.avi,4,32,47,NonFight,0.412854
primary,val/Val_NonFight/Ry5c1PbcIa0_0.avi,5,40,55,NonFight,0.413575
primary,val/Val_NonFight/Ry5c1PbcIa0_0.avi,6,48,63,NonFight,0.429730
primary,val/Val_NonFight/Ry5c1PbcIa0_0.avi,7,56,71,NonFight,0.421202
primary,val/Val_NonFight/Ry5c1PbcIa0_0.avi,8,64,79,NonFight,0.427783
primary,val/Val_NonFight/Ry5c1PbcIa0_0.avi,9,72,87,NonFight,0.400651
primary,val/Val_NonFight/Ry5c1PbcIa0_0.avi,10,80,95,NonFight,0.425068
primary,val/Val_NonFight/Ry5c1PbcIa0_0.avi,11,88,103,NonFight,0.442897
primary,val/Val_NonFight/Ry5c1PbcIa0_0.avi,12,96,111,NonFight,0.406297
primary,val/Val_NonFight/Ry5c1PbcIa0_0.avi,13,104,119,NonFight,0.446024
primary,val/Val_NonFight/Ry5c1PbcIa0_0.avi,14,112,127,NonFight,0.493570
primary,val/Val_NonFight/Ry5c1PbcIa0_0.avi,15,120,135,NonFight,0.669274
primary,val/Val_NonFight/Ry5c1PbcIa0_0.avi,16,128,143,NonFight,0.580364
primary,val/Val_NonFight/S8jXc3sP_0.avi,0,0,15,NonFight,0.000122
primary,val/Val_NonFight/S8jXc3sP_0.avi,1,8,23,NonFight,0.000684
primary,val/Val_NonFight/S8jXc3sP_0.avi,2,16,31,NonFight,0.001365
primary,val/Val_NonFight/S8jXc3sP_0.avi,3,24,39,NonFight,0.001084
primary,val/Val_NonFight/S8jXc3sP_0.avi,4,32,47,NonFight,0.000384
primary,val/Val_NonFight/S8jXc3sP_0.avi,5,40,55,NonFight,0.000755
primary,val/Val_NonFight/S8jXc3sP_0.avi,6,48,63,NonFight,0.000173
primary,val/Val_NonFight/S8jXc3sP_0.avi,7,56,71,NonFight,0.000332
primary,val/Val_NonFight/S8jXc3sP_0.avi,8,64,79,NonFight,0.001014
primary,val/Val_NonFight/S8jXc3sP_0.avi,9,72,87,NonFight,0.001710
primary,val/Val_NonFight/S8jXc3sP_0.avi,10,80,95,NonFight,0.000061
primary,val/Val_NonFight/S8jXc3sP_0.avi,11,88,103,NonFight,0.000048
primary,val/Val_NonFight/S8jXc3sP_0.avi,12,96,111,NonFight,0.000039
primary,val/Val_NonFight/S8jXc3sP_0.avi,13,104,119,NonFight,0.000063
primary,val/Val_NonFight/S8jXc3sP_0.avi,14,112,127,NonFight,0.000093
primary,val/Val_NonFight/S8jXc3sP_0.avi,15,120,135,NonFight,0.000028
primary,val/Val_NonFight/S8jXc3sP_0.avi,16,128,143,NonFight,0.000082
primary,val/Val_NonFight/SJRnWfHAx_E_0.avi,0,0,15,NonFight,0.060646
primary,val/Val_NonFight/SJRnWfHAx_E_0.avi,1,8,23,NonFight,0.059580
primary,val/Val_NonFight/SJRnWfHAx_E_0.avi,2,16,31,NonFight,0.060715
primary,val/Val_NonFight/SJRnWfHAx_E_0.avi,3,24,39,NonFight,0.060199
primary,val/Val_NonFight/SJRnWfHAx_E_0.avi,4,32,47,NonFight,0.061521
primary,val/Val_NonFight/SJRnWfHAx_E_0.avi,5,40,55,NonFight,0.062736
primary,val/Val_NonFight/SJRnWfHAx_E_0.avi,6,48,63,NonFight,0.062039
primary,val/Val_NonFight/SJRnWfHAx_E_0.avi,7,56,71,NonFight,0.061044
primary,val/Val_NonFight/SJRnWfHAx_E_0.avi,8,64,79,NonFight,0.060747
primary,val/Val_NonFight/SJRnWfHAx_E_0.avi,9,72,87,NonFight,0.060648
primary,val/Val_NonFight/SJRnWfHAx_E_0.avi,10,80,95,NonFight,0.062166
primary,val/Val_NonFight/SJRnWfHAx_E_0.avi,11,88,103,NonFight,0.065610
primary,val/Val_NonFight/SJRnWfHAx_E_0.avi,12,96,111,NonFight,0.066850
primary,val/Val_NonFight/SJRnWfHAx_E_0.avi,13,104,119,NonFight,0.062388
primary,val/Val_NonFight/SJRnWfHAx_E_0.avi,14,112,127,NonFight,0.062769
primary,val/Val_NonFight/SJRnWfHAx_E_0.avi,15,120,135,NonFight,0.060465
primary,val/Val_NonFight/SJRnWfHAx_E_0.avi,16,128,143,NonFight,0.050617
primary,val/Val_NonFight/SJRnWfHAx_E_1.avi,0,0,15,NonFight,0.001013
primary,val/Val_NonFight/SJRnWfHAx_E_1.avi,1,8,23,NonFight,0.003065
primary,val/Val_NonFight/SJRnWfHAx_E_1.avi,2,16,31,NonFight,0.017766
primary,val/Val_NonFight/SJRnWfHAx_E_1.avi,3,24,39,NonFight,0.040470
primary,val/Val_NonFight/SJRnWfHAx_E_1.avi,4,32,47,NonFight,0.022961
primary,val/Val_NonFight/SJRnWfHAx_E_1.avi,5,40,55,NonFight,0.008671
primary,val/Val_NonFight/SJRnWfHAx_E_1.avi,6,48,63,NonFight,0.007911
primary,val/Val_NonFight/SJRnWfHAx_E_1.avi,7,56,71,NonFight,0.008191
primary,val/Val_NonFight/SJRnWfHAx_E_1.avi,8,64,79,NonFight,0.008438
primary,val/Val_NonFight/SJRnWfHAx_E_1.avi,9,72,87,NonFight,0.008187
primary,val/Val_NonFight/SJRnWfHAx_E_1.avi,10,80,95,NonFight,0.007248
primary,val/Val_NonFight/SJRnWfHAx_E_1.avi,11,88,103,NonFight,0.006779
primary,val/Val_NonFight/SJRnWfHAx_E_1.avi,12,96,111,NonFight,0.005461
primary,val/Val_NonFight/SJRnWfHAx_E_1.avi,13,104,119,NonFight,0.006049
primary,val/Val_NonFight/SJRnWfHAx_E_1.avi,14,112,127,NonFight,0.006271
primary,val/Val_NonFight/SJRnWfHAx_E_1.avi,15,120,135,NonFight,0.006571
primary,val/Val_NonFight/SJRnWfHAx_E_1.avi,16,128,143,NonFight,0.006186
primary,val/Val_NonFight/SJRnWfHAx_E_2.avi,0,0,15,NonFight,0.000390
primary,val/Val_NonFight/SJRnWfHAx_E_2.avi,1,8,23,NonFight,0.000414
primary,val/Val_NonFight/SJRnWfHAx_E_2.avi,2,16,31,NonFight,0.000353
primary,val/Val_NonFight/SJRnWfHAx_E_2.avi,3,24,39,NonFight,0.000484
primary,val/Val_NonFight/SJRnWfHAx_E_2.avi,4,32,47,NonFight,0.000627
primary,val/Val_NonFight/SJRnWfHAx_E_2.avi,5,40,55,NonFight,0.000824
primary,val/Val_NonFight/SJRnWfHAx_E_2.avi,6,48,63,NonFight,0.000864
primary,val/Val_NonFight/SJRnWfHAx_E_2.avi,7,56,71,NonFight,0.000932
primary,val/Val_NonFight/SJRnWfHAx_E_2.avi,8,64,79,NonFight,0.000896
primary,val/Val_NonFight/SJRnWfHAx_E_2.avi,9,72,87,NonFight,0.000960
primary,val/Val_NonFight/SJRnWfHAx_E_2.avi,10,80,95,NonFight,0.000969
primary,val/Val_NonFight/SJRnWfHAx_E_2.avi,11,88,103,NonFight,0.000972
primary,val/Val_NonFight/SJRnWfHAx_E_2.avi,12,96,111,NonFight,0.000974
primary,val/Val_NonFight/SJRnWfHAx_E_2.avi,13,104,119,NonFight,0.000942
primary,val/Val_NonFight/SJRnWfHAx_E_2.avi,14,112,127,NonFight,0.000800
primary,val/Val_NonFight/SJRnWfHAx_E_2.avi,15,120,135,NonFight,0.000760
primary,val/Val_NonFight/SJRnWfHAx_E_2.avi,16,128,143,NonFight,0.000843
primary,val/Val_NonFight/TP6mtOzL_0.avi,0,0,15,NonFight,0.000240
primary,val/Val_NonFight/TP6mtOzL_0.avi,1,8,23,NonFight,0.000081
primary,val/Val_NonFight/TP6mtOzL_0.avi,2,16,31,NonFight,0.000035
primary,val/Val_NonFight/TP6mtOzL_0.avi,3,24,39,NonFight,0.000060
primary,val/Val_NonFight/TP6mtOzL_0.avi,4,32,47,NonFight,0.000065
primary,val/Val_NonFight/TP6mtOzL_0.avi,5,40,55,NonFight,0.000063
primary,val/Val_NonFight/TP6mtOzL_0.avi,6,48,63,NonFight,0.000073
primary,val/Val_NonFight/TP6mtOzL_0.avi,7,56,71,NonFight,0.000168
primary,val/Val_NonFight/TP6mtOzL_0.avi,8,64,79,NonFight,0.000147
primary,val/Val_NonFight/TP6mtOzL_0.avi,9,72,87,NonFight,0.000168
primary,val/Val_NonFight/TP6mtOzL_0.avi,10,80,95,NonFight,0.000567
primary,val/Val_NonFight/TP6mtOzL_0.avi,11,88,103,NonFight,0.000798
primary,val/Val_NonFight/TP6mtOzL_0.avi,12,96,111,NonFight,0.000150
primary,val/Val_NonFight/TP6mtOzL_0.avi,13,104,119,NonFight,0.000212
primary,val/Val_NonFight/TP6mtOzL_0.avi,14,112,127,NonFight,0.000041
primary,val/Val_NonFight/TP6mtOzL_0.avi,15,120,135,NonFight,0.000024
primary,val/Val_NonFight/TP6mtOzL_0.avi,16,128,143,NonFight,0.000019
primary,val/Val_NonFight/UoS3KEYq_0.avi,0,0,15,NonFight,0.000003
primary,val/Val_NonFight/UoS3KEYq_0.avi,1,8,23,NonFight,0.000001
primary,val/Val_NonFight/UoS3KEYq_0.avi,2,16,31,NonFight,0.000003
primary,val/Val_NonFight/UoS3KEYq_0.avi,3,24,39,NonFight,0.000015
primary,val/Val_NonFight/UoS3KEYq_0.avi,4,32,47,NonFight,0.000019
primary,val/Val_NonFight/UoS3KEYq_0.avi,5,40,55,NonFight,0.000039
primary,val/Val_NonFight/UoS3KEYq_0.avi,6,48,63,NonFight,0.000028
primary,val/Val_NonFight/UoS3KEYq_0.avi,7,56,71,NonFight,0.000017
primary,val/Val_NonFight/UoS3KEYq_0.avi,8,64,79,NonFight,0.000032
primary,val/Val_NonFight/UoS3KEYq_0.avi,9,72,87,NonFight,0.000032
primary,val/Val_NonFight/UoS3KEYq_0.avi,10,80,95,NonFight,0.000026
primary,val/Val_NonFight/UoS3KEYq_0.avi,11,88,103,NonFight,0.000034
primary,val/Val_NonFight/UoS3KEYq_0.avi,12,96,111,NonFight,0.000036
primary,val/Val_NonFight/UoS3KEYq_0.avi,13,104,119,NonFight,0.000028
primary,val/Val_NonFight/UoS3KEYq_0.avi,14,112,127,NonFight,0.000047
primary,val/Val_NonFight/UoS3KEYq_0.avi,15,120,135,NonFight,0.000081
primary,val/Val_NonFight/UoS3KEYq_0.avi,16,128,143,NonFight,0.000058
primary,val/Val_NonFight/VF8M3gXp_0.avi,0,0,15,NonFight,0.000041
primary,val/Val_NonFight/VF8M3gXp_0.avi,1,8,23,NonFight,0.000058
primary,val/Val_NonFight/VF8M3gXp_0.avi,2,16,31,NonFight,0.000078
primary,val/Val_NonFight/VF8M3gXp_0.avi,3,24,39,NonFight,0.000079
primary,val/Val_NonFight/VF8M3gXp_0.avi,4,32,47,NonFight,0.000055
primary,val/Val_NonFight/VF8M3gXp_0.avi,5,40,55,NonFight,0.000066
primary,val/Val_NonFight/VF8M3gXp_0.avi,6,48,63,NonFight,0.000146
primary,val/Val_NonFight/VF8M3gXp_0.avi,7,56,71,NonFight,0.000104
primary,val/Val_NonFight/VF8M3gXp_0.avi,8,64,79,NonFight,0.000327
primary,val/Val_NonFight/VF8M3gXp_0.avi,9,72,87,NonFight,0.000674
primary,val/Val_NonFight/VF8M3gXp_0.avi,10,80,95,NonFight,0.000999
primary,val/Val_NonFight/VF8M3gXp_0.avi,11,88,103,NonFight,0.000176
primary,val/Val_NonFight/VF8M3gXp_0.avi,12,96,111,NonFight,0.000030
primary,val/Val_NonFight/VF8M3gXp_0.avi,13,104,119,NonFight,0.000063
primary,val/Val_NonFight/VF8M3gXp_0.avi,14,112,127,NonFight,0.000021
primary,val/Val_NonFight/VF8M3gXp_0.avi,15,120,135,NonFight,0.000012
primary,val/Val_NonFight/VF8M3gXp_0.avi,16,128,143,NonFight,0.000053
primary,val/Val_NonFight/VGKvz9qZ_0.avi,0,0,15,NonFight,0.010493
primary,val/Val_NonFight/VGKvz9qZ_0.avi,1,8,23,NonFight,0.012400
primary,val/Val_NonFight/VGKvz9qZ_0.avi,2,16,31,NonFight,0.013470
primary,val/Val_NonFight/VGKvz9qZ_0.avi,3,24,39,NonFight,0.013201
primary,val/Val_NonFight/VGKvz9qZ_0.avi,4,32,47,NonFight,0.015944
primary,val/Val_NonFight/VGKvz9qZ_0.avi,5,40,55,NonFight,0.018428
primary,val/Val_NonFight/VGKvz9qZ_0.avi,6,48,63,NonFight,0.019296
primary,val/Val_NonFight/VGKvz9qZ_0.avi,7,56,71,NonFight,0.018265
primary,val/Val_NonFight/VGKvz9qZ_0.avi,8,64,79,NonFight,0.016719
primary,val/Val_NonFight/VGKvz9qZ_0.avi,9,72,87,NonFight,0.017067
primary,val/Val_NonFight/VGKvz9qZ_0.avi,10,80,95,NonFight,0.013350
primary,val/Val_NonFight/VGKvz9qZ_0.avi,11,88,103,NonFight,0.011702
primary,val/Val_NonFight/VGKvz9qZ_0.avi,12,96,111,NonFight,0.006116
primary,val/Val_NonFight/VGKvz9qZ_0.avi,13,104,119,NonFight,0.013913
primary,val/Val_NonFight/VGKvz9qZ_0.avi,14,112,127,NonFight,0.027390
primary,val/Val_NonFight/VGKvz9qZ_0.avi,15,120,135,NonFight,0.026862
primary,val/Val_NonFight/VGKvz9qZ_0.avi,16,128,143,NonFight,0.034992
primary,val/Val_NonFight/VIPpAkyG_0.avi,0,0,15,NonFight,0.018159
primary,val/Val_NonFight/VIPpAkyG_0.avi,1,8,23,NonFight,0.017154
primary,val/Val_NonFight/VIPpAkyG_0.avi,2,16,31,NonFight,0.015996
primary,val/Val_NonFight/VIPpAkyG_0.avi,3,24,39,NonFight,0.016223
primary,val/Val_NonFight/VIPpAkyG_0.avi,4,32,47,NonFight,0.014601
primary,val/Val_NonFight/VIPpAkyG_0.avi,5,40,55,NonFight,0.015368
primary,val/Val_NonFight/VIPpAkyG_0.avi,6,48,63,NonFight,0.019033
primary,val/Val_NonFight/VIPpAkyG_0.avi,7,56,71,NonFight,0.017975
primary,val/Val_NonFight/VIPpAkyG_0.avi,8,64,79,NonFight,0.014891
primary,val/Val_NonFight/VIPpAkyG_0.avi,9,72,87,NonFight,0.016822
primary,val/Val_NonFight/VIPpAkyG_0.avi,10,80,95,NonFight,0.013390
primary,val/Val_NonFight/VIPpAkyG_0.avi,11,88,103,NonFight,0.012597
primary,val/Val_NonFight/VIPpAkyG_0.avi,12,96,111,NonFight,0.017815
primary,val/Val_NonFight/VIPpAkyG_0.avi,13,104,119,NonFight,0.019072
primary,val/Val_NonFight/VIPpAkyG_0.avi,14,112,127,NonFight,0.021132
primary,val/Val_NonFight/VIPpAkyG_0.avi,15,120,135,NonFight,0.024606
primary,val/Val_NonFight/VIPpAkyG_0.avi,16,128,143,NonFight,0.024938
primary,val/Val_NonFight/VTOPSZvF_0.avi,0,0,15,NonFight,0.000001
primary,val/Val_NonFight/VTOPSZvF_0.avi,1,8,23,NonFight,0.000002
primary,val/Val_NonFight/VTOPSZvF_0.avi,2,16,31,NonFight,0.000003
primary,val/Val_NonFight/VTOPSZvF_0.avi,3,24,39,NonFight,0.000001
primary,val/Val_NonFight/VTOPSZvF_0.avi,4,32,47,NonFight,0.000003
primary,val/Val_NonFight/VTOPSZvF_0.avi,5,40,55,NonFight,0.000007
primary,val/Val_NonFight/VTOPSZvF_0.avi,6,48,63,NonFight,0.000006
primary,val/Val_NonFight/VTOPSZvF_0.avi,7,56,71,NonFight,0.000001
primary,val/Val_NonFight/VTOPSZvF_0.avi,8,64,79,NonFight,0.000002
primary,val/Val_NonFight/VTOPSZvF_0.avi,9,72,87,NonFight,0.000001
primary,val/Val_NonFight/VTOPSZvF_0.avi,10,80,95,NonFight,0.000002
primary,val/Val_NonFight/VTOPSZvF_0.avi,11,88,103,NonFight,0.000002
primary,val/Val_NonFight/VTOPSZvF_0.avi,12,96,111,NonFight,0.000003
primary,val/Val_NonFight/VTOPSZvF_0.avi,13,104,119,NonFight,0.000004
primary,val/Val_NonFight/VTOPSZvF_0.avi,14,112,127,NonFight,0.000006
primary,val/Val_NonFight/VTOPSZvF_0.avi,15,120,135,NonFight,0.000005
primary,val/Val_NonFight/VTOPSZvF_0.avi,16,128,143,NonFight,0.000002
primary,val/Val_NonFight/VVQBImyG_0.avi,0,0,15,NonFight,0.000131
primary,val/Val_NonFight/VVQBImyG_0.avi,1,8,23,NonFight,0.000162
primary,val/Val_NonFight/VVQBImyG_0.avi,2,16,31,NonFight,0.000100
primary,val/Val_NonFight/VVQBImyG_0.avi,3,24,39,NonFight,0.000122
primary,val/Val_NonFight/VVQBImyG_0.avi,4,32,47,NonFight,0.000095
primary,val/Val_NonFight/VVQBImyG_0.avi,5,40,55,NonFight,0.000024
primary,val/Val_NonFight/VVQBImyG_0.avi,6,48,63,NonFight,0.000038
primary,val/Val_NonFight/VVQBImyG_0.avi,7,56,71,NonFight,0.000072
primary,val/Val_NonFight/VVQBImyG_0.avi,8,64,79,NonFight,0.000014
primary,val/Val_NonFight/VVQBImyG_0.avi,9,72,87,NonFight,0.000013
primary,val/Val_NonFight/VVQBImyG_0.avi,10,80,95,NonFight,0.000009
primary,val/Val_NonFight/VVQBImyG_0.avi,11,88,103,NonFight,0.000012
primary,val/Val_NonFight/VVQBImyG_0.avi,12,96,111,NonFight,0.000037
primary,val/Val_NonFight/VVQBImyG_0.avi,13,104,119,NonFight,0.000013
primary,val/Val_NonFight/VVQBImyG_0.avi,14,112,127,NonFight,0.000011
primary,val/Val_NonFight/VVQBImyG_0.avi,15,120,135,NonFight,0.000006
primary,val/Val_NonFight/VVQBImyG_0.avi,16,128,143,NonFight,0.000020
primary,val/Val_NonFight/VtIQbKvy_0.avi,0,0,15,NonFight,0.006986
primary,val/Val_NonFight/VtIQbKvy_0.avi,1,8,23,NonFight,0.009161
primary,val/Val_NonFight/VtIQbKvy_0.avi,2,16,31,NonFight,0.007228
primary,val/Val_NonFight/VtIQbKvy_0.avi,3,24,39,NonFight,0.006565
primary,val/Val_NonFight/VtIQbKvy_0.avi,4,32,47,NonFight,0.006125
primary,val/Val_NonFight/VtIQbKvy_0.avi,5,40,55,NonFight,0.007647
primary,val/Val_NonFight/VtIQbKvy_0.avi,6,48,63,NonFight,0.007868
primary,val/Val_NonFight/VtIQbKvy_0.avi,7,56,71,NonFight,0.008479
primary,val/Val_NonFight/VtIQbKvy_0.avi,8,64,79,NonFight,0.007304
primary,val/Val_NonFight/VtIQbKvy_0.avi,9,72,87,NonFight,0.009382
primary,val/Val_NonFight/VtIQbKvy_0.avi,10,80,95,NonFight,0.008528
primary,val/Val_NonFight/VtIQbKvy_0.avi,11,88,103,NonFight,0.008505
primary,val/Val_NonFight/VtIQbKvy_0.avi,12,96,111,NonFight,0.008167
primary,val/Val_NonFight/VtIQbKvy_0.avi,13,104,119,NonFight,0.008114
primary,val/Val_NonFight/VtIQbKvy_0.avi,14,112,127,NonFight,0.007104
primary,val/Val_NonFight/VtIQbKvy_0.avi,15,120,135,NonFight,0.008927
primary,val/Val_NonFight/VtIQbKvy_0.avi,16,128,143,NonFight,0.008194
primary,val/Val_NonFight/VzHfmJeI_0.avi,0,0,15,NonFight,0.000655
primary,val/Val_NonFight/VzHfmJeI_0.avi,1,8,23,NonFight,0.000548
primary,val/Val_NonFight/VzHfmJeI_0.avi,2,16,31,NonFight,0.000517
primary,val/Val_NonFight/VzHfmJeI_0.avi,3,24,39,NonFight,0.000534
primary,val/Val_NonFight/VzHfmJeI_0.avi,4,32,47,NonFight,0.000410
primary,val/Val_NonFight/VzHfmJeI_0.avi,5,40,55,NonFight,0.000439
primary,val/Val_NonFight/VzHfmJeI_0.avi,6,48,63,NonFight,0.000485
primary,val/Val_NonFight/VzHfmJeI_0.avi,7,56,71,NonFight,0.000358
primary,val/Val_NonFight/VzHfmJeI_0.avi,8,64,79,NonFight,0.000448
primary,val/Val_NonFight/VzHfmJeI_0.avi,9,72,87,NonFight,0.000494
primary,val/Val_NonFight/VzHfmJeI_0.avi,10,80,95,NonFight,0.000682
primary,val/Val_NonFight/VzHfmJeI_0.avi,11,88,103,NonFight,0.000526
primary,val/Val_NonFight/VzHfmJeI_0.avi,12,96,111,NonFight,0.000369
primary,val/Val_NonFight/VzHfmJeI_0.avi,13,104,119,NonFight,0.000345
primary,val/Val_NonFight/VzHfmJeI_0.avi,14,112,127,NonFight,0.000530
primary,val/Val_NonFight/VzHfmJeI_0.avi,15,120,135,NonFight,0.000300
primary,val/Val_NonFight/VzHfmJeI_0.avi,16,128,143,NonFight,0.000142
primary,val/Val_NonFight/WPXtCPPS_0.avi,0,0,15,NonFight,0.004036
primary,val/Val_NonFight/WPXtCPPS_0.avi,1,8,23,NonFight,0.003059
primary,val/Val_NonFight/WPXtCPPS_0.avi,2,16,31,NonFight,0.003989
primary,val/Val_NonFight/WPXtCPPS_0.avi,3,24,39,NonFight,0.004115
primary,val/Val_NonFight/WPXtCPPS_0.avi,4,32,47,NonFight,0.002613
primary,val/Val_NonFight/WPXtCPPS_0.avi,5,40,55,NonFight,0.007461
primary,val/Val_NonFight/WPXtCPPS_0.avi,6,48,63,NonFight,0.009763
primary,val/Val_NonFight/WPXtCPPS_0.avi,7,56,71,NonFight,0.007327
primary,val/Val_NonFight/WPXtCPPS_0.avi,8,64,79,NonFight,0.018744
primary,val/Val_NonFight/WPXtCPPS_0.avi,9,72,87,NonFight,0.088603
primary,val/Val_NonFight/WPXtCPPS_0.avi,10,80,95,NonFight,0.121125
primary,val/Val_NonFight/WPXtCPPS_0.avi,11,88,103,NonFight,0.112084
primary,val/Val_NonFight/WPXtCPPS_0.avi,12,96,111,NonFight,0.162486
primary,val/Val_NonFight/WPXtCPPS_0.avi,13,104,119,NonFight,0.165841
primary,val/Val_NonFight/WPXtCPPS_0.avi,14,112,127,NonFight,0.243215
primary,val/Val_NonFight/WPXtCPPS_0.avi,15,120,135,NonFight,0.219748
primary,val/Val_NonFight/WPXtCPPS_0.avi,16,128,143,NonFight,0.165259
primary,val/Val_NonFight/Wq0BuA8GM84_0.avi,0,0,15,NonFight,0.021309
primary,val/Val_NonFight/Wq0BuA8GM84_0.avi,1,8,23,NonFight,0.011230
primary,val/Val_NonFight/Wq0BuA8GM84_0.avi,2,16,31,NonFight,0.012902
primary,val/Val_NonFight/Wq0BuA8GM84_0.avi,3,24,39,NonFight,0.022901
primary,val/Val_NonFight/Wq0BuA8GM84_0.avi,4,32,47,NonFight,0.061043
primary,val/Val_NonFight/Wq0BuA8GM84_0.avi,5,40,55,NonFight,0.013076
primary,val/Val_NonFight/Wq0BuA8GM84_0.avi,6,48,63,NonFight,0.003987
primary,val/Val_NonFight/Wq0BuA8GM84_0.avi,7,56,71,NonFight,0.007856
primary,val/Val_NonFight/Wq0BuA8GM84_0.avi,8,64,79,NonFight,0.048273
primary,val/Val_NonFight/Wq0BuA8GM84_0.avi,9,72,87,NonFight,0.027349
primary,val/Val_NonFight/Wq0BuA8GM84_0.avi,10,80,95,NonFight,0.007019
primary,val/Val_NonFight/Wq0BuA8GM84_0.avi,11,88,103,NonFight,0.015291
primary,val/Val_NonFight/Wq0BuA8GM84_0.avi,12,96,111,NonFight,0.117260
primary,val/Val_NonFight/Wq0BuA8GM84_0.avi,13,104,119,NonFight,0.500392
primary,val/Val_NonFight/Wq0BuA8GM84_0.avi,14,112,127,NonFight,0.699160
primary,val/Val_NonFight/Wq0BuA8GM84_0.avi,15,120,135,NonFight,0.407966
primary,val/Val_NonFight/Wq0BuA8GM84_0.avi,16,128,143,NonFight,0.119389
primary,val/Val_NonFight/Wq0BuA8GM84_1.avi,0,0,15,NonFight,0.004584
primary,val/Val_NonFight/Wq0BuA8GM84_1.avi,1,8,23,NonFight,0.003936
primary,val/Val_NonFight/Wq0BuA8GM84_1.avi,2,16,31,NonFight,0.005785
primary,val/Val_NonFight/Wq0BuA8GM84_1.avi,3,24,39,NonFight,0.005972
primary,val/Val_NonFight/Wq0BuA8GM84_1.avi,4,32,47,NonFight,0.009575
primary,val/Val_NonFight/Wq0BuA8GM84_1.avi,5,40,55,NonFight,0.012229
primary,val/Val_NonFight/Wq0BuA8GM84_1.avi,6,48,63,NonFight,0.013850
primary,val/Val_NonFight/Wq0BuA8GM84_1.avi,7,56,71,NonFight,0.005068
primary,val/Val_NonFight/Wq0BuA8GM84_1.avi,8,64,79,NonFight,0.008751
primary,val/Val_NonFight/Wq0BuA8GM84_1.avi,9,72,87,NonFight,0.003001
primary,val/Val_NonFight/Wq0BuA8GM84_1.avi,10,80,95,NonFight,0.007860
primary,val/Val_NonFight/Wq0BuA8GM84_1.avi,11,88,103,NonFight,0.010385
primary,val/Val_NonFight/Wq0BuA8GM84_1.avi,12,96,111,NonFight,0.005569
primary,val/Val_NonFight/Wq0BuA8GM84_1.avi,13,104,119,NonFight,0.004783
primary,val/Val_NonFight/Wq0BuA8GM84_1.avi,14,112,127,NonFight,0.129625
primary,val/Val_NonFight/Wq0BuA8GM84_1.avi,15,120,135,NonFight,0.044155
primary,val/Val_NonFight/Wq0BuA8GM84_1.avi,16,128,143,NonFight,0.074838
primary,val/Val_NonFight/Xcd0v-KhKL4_0.avi,0,0,15,NonFight,0.000791
primary,val/Val_NonFight/Xcd0v-KhKL4_0.avi,1,8,23,NonFight,0.000805
primary,val/Val_NonFight/Xcd0v-KhKL4_0.avi,2,16,31,NonFight,0.000548
primary,val/Val_NonFight/Xcd0v-KhKL4_0.avi,3,24,39,NonFight,0.000139
primary,val/Val_NonFight/Xcd0v-KhKL4_0.avi,4,32,47,NonFight,0.000195
primary,val/Val_NonFight/Xcd0v-KhKL4_0.avi,5,40,55,NonFight,0.002132
primary,val/Val_NonFight/Xcd0v-KhKL4_0.avi,6,48,63,NonFight,0.004587
primary,val/Val_NonFight/Xcd0v-KhKL4_0.avi,7,56,71,NonFight,0.001296
primary,val/Val_NonFight/Xcd0v-KhKL4_0.avi,8,64,79,NonFight,0.000169
primary,val/Val_NonFight/Xcd0v-KhKL4_0.avi,9,72,87,NonFight,0.000269
primary,val/Val_NonFight/Xcd0v-KhKL4_0.avi,10,80,95,NonFight,0.000908
primary,val/Val_NonFight/Xcd0v-KhKL4_0.avi,11,88,103,NonFight,0.000832
primary,val/Val_NonFight/Xcd0v-KhKL4_0.avi,12,96,111,NonFight,0.000779
primary,val/Val_NonFight/Xcd0v-KhKL4_0.avi,13,104,119,NonFight,0.001208
primary,val/Val_NonFight/Xcd0v-KhKL4_0.avi,14,112,127,NonFight,0.000567
primary,val/Val_NonFight/Xcd0v-KhKL4_0.avi,15,120,135,NonFight,0.001403
primary,val/Val_NonFight/Xcd0v-KhKL4_0.avi,16,128,143,NonFight,0.007613
primary,val/Val_NonFight/YDOJvzChqSg_0.avi,0,0,15,NonFight,0.017107
primary,val/Val_NonFight/YDOJvzChqSg_0.avi,1,8,23,NonFight,0.004883
primary,val/Val_NonFight/YDOJvzChqSg_0.avi,2,16,31,NonFight,0.028890
primary,val/Val_NonFight/YDOJvzChqSg_0.avi,3,24,39,NonFight,0.012193
primary,val/Val_NonFight/YDOJvzChqSg_0.avi,4,32,47,NonFight,0.013697
primary,val/Val_NonFight/YDOJvzChqSg_0.avi,5,40,55,NonFight,0.013129
primary,val/Val_NonFight/YDOJvzChqSg_0.avi,6,48,63,NonFight,0.005898
primary,val/Val_NonFight/YDOJvzChqSg_0.avi,7,56,71,NonFight,0.015737
primary,val/Val_NonFight/YDOJvzChqSg_0.avi,8,64,79,NonFight,0.020890
primary,val/Val_NonFight/YDOJvzChqSg_0.avi,9,72,87,NonFight,0.006913
primary,val/Val_NonFight/YDOJvzChqSg_0.avi,10,80,95,NonFight,0.012648
primary,val/Val_NonFight/YDOJvzChqSg_0.avi,11,88,103,NonFight,0.044599
primary,val/Val_NonFight/YDOJvzChqSg_0.avi,12,96,111,NonFight,0.107450
primary,val/Val_NonFight/YDOJvzChqSg_0.avi,13,104,119,NonFight,0.147248
primary,val/Val_NonFight/YDOJvzChqSg_0.avi,14,112,127,NonFight,0.110925
primary,val/Val_NonFight/YDOJvzChqSg_0.avi,15,120,135,NonFight,0.047555
primary,val/Val_NonFight/YDOJvzChqSg_0.avi,16,128,143,NonFight,0.042934
primary,val/Val_NonFight/YL1qlr23_0.avi,0,0,15,NonFight,0.078409
primary,val/Val_NonFight/YL1qlr23_0.avi,1,8,23,NonFight,0.155317
primary,val/Val_NonFight/YL1qlr23_0.avi,2,16,31,NonFight,0.123992
primary,val/Val_NonFight/YL1qlr23_0.avi,3,24,39,NonFight,0.109150
primary,val/Val_NonFight/YL1qlr23_0.avi,4,32,47,NonFight,0.087927
primary,val/Val_NonFight/YL1qlr23_0.avi,5,40,55,NonFight,0.092678
primary,val/Val_NonFight/YL1qlr23_0.avi,6,48,63,NonFight,0.161468
primary,val/Val_NonFight/YL1qlr23_0.avi,7,56,71,NonFight,0.126042
primary,val/Val_NonFight/YL1qlr23_0.avi,8,64,79,NonFight,0.082875
primary,val/Val_NonFight/YL1qlr23_0.avi,9,72,87,NonFight,0.038133
primary,val/Val_NonFight/YL1qlr23_0.avi,10,80,95,NonFight,0.055621
primary,val/Val_NonFight/YL1qlr23_0.avi,11,88,103,NonFight,0.246008
primary,val/Val_NonFight/YL1qlr23_0.avi,12,96,111,NonFight,0.429445
primary,val/Val_NonFight/YL1qlr23_0.avi,13,104,119,NonFight,0.904108
primary,val/Val_NonFight/YL1qlr23_0.avi,14,112,127,NonFight,0.938807
primary,val/Val_NonFight/YL1qlr23_0.avi,15,120,135,NonFight,0.963544
primary,val/Val_NonFight/YL1qlr23_0.avi,16,128,143,NonFight,0.720953
primary,val/Val_NonFight/YYCGcBuE_0.avi,0,0,15,NonFight,0.001305
primary,val/Val_NonFight/YYCGcBuE_0.avi,1,8,23,NonFight,0.001361
primary,val/Val_NonFight/YYCGcBuE_0.avi,2,16,31,NonFight,0.001319
primary,val/Val_NonFight/YYCGcBuE_0.avi,3,24,39,NonFight,0.001286
primary,val/Val_NonFight/YYCGcBuE_0.avi,4,32,47,NonFight,0.001215
primary,val/Val_NonFight/YYCGcBuE_0.avi,5,40,55,NonFight,0.001374
primary,val/Val_NonFight/YYCGcBuE_0.avi,6,48,63,NonFight,0.001306
primary,val/Val_NonFight/YYCGcBuE_0.avi,7,56,71,NonFight,0.001514
primary,val/Val_NonFight/YYCGcBuE_0.avi,8,64,79,NonFight,0.001437
primary,val/Val_NonFight/YYCGcBuE_0.avi,9,72,87,NonFight,0.001456
primary,val/Val_NonFight/YYCGcBuE_0.avi,10,80,95,NonFight,0.001453
primary,val/Val_NonFight/YYCGcBuE_0.avi,11,88,103,NonFight,0.001394
primary,val/Val_NonFight/YYCGcBuE_0.avi,12,96,111,NonFight,0.001601
primary,val/Val_NonFight/YYCGcBuE_0.avi,13,104,119,NonFight,0.001525
primary,val/Val_NonFight/YYCGcBuE_0.avi,14,112,127,NonFight,0.001493
primary,val/Val_NonFight/YYCGcBuE_0.avi,15,120,135,NonFight,0.001545
primary,val/Val_NonFight/YYCGcBuE_0.avi,16,128,143,NonFight,0.001362
primary,val/Val_NonFight/Yf55ftZR_0.avi,0,0,15,NonFight,0.000832
primary,val/Val_NonFight/Yf55ftZR_0.avi,1,8,23,NonFight,0.000864
primary,val/Val_NonFight/Yf55ftZR_0.avi,2,16,31,NonFight,0.000827
primary,val/Val_NonFight/Yf55ftZR_0.avi,3,24,39,NonFight,0.000795
primary,val/Val_NonFight/Yf55ftZR_0.avi,4,32,47,NonFight,0.000745
primary,val/Val_NonFight/Yf55ftZR_0.avi,5,40,55,NonFight,0.000792
primary,val/Val_NonFight/Yf55ftZR_0.avi,6,48,63,NonFight,0.000731
primary,val/Val_NonFight/Yf55ftZR_0.avi,7,56,71,NonFight,0.000828
primary,val/Val_NonFight/Yf55ftZR_0.avi,8,64,79,NonFight,0.001000
primary,val/Val_NonFight/Yf55ftZR_0.avi,9,72,87,NonFight,0.001210
primary,val/Val_NonFight/Yf55ftZR_0.avi,10,80,95,NonFight,0.001112
primary,val/Val_NonFight/Yf55ftZR_0.avi,11,88,103,NonFight,0.001131
primary,val/Val_NonFight/Yf55ftZR_0.avi,12,96,111,NonFight,0.001237
primary,val/Val_NonFight/Yf55ftZR_0.avi,13,104,119,NonFight,0.001247
primary,val/Val_NonFight/Yf55ftZR_0.avi,14,112,127,NonFight,0.001052
primary,val/Val_NonFight/Yf55ftZR_0.avi,15,120,135,NonFight,0.001015
primary,val/Val_NonFight/Yf55ftZR_0.avi,16,128,143,NonFight,0.001142
primary,val/Val_NonFight/Yma07mlW_0.avi,0,0,15,NonFight,0.000695
primary,val/Val_NonFight/Yma07mlW_0.avi,1,8,23,NonFight,0.000768
primary,val/Val_NonFight/Yma07mlW_0.avi,2,16,31,NonFight,0.000829
primary,val/Val_NonFight/Yma07mlW_0.avi,3,24,39,NonFight,0.000630
primary,val/Val_NonFight/Yma07mlW_0.avi,4,32,47,NonFight,0.001211
primary,val/Val_NonFight/Yma07mlW_0.avi,5,40,55,NonFight,0.002669
primary,val/Val_NonFight/Yma07mlW_0.avi,6,48,63,NonFight,0.001878
primary,val/Val_NonFight/Yma07mlW_0.avi,7,56,71,NonFight,0.000794
primary,val/Val_NonFight/Yma07mlW_0.avi,8,64,79,NonFight,0.000167
primary,val/Val_NonFight/Yma07mlW_0.avi,9,72,87,NonFight,0.000197
primary,val/Val_NonFight/Yma07mlW_0.avi,10,80,95,NonFight,0.000114
primary,val/Val_NonFight/Yma07mlW_0.avi,11,88,103,NonFight,0.000024
primary,val/Val_NonFight/Yma07mlW_0.avi,12,96,111,NonFight,0.000045
primary,val/Val_NonFight/Yma07mlW_0.avi,13,104,119,NonFight,0.000008
primary,val/Val_NonFight/Yma07mlW_0.avi,14,112,127,NonFight,0.000004
primary,val/Val_NonFight/Yma07mlW_0.avi,15,120,135,NonFight,0.000003
primary,val/Val_NonFight/Yma07mlW_0.avi,16,128,143,NonFight,0.000003
primary,val/Val_NonFight/YukOkfIj_0.avi,0,0,15,NonFight,0.003703
primary,val/Val_NonFight/YukOkfIj_0.avi,1,8,23,NonFight,0.004798
primary,val/Val_NonFight/YukOkfIj_0.avi,2,16,31,NonFight,0.002361
primary,val/Val_NonFight/YukOkfIj_0.avi,3,24,39,NonFight,0.011657
primary,val/Val_NonFight/YukOkfIj_0.avi,4,32,47,NonFight,0.007322
primary,val/Val_NonFight/YukOkfIj_0.avi,5,40,55,NonFight,0.002629
primary,val/Val_NonFight/YukOkfIj_0.avi,6,48,63,NonFight,0.004464
primary,val/Val_NonFight/YukOkfIj_0.avi,7,56,71,NonFight,0.000827
primary,val/Val_NonFight/YukOkfIj_0.avi,8,64,79,NonFight,0.003297
primary,val/Val_NonFight/YukOkfIj_0.avi,9,72,87,NonFight,0.003758
primary,val/Val_NonFight/YukOkfIj_0.avi,10,80,95,NonFight,0.002960
primary,val/Val_NonFight/YukOkfIj_0.avi,11,88,103,NonFight,0.000434
primary,val/Val_NonFight/YukOkfIj_0.avi,12,96,111,NonFight,0.000198
primary,val/Val_NonFight/YukOkfIj_0.avi,13,104,119,NonFight,0.000359
primary,val/Val_NonFight/YukOkfIj_0.avi,14,112,127,NonFight,0.001365
primary,val/Val_NonFight/YukOkfIj_0.avi,15,120,135,NonFight,0.000175
primary,val/Val_NonFight/YukOkfIj_0.avi,16,128,143,NonFight,0.000018
primary,val/Val_NonFight/ZCUy99AN_0.avi,0,0,15,NonFight,0.000000
primary,val/Val_NonFight/ZCUy99AN_0.avi,1,8,23,NonFight,0.000000
primary,val/Val_NonFight/ZCUy99AN_0.avi,2,16,31,NonFight,0.000000
primary,val/Val_NonFight/ZCUy99AN_0.avi,3,24,39,NonFight,0.000000
primary,val/Val_NonFight/ZCUy99AN_0.avi,4,32,47,NonFight,0.000000
primary,val/Val_NonFight/ZCUy99AN_0.avi,5,40,55,NonFight,0.000001
primary,val/Val_NonFight/ZCUy99AN_0.avi,6,48,63,NonFight,0.000000
primary,val/Val_NonFight/ZCUy99AN_0.avi,7,56,71,NonFight,0.000000
primary,val/Val_NonFight/ZCUy99AN_0.avi,8,64,79,NonFight,0.000000
primary,val/Val_NonFight/ZCUy99AN_0.avi,9,72,87,NonFight,0.000000
primary,val/Val_NonFight/ZCUy99AN_0.avi,10,80,95,NonFight,0.000000
primary,val/Val_NonFight/ZCUy99AN_0.avi,11,88,103,NonFight,0.000001
primary,val/Val_NonFight/ZCUy99AN_0.avi,12,96,111,NonFight,0.000000
primary,val/Val_NonFight/ZCUy99AN_0.avi,13,104,119,NonFight,0.000000
primary,val/Val_NonFight/ZCUy99AN_0.avi,14,112,127,NonFight,0.000000
primary,val/Val_NonFight/ZCUy99AN_0.avi,15,120,135,NonFight,0.000000
primary,val/Val_NonFight/ZCUy99AN_0.avi,16,128,143,NonFight,0.000000
primary,val/Val_NonFight/ZwhC7Kyg_0.avi,0,0,15,NonFight,0.000750
primary,val/Val_NonFight/ZwhC7Kyg_0.avi,1,8,23,NonFight,0.000708
primary,val/Val_NonFight/ZwhC7Kyg_0.avi,2,16,31,NonFight,0.000675
primary,val/Val_NonFight/ZwhC7Kyg_0.avi,3,24,39,NonFight,0.000672
primary,val/Val_NonFight/ZwhC7Kyg_0.avi,4,32,47,NonFight,0.000724
primary,val/Val_NonFight/ZwhC7Kyg_0.avi,5,40,55,NonFight,0.000695
primary,val/Val_NonFight/ZwhC7Kyg_0.avi,6,48,63,NonFight,0.000715
primary,val/Val_NonFight/ZwhC7Kyg_0.avi,7,56,71,NonFight,0.000725
primary,val/Val_NonFight/ZwhC7Kyg_0.avi,8,64,79,NonFight,0.000633
primary,val/Val_NonFight/ZwhC7Kyg_0.avi,9,72,87,NonFight,0.000630
primary,val/Val_NonFight/ZwhC7Kyg_0.avi,10,80,95,NonFight,0.000715
primary,val/Val_NonFight/ZwhC7Kyg_0.avi,11,88,103,NonFight,0.000779
primary,val/Val_NonFight/ZwhC7Kyg_0.avi,12,96,111,NonFight,0.000708
primary,val/Val_NonFight/ZwhC7Kyg_0.avi,13,104,119,NonFight,0.000666
primary,val/Val_NonFight/ZwhC7Kyg_0.avi,14,112,127,NonFight,0.000707
primary,val/Val_NonFight/ZwhC7Kyg_0.avi,15,120,135,NonFight,0.000653
primary,val/Val_NonFight/ZwhC7Kyg_0.avi,16,128,143,NonFight,0.000628
primary,val/Val_NonFight/bW2vHhYbzHM_0.avi,0,0,15,NonFight,0.001068
primary,val/Val_NonFight/bW2vHhYbzHM_0.avi,1,8,23,NonFight,0.000878
primary,val/Val_NonFight/bW2vHhYbzHM_0.avi,2,16,31,NonFight,0.000755
primary,val/Val_NonFight/bW2vHhYbzHM_0.avi,3,24,39,NonFight,0.000799
primary,val/Val_NonFight/bW2vHhYbzHM_0.avi,4,32,47,NonFight,0.000920
primary,val/Val_NonFight/bW2vHhYbzHM_0.avi,5,40,55,NonFight,0.000938
primary,val/Val_NonFight/bW2vHhYbzHM_0.avi,6,48,63,NonFight,0.000902
primary,val/Val_NonFight/bW2vHhYbzHM_0.avi,7,56,71,NonFight,0.000921
primary,val/Val_NonFight/bW2vHhYbzHM_0.avi,8,64,79,NonFight,0.000937
primary,val/Val_NonFight/bW2vHhYbzHM_0.avi,9,72,87,NonFight,0.000999
primary,val/Val_NonFight/bW2vHhYbzHM_0.avi,10,80,95,NonFight,0.000999
primary,val/Val_NonFight/bW2vHhYbzHM_0.avi,11,88,103,NonFight,0.000836
primary,val/Val_NonFight/bW2vHhYbzHM_0.avi,12,96,111,NonFight,0.000745
primary,val/Val_NonFight/bW2vHhYbzHM_0.avi,13,104,119,NonFight,0.000734
primary,val/Val_NonFight/bW2vHhYbzHM_0.avi,14,112,127,NonFight,0.000783
primary,val/Val_NonFight/bW2vHhYbzHM_0.avi,15,120,135,NonFight,0.000684
primary,val/Val_NonFight/bW2vHhYbzHM_0.avi,16,128,143,NonFight,0.000499
primary,val/Val_NonFight/bW2vHhYbzHM_1.avi,0,0,15,NonFight,0.001382
primary,val/Val_NonFight/bW2vHhYbzHM_1.avi,1,8,23,NonFight,0.001153
primary,val/Val_NonFight/bW2vHhYbzHM_1.avi,2,16,31,NonFight,0.000998
primary,val/Val_NonFight/bW2vHhYbzHM_1.avi,3,24,39,NonFight,0.000954
primary,val/Val_NonFight/bW2vHhYbzHM_1.avi,4,32,47,NonFight,0.001206
primary,val/Val_NonFight/bW2vHhYbzHM_1.avi,5,40,55,NonFight,0.001205
primary,val/Val_NonFight/bW2vHhYbzHM_1.avi,6,48,63,NonFight,0.001315
primary,val/Val_NonFight/bW2vHhYbzHM_1.avi,7,56,71,NonFight,0.001600
primary,val/Val_NonFight/bW2vHhYbzHM_1.avi,8,64,79,NonFight,0.002102
primary,val/Val_NonFight/bW2vHhYbzHM_1.avi,9,72,87,NonFight,0.001464
primary,val/Val_NonFight/bW2vHhYbzHM_1.avi,10,80,95,NonFight,0.001534
primary,val/Val_NonFight/bW2vHhYbzHM_1.avi,11,88,103,NonFight,0.001615
primary,val/Val_NonFight/bW2vHhYbzHM_1.avi,12,96,111,NonFight,0.001272
primary,val/Val_NonFight/bW2vHhYbzHM_1.avi,13,104,119,NonFight,0.001219
primary,val/Val_NonFight/bW2vHhYbzHM_1.avi,14,112,127,NonFight,0.001048
primary,val/Val_NonFight/bW2vHhYbzHM_1.avi,15,120,135,NonFight,0.000726
primary,val/Val_NonFight/bW2vHhYbzHM_1.avi,16,128,143,NonFight,0.000317
primary,val/Val_NonFight/cpFWuHXF_0.avi,0,0,15,NonFight,0.003068
primary,val/Val_NonFight/cpFWuHXF_0.avi,1,8,23,NonFight,0.006898
primary,val/Val_NonFight/cpFWuHXF_0.avi,2,16,31,NonFight,0.005882
primary,val/Val_NonFight/cpFWuHXF_0.avi,3,24,39,NonFight,0.006549
primary,val/Val_NonFight/cpFWuHXF_0.avi,4,32,47,NonFight,0.005298
primary,val/Val_NonFight/cpFWuHXF_0.avi,5,40,55,NonFight,0.002273
primary,val/Val_NonFight/cpFWuHXF_0.avi,6,48,63,NonFight,0.000240
primary,val/Val_NonFight/cpFWuHXF_0.avi,7,56,71,NonFight,0.000440
primary,val/Val_NonFight/cpFWuHXF_0.avi,8,64,79,NonFight,0.000787
primary,val/Val_NonFight/cpFWuHXF_0.avi,9,72,87,NonFight,0.000559
primary,val/Val_NonFight/cpFWuHXF_0.avi,10,80,95,NonFight,0.000196
primary,val/Val_NonFight/cpFWuHXF_0.avi,11,88,103,NonFight,0.000046
primary,val/Val_NonFight/cpFWuHXF_0.avi,12,96,111,NonFight,0.000195
primary,val/Val_NonFight/cpFWuHXF_0.avi,13,104,119,NonFight,0.000189
primary,val/Val_NonFight/cpFWuHXF_0.avi,14,112,127,NonFight,0.000042
primary,val/Val_NonFight/cpFWuHXF_0.avi,15,120,135,NonFight,0.000056
primary,val/Val_NonFight/cpFWuHXF_0.avi,16,128,143,NonFight,0.000064
primary,val/Val_NonFight/e8jli13nLaM_0.avi,0,0,15,NonFight,0.074528
primary,val/Val_NonFight/e8jli13nLaM_0.avi,1,8,23,NonFight,0.034517
primary,val/Val_NonFight/e8jli13nLaM_0.avi,2,16,31,NonFight,0.025033
primary,val/Val_NonFight/e8jli13nLaM_0.avi,3,24,39,NonFight,0.029153
primary,val/Val_NonFight/e8jli13nLaM_0.avi,4,32,47,NonFight,0.039712
primary,val/Val_NonFight/e8jli13nLaM_0.avi,5,40,55,NonFight,0.048755
primary,val/Val_NonFight/e8jli13nLaM_0.avi,6,48,63,NonFight,0.058845
primary,val/Val_NonFight/e8jli13nLaM_0.avi,7,56,71,NonFight,0.031555
primary,val/Val_NonFight/e8jli13nLaM_0.avi,8,64,79,NonFight,0.021022
primary,val/Val_NonFight/e8jli13nLaM_0.avi,9,72,87,NonFight,0.014577
primary,val/Val_NonFight/e8jli13nLaM_0.avi,10,80,95,NonFight,0.009973
primary,val/Val_NonFight/e8jli13nLaM_0.avi,11,88,103,NonFight,0.011459
primary,val/Val_NonFight/e8jli13nLaM_0.avi,12,96,111,NonFight,0.011873
primary,val/Val_NonFight/e8jli13nLaM_0.avi,13,104,119,NonFight,0.015458
primary,val/Val_NonFight/e8jli13nLaM_0.avi,14,112,127,NonFight,0.015600
primary,val/Val_NonFight/e8jli13nLaM_0.avi,15,120,135,NonFight,0.020166
primary,val/Val_NonFight/e8jli13nLaM_0.avi,16,128,143,NonFight,0.028181
primary,val/Val_NonFight/eb4Oant1_0.avi,0,0,15,NonFight,0.011999
primary,val/Val_NonFight/eb4Oant1_0.avi,1,8,23,NonFight,0.017257
primary,val/Val_NonFight/eb4Oant1_0.avi,2,16,31,NonFight,0.032964
primary,val/Val_NonFight/eb4Oant1_0.avi,3,24,39,NonFight,0.021469
primary,val/Val_NonFight/eb4Oant1_0.avi,4,32,47,NonFight,0.017685
primary,val/Val_NonFight/eb4Oant1_0.avi,5,40,55,NonFight,0.042686
primary,val/Val_NonFight/eb4Oant1_0.avi,6,48,63,NonFight,0.118314
primary,val/Val_NonFight/eb4Oant1_0.avi,7,56,71,NonFight,0.142077
primary,val/Val_NonFight/eb4Oant1_0.avi,8,64,79,NonFight,0.180847
primary,val/Val_NonFight/eb4Oant1_0.avi,9,72,87,NonFight,0.122997
primary,val/Val_NonFight/eb4Oant1_0.avi,10,80,95,NonFight,0.147645
primary,val/Val_NonFight/eb4Oant1_0.avi,11,88,103,NonFight,0.128873
primary,val/Val_NonFight/eb4Oant1_0.avi,12,96,111,NonFight,0.127252
primary,val/Val_NonFight/eb4Oant1_0.avi,13,104,119,NonFight,0.131045
primary,val/Val_NonFight/eb4Oant1_0.avi,14,112,127,NonFight,0.162512
primary,val/Val_NonFight/eb4Oant1_0.avi,15,120,135,NonFight,0.162897
primary,val/Val_NonFight/eb4Oant1_0.avi,16,128,143,NonFight,0.158810
primary,val/Val_NonFight/egQvmVL2_0.avi,0,0,15,NonFight,0.000167
primary,val/Val_NonFight/egQvmVL2_0.avi,1,8,23,NonFight,0.000188
primary,val/Val_NonFight/egQvmVL2_0.avi,2,16,31,NonFight,0.000125
primary,val/Val_NonFight/egQvmVL2_0.avi,3,24,39,NonFight,0.000264
primary,val/Val_NonFight/egQvmVL2_0.avi,4,32,47,NonFight,0.000343
primary,val/Val_NonFight/egQvmVL2_0.avi,5,40,55,NonFight,0.000226
primary,val/Val_NonFight/egQvmVL2_0.avi,6,48,63,NonFight,0.000375
primary,val/Val_NonFight/egQvmVL2_0.avi,7,56,71,NonFight,0.000348
primary,val/Val_NonFight/egQvmVL2_0.avi,8,64,79,NonFight,0.000524
primary,val/Val_NonFight/egQvmVL2_0.avi,9,72,87,NonFight,0.000534
primary,val/Val_NonFight/egQvmVL2_0.avi,10,80,95,NonFight,0.000405
primary,val/Val_NonFight/egQvmVL2_0.avi,11,88,103,NonFight,0.000139
primary,val/Val_NonFight/egQvmVL2_0.avi,12,96,111,NonFight,0.000205
primary,val/Val_NonFight/egQvmVL2_0.avi,13,104,119,NonFight,0.000125
primary,val/Val_NonFight/egQvmVL2_0.avi,14,112,127,NonFight,0.000854
primary,val/Val_NonFight/egQvmVL2_0.avi,15,120,135,NonFight,0.000749
primary,val/Val_NonFight/egQvmVL2_0.avi,16,128,143,NonFight,0.000289
primary,val/Val_NonFight/etyiEs3j8x8_0.avi,0,0,15,NonFight,0.032669
primary,val/Val_NonFight/etyiEs3j8x8_0.avi,1,8,23,NonFight,0.049370
primary,val/Val_NonFight/etyiEs3j8x8_0.avi,2,16,31,NonFight,0.058509
primary,val/Val_NonFight/etyiEs3j8x8_0.avi,3,24,39,NonFight,0.043764
primary,val/Val_NonFight/etyiEs3j8x8_0.avi,4,32,47,NonFight,0.074697
primary,val/Val_NonFight/etyiEs3j8x8_0.avi,5,40,55,NonFight,0.093068
primary,val/Val_NonFight/etyiEs3j8x8_0.avi,6,48,63,NonFight,0.063672
primary,val/Val_NonFight/etyiEs3j8x8_0.avi,7,56,71,NonFight,0.098702
primary,val/Val_NonFight/etyiEs3j8x8_0.avi,8,64,79,NonFight,0.056090
primary,val/Val_NonFight/etyiEs3j8x8_0.avi,9,72,87,NonFight,0.085651
primary,val/Val_NonFight/etyiEs3j8x8_0.avi,10,80,95,NonFight,0.126365
primary,val/Val_NonFight/etyiEs3j8x8_0.avi,11,88,103,NonFight,0.087923
primary,val/Val_NonFight/etyiEs3j8x8_0.avi,12,96,111,NonFight,0.047859
primary,val/Val_NonFight/etyiEs3j8x8_0.avi,13,104,119,NonFight,0.081208
primary,val/Val_NonFight/etyiEs3j8x8_0.avi,14,112,127,NonFight,0.093117
primary,val/Val_NonFight/etyiEs3j8x8_0.avi,15,120,135,NonFight,0.076864
primary,val/Val_NonFight/etyiEs3j8x8_0.avi,16,128,143,NonFight,0.057650
primary,val/Val_NonFight/etyiEs3j8x8_1.avi,0,0,15,NonFight,0.000821
primary,val/Val_NonFight/etyiEs3j8x8_1.avi,1,8,23,NonFight,0.000935
primary,val/Val_NonFight/etyiEs3j8x8_1.avi,2,16,31,NonFight,0.000953
primary,val/Val_NonFight/etyiEs3j8x8_1.avi,3,24,39,NonFight,0.001616
primary,val/Val_NonFight/etyiEs3j8x8_1.avi,4,32,47,NonFight,0.008706
primary,val/Val_NonFight/etyiEs3j8x8_1.avi,5,40,55,NonFight,0.024103
primary,val/Val_NonFight/etyiEs3j8x8_1.avi,6,48,63,NonFight,0.011021
primary,val/Val_NonFight/etyiEs3j8x8_1.avi,7,56,71,NonFight,0.021837
primary,val/Val_NonFight/etyiEs3j8x8_1.avi,8,64,79,NonFight,0.007143
primary,val/Val_NonFight/etyiEs3j8x8_1.avi,9,72,87,NonFight,0.021776
primary,val/Val_NonFight/etyiEs3j8x8_1.avi,10,80,95,NonFight,0.052102
primary,val/Val_NonFight/etyiEs3j8x8_1.avi,11,88,103,NonFight,0.054334
primary,val/Val_NonFight/etyiEs3j8x8_1.avi,12,96,111,NonFight,0.003963
primary,val/Val_NonFight/etyiEs3j8x8_1.avi,13,104,119,NonFight,0.001847
primary,val/Val_NonFight/etyiEs3j8x8_1.avi,14,112,127,NonFight,0.006153
primary,val/Val_NonFight/etyiEs3j8x8_1.avi,15,120,135,NonFight,0.012838
primary,val/Val_NonFight/etyiEs3j8x8_1.avi,16,128,143,NonFight,0.028504
primary,val/Val_NonFight/etyiEs3j8x8_2.avi,0,0,15,NonFight,0.017543
primary,val/Val_NonFight/etyiEs3j8x8_2.avi,1,8,23,NonFight,0.002184
primary,val/Val_NonFight/etyiEs3j8x8_2.avi,2,16,31,NonFight,0.000315
primary,val/Val_NonFight/etyiEs3j8x8_2.avi,3,24,39,NonFight,0.000283
primary,val/Val_NonFight/etyiEs3j8x8_2.avi,4,32,47,NonFight,0.005328
primary,val/Val_NonFight/etyiEs3j8x8_2.avi,5,40,55,NonFight,0.030699
primary,val/Val_NonFight/etyiEs3j8x8_2.avi,6,48,63,NonFight,0.006358
primary,val/Val_NonFight/etyiEs3j8x8_2.avi,7,56,71,NonFight,0.002025
primary,val/Val_NonFight/etyiEs3j8x8_2.avi,8,64,79,NonFight,0.000262
primary,val/Val_NonFight/etyiEs3j8x8_2.avi,9,72,87,NonFight,0.000510
primary,val/Val_NonFight/etyiEs3j8x8_2.avi,10,80,95,NonFight,0.001014
primary,val/Val_NonFight/etyiEs3j8x8_2.avi,11,88,103,NonFight,0.000795
primary,val/Val_NonFight/etyiEs3j8x8_2.avi,12,96,111,NonFight,0.018392
primary,val/Val_NonFight/etyiEs3j8x8_2.avi,13,104,119,NonFight,0.013431
primary,val/Val_NonFight/etyiEs3j8x8_2.avi,14,112,127,NonFight,0.053996
primary,val/Val_NonFight/etyiEs3j8x8_2.avi,15,120,135,NonFight,0.046318
primary,val/Val_NonFight/etyiEs3j8x8_2.avi,16,128,143,NonFight,0.070278
primary,val/Val_NonFight/fGyFpyjd_0.avi,0,0,15,NonFight,0.000053
primary,val/Val_NonFight/fGyFpyjd_0.avi,1,8,23,NonFight,0.000069
primary,val/Val_NonFight/fGyFpyjd_0.avi,2,16,31,NonFight,0.000202
primary,val/Val_NonFight/fGyFpyjd_0.avi,3,24,39,NonFight,0.000205
primary,val/Val_NonFight/fGyFpyjd_0.avi,4,32,47,NonFight,0.000285
primary,val/Val_NonFight/fGyFpyjd_0.avi,5,40,55,NonFight,0.000453
primary,val/Val_NonFight/fGyFpyjd_0.avi,6,48,63,NonFight,0.000205
primary,val/Val_NonFight/fGyFpyjd_0.avi,7,56,71,NonFight,0.000241
primary,val/Val_NonFight/fGyFpyjd_0.avi,8,64,79,NonFight,0.000197
primary,val/Val_NonFight/fGyFpyjd_0.avi,9,72,87,NonFight,0.000357
primary,val/Val_NonFight/fGyFpyjd_0.avi,10,80,95,NonFight,0.000619
primary,val/Val_NonFight/fGyFpyjd_0.avi,11,88,103,NonFight,0.000975
primary,val/Val_NonFight/fGyFpyjd_0.avi,12,96,111,NonFight,0.000713
primary,val/Val_NonFight/fGyFpyjd_0.avi,13,104,119,NonFight,0.000846
primary,val/Val_NonFight/fGyFpyjd_0.avi,14,112,127,NonFight,0.001044
primary,val/Val_NonFight/fGyFpyjd_0.avi,15,120,135,NonFight,0.001059
primary,val/Val_NonFight/fGyFpyjd_0.avi,16,128,143,NonFight,0.001114
primary,val/Val_NonFight/fO2vb61DcUk_0.avi,0,0,15,NonFight,0.002515
primary,val/Val_NonFight/fO2vb61DcUk_0.avi,1,8,23,NonFight,0.009971
primary,val/Val_NonFight/fO2vb61DcUk_0.avi,2,16,31,NonFight,0.009753
primary,val/Val_NonFight/fO2vb61DcUk_0.avi,3,24,39,NonFight,0.015629
primary,val/Val_NonFight/fO2vb61DcUk_0.avi,4,32,47,NonFight,0.002567
primary,val/Val_NonFight/fO2vb61DcUk_0.avi,5,40,55,NonFight,0.004929
primary,val/Val_NonFight/fO2vb61DcUk_0.avi,6,48,63,NonFight,0.004281
primary,val/Val_NonFight/fO2vb61DcUk_0.avi,7,56,71,NonFight,0.005074
primary,val/Val_NonFight/fO2vb61DcUk_0.avi,8,64,79,NonFight,0.013114
primary,val/Val_NonFight/fO2vb61DcUk_0.avi,9,72,87,NonFight,0.003465
primary,val/Val_NonFight/fO2vb61DcUk_0.avi,10,80,95,NonFight,0.001343
primary,val/Val_NonFight/fO2vb61DcUk_0.avi,11,88,103,NonFight,0.000793
primary,val/Val_NonFight/fO2vb61DcUk_0.avi,12,96,111,NonFight,0.000037
primary,val/Val_NonFight/fO2vb61DcUk_0.avi,13,104,119,NonFight,0.000264
primary,val/Val_NonFight/fO2vb61DcUk_0.avi,14,112,127,NonFight,0.000116
primary,val/Val_NonFight/fO2vb61DcUk_0.avi,15,120,135,NonFight,0.000186
primary,val/Val_NonFight/fO2vb61DcUk_0.avi,16,128,143,NonFight,0.000506
primary,val/Val_NonFight/fO2vb61DcUk_1.avi,0,0,15,NonFight,0.001035
primary,val/Val_NonFight/fO2vb61DcUk_1.avi,1,8,23,NonFight,0.000601
primary,val/Val_NonFight/fO2vb61DcUk_1.avi,2,16,31,NonFight,0.000211
primary,val/Val_NonFight/fO2vb61DcUk_1.avi,3,24,39,NonFight,0.000136
primary,val/Val_NonFight/fO2vb61DcUk_1.avi,4,32,47,NonFight,0.000886
primary,val/Val_NonFight/fO2vb61DcUk_1.avi,5,40,55,NonFight,0.000536
primary,val/Val_NonFight/fO2vb61DcUk_1.avi,6,48,63,NonFight,0.001268
primary,val/Val_NonFight/fO2vb61DcUk_1.avi,7,56,71,NonFight,0.000872
primary,val/Val_NonFight/fO2vb61DcUk_1.avi,8,64,79,NonFight,0.000287
primary,val/Val_NonFight/fO2vb61DcUk_1.avi,9,72,87,NonFight,0.002680
primary,val/Val_NonFight/fO2vb61DcUk_1.avi,10,80,95,NonFight,0.001972
primary,val/Val_NonFight/fO2vb61DcUk_1.avi,11,88,103,NonFight,0.006992
primary,val/Val_NonFight/fO2vb61DcUk_1.avi,12,96,111,NonFight,0.003996
primary,val/Val_NonFight/fO2vb61DcUk_1.avi,13,104,119,NonFight,0.009458
primary,val/Val_NonFight/fO2vb61DcUk_1.avi,14,112,127,NonFight,0.001006
primary,val/Val_NonFight/fO2vb61DcUk_1.avi,15,120,135,NonFight,0.004902
primary,val/Val_NonFight/fO2vb61DcUk_1.avi,16,128,143,NonFight,0.002554
primary,val/Val_NonFight/g7fqR4gn_0.avi,0,0,15,NonFight,0.048681
primary,val/Val_NonFight/g7fqR4gn_0.avi,1,8,23,NonFight,0.016890
primary,val/Val_NonFight/g7fqR4gn_0.avi,2,16,31,NonFight,0.019151
primary,val/Val_NonFight/g7fqR4gn_0.avi,3,24,39,NonFight,0.018343
primary,val/Val_NonFight/g7fqR4gn_0.avi,4,32,47,NonFight,0.011427
primary,val/Val_NonFight/g7fqR4gn_0.avi,5,40,55,NonFight,0.009797
primary,val/Val_NonFight/g7fqR4gn_0.avi,6,48,63,NonFight,0.008178
primary,val/Val_NonFight/g7fqR4gn_0.avi,7,56,71,NonFight,0.013252
primary,val/Val_NonFight/g7fqR4gn_0.avi,8,64,79,NonFight,0.018619
primary,val/Val_NonFight/g7fqR4gn_0.avi,9,72,87,NonFight,0.016224
primary,val/Val_NonFight/g7fqR4gn_0.avi,10,80,95,NonFight,0.023735
primary,val/Val_NonFight/g7fqR4gn_0.avi,11,88,103,NonFight,0.029338
primary,val/Val_NonFight/g7fqR4gn_0.avi,12,96,111,NonFight,0.062608
primary,val/Val_NonFight/g7fqR4gn_0.avi,13,104,119,NonFight,0.222679
primary,val/Val_NonFight/g7fqR4gn_0.avi,14,112,127,NonFight,0.037238
primary,val/Val_NonFight/g7fqR4gn_0.avi,15,120,135,NonFight,0.652085
primary,val/Val_NonFight/g7fqR4gn_0.avi,16,128,143,NonFight,0.101698
primary,val/Val_NonFight/g8SVNUCm_0.avi,0,0,15,NonFight,0.000357
primary,val/Val_NonFight/g8SVNUCm_0.avi,1,8,23,NonFight,0.000735
primary,val/Val_NonFight/g8SVNUCm_0.avi,2,16,31,NonFight,0.000664
primary,val/Val_NonFight/g8SVNUCm_0.avi,3,24,39,NonFight,0.000952
primary,val/Val_NonFight/g8SVNUCm_0.avi,4,32,47,NonFight,0.001056
primary,val/Val_NonFight/g8SVNUCm_0.avi,5,40,55,NonFight,0.001091
primary,val/Val_NonFight/g8SVNUCm_0.avi,6,48,63,NonFight,0.001623
primary,val/Val_NonFight/g8SVNUCm_0.avi,7,56,71,NonFight,0.000953
primary,val/Val_NonFight/g8SVNUCm_0.avi,8,64,79,NonFight,0.000966
primary,val/Val_NonFight/g8SVNUCm_0.avi,9,72,87,NonFight,0.000854
primary,val/Val_NonFight/g8SVNUCm_0.avi,10,80,95,NonFight,0.001186
primary,val/Val_NonFight/g8SVNUCm_0.avi,11,88,103,NonFight,0.001566
primary,val/Val_NonFight/g8SVNUCm_0.avi,12,96,111,NonFight,0.002895
primary,val/Val_NonFight/g8SVNUCm_0.avi,13,104,119,NonFight,0.000992
primary,val/Val_NonFight/g8SVNUCm_0.avi,14,112,127,NonFight,0.000628
primary,val/Val_NonFight/g8SVNUCm_0.avi,15,120,135,NonFight,0.000243
primary,val/Val_NonFight/g8SVNUCm_0.avi,16,128,143,NonFight,0.000379
primary,val/Val_NonFight/gJV3TuKF_0.avi,0,0,15,NonFight,0.000899
primary,val/Val_NonFight/gJV3TuKF_0.avi,1,8,23,NonFight,0.001095
primary,val/Val_NonFight/gJV3TuKF_0.avi,2,16,31,NonFight,0.000871
primary,val/Val_NonFight/gJV3TuKF_0.avi,3,24,39,NonFight,0.000712
primary,val/Val_NonFight/gJV3TuKF_0.avi,4,32,47,NonFight,0.000658
primary,val/Val_NonFight/gJV3TuKF_0.avi,5,40,55,NonFight,0.000540
primary,val/Val_NonFight/gJV3TuKF_0.avi,6,48,63,NonFight,0.000689
primary,val/Val_NonFight/gJV3TuKF_0.avi,7,56,71,NonFight,0.001036
primary,val/Val_NonFight/gJV3TuKF_0.avi,8,64,79,NonFight,0.001099
primary,val/Val_NonFight/gJV3TuKF_0.avi,9,72,87,NonFight,0.000941
primary,val/Val_NonFight/gJV3TuKF_0.avi,10,80,95,NonFight,0.001019
primary,val/Val_NonFight/gJV3TuKF_0.avi,11,88,103,NonFight,0.000853
primary,val/Val_NonFight/gJV3TuKF_0.avi,12,96,111,NonFight,0.000859
primary,val/Val_NonFight/gJV3TuKF_0.avi,13,104,119,NonFight,0.000841
primary,val/Val_NonFight/gJV3TuKF_0.avi,14,112,127,NonFight,0.000975
primary,val/Val_NonFight/gJV3TuKF_0.avi,15,120,135,NonFight,0.001232
primary,val/Val_NonFight/gJV3TuKF_0.avi,16,128,143,NonFight,0.001192
primary,val/Val_NonFight/iE9hzgQD_0.avi,0,0,15,NonFight,0.006081
primary,val/Val_NonFight/iE9hzgQD_0.avi,1,8,23,NonFight,0.004760
primary,val/Val_NonFight/iE9hzgQD_0.avi,2,16,31,NonFight,0.004074
primary,val/Val_NonFight/iE9hzgQD_0.avi,3,24,39,NonFight,0.004318
primary,val/Val_NonFight/iE9hzgQD_0.avi,4,32,47,NonFight,0.003228
primary,val/Val_NonFight/iE9hzgQD_0.avi,5,40,55,NonFight,0.004546
primary,val/Val_NonFight/iE9hzgQD_0.avi,6,48,63,NonFight,0.005097
primary,val/Val_NonFight/iE9hzgQD_0.avi,7,56,71,NonFight,0.006013
primary,val/Val_NonFight/iE9hzgQD_0.avi,8,64,79,NonFight,0.005003
primary,val/Val_NonFight/iE9hzgQD_0.avi,9,72,87,NonFight,0.004853
primary,val/Val_NonFight/iE9hzgQD_0.avi,10,80,95,NonFight,0.006821
primary,val/Val_NonFight/iE9hzgQD_0.avi,11,88,103,NonFight,0.007255
primary,val/Val_NonFight/iE9hzgQD_0.avi,12,96,111,NonFight,0.005325
primary,val/Val_NonFight/iE9hzgQD_0.avi,13,104,119,NonFight,0.005503
primary,val/Val_NonFight/iE9hzgQD_0.avi,14,112,127,NonFight,0.004747
primary,val/Val_NonFight/iE9hzgQD_0.avi,15,120,135,NonFight,0.005309
primary,val/Val_NonFight/iE9hzgQD_0.avi,16,128,143,NonFight,0.007021
primary,val/Val_NonFight/iJ5Q1tar_0.avi,0,0,15,NonFight,0.002591
primary,val/Val_NonFight/iJ5Q1tar_0.avi,1,8,23,NonFight,0.001545
primary,val/Val_NonFight/iJ5Q1tar_0.avi,2,16,31,NonFight,0.002056
primary,val/Val_NonFight/iJ5Q1tar_0.avi,3,24,39,NonFight,0.002471
primary,val/Val_NonFight/iJ5Q1tar_0.avi,4,32,47,NonFight,0.002719
primary,val/Val_NonFight/iJ5Q1tar_0.avi,5,40,55,NonFight,0.001864
primary,val/Val_NonFight/iJ5Q1tar_0.avi,6,48,63,NonFight,0.001801
primary,val/Val_NonFight/iJ5Q1tar_0.avi,7,56,71,NonFight,0.002395
primary,val/Val_NonFight/iJ5Q1tar_0.avi,8,64,79,NonFight,0.002832
primary,val/Val_NonFight/iJ5Q1tar_0.avi,9,72,87,NonFight,0.002871
primary,val/Val_NonFight/iJ5Q1tar_0.avi,10,80,95,NonFight,0.002653
primary,val/Val_NonFight/iJ5Q1tar_0.avi,11,88,103,NonFight,0.002245
primary,val/Val_NonFight/iJ5Q1tar_0.avi,12,96,111,NonFight,0.001844
primary,val/Val_NonFight/iJ5Q1tar_0.avi,13,104,119,NonFight,0.001956
primary,val/Val_NonFight/iJ5Q1tar_0.avi,14,112,127,NonFight,0.003071
primary,val/Val_NonFight/iJ5Q1tar_0.avi,15,120,135,NonFight,0.002752
primary,val/Val_NonFight/iJ5Q1tar_0.avi,16,128,143,NonFight,0.002470
primary,val/Val_NonFight/jpYrguiW_0.avi,0,0,15,NonFight,0.001650
primary,val/Val_NonFight/jpYrguiW_0.avi,1,8,23,NonFight,0.000414
primary,val/Val_NonFight/jpYrguiW_0.avi,2,16,31,NonFight,0.000409
primary,val/Val_NonFight/jpYrguiW_0.avi,3,24,39,NonFight,0.000267
primary,val/Val_NonFight/jpYrguiW_0.avi,4,32,47,NonFight,0.000204
primary,val/Val_NonFight/jpYrguiW_0.avi,5,40,55,NonFight,0.000254
primary,val/Val_NonFight/jpYrguiW_0.avi,6,48,63,NonFight,0.000207
primary,val/Val_NonFight/jpYrguiW_0.avi,7,56,71,NonFight,0.000320
primary,val/Val_NonFight/jpYrguiW_0.avi,8,64,79,NonFight,0.000373
primary,val/Val_NonFight/jpYrguiW_0.avi,9,72,87,NonFight,0.000214
primary,val/Val_NonFight/jpYrguiW_0.avi,10,80,95,NonFight,0.000175
primary,val/Val_NonFight/jpYrguiW_0.avi,11,88,103,NonFight,0.000178
primary,val/Val_NonFight/jpYrguiW_0.avi,12,96,111,NonFight,0.000222
primary,val/Val_NonFight/jpYrguiW_0.avi,13,104,119,NonFight,0.000143
primary,val/Val_NonFight/jpYrguiW_0.avi,14,112,127,NonFight,0.000122
primary,val/Val_NonFight/jpYrguiW_0.avi,15,120,135,NonFight,0.000144
primary,val/Val_NonFight/jpYrguiW_0.avi,16,128,143,NonFight,0.008787
primary,val/Val_NonFight/kApoSGPK_0.avi,0,0,15,NonFight,0.000005
primary,val/Val_NonFight/kApoSGPK_0.avi,1,8,23,NonFight,0.000003
primary,val/Val_NonFight/kApoSGPK_0.avi,2,16,31,NonFight,0.000006
primary,val/Val_NonFight/kApoSGPK_0.avi,3,24,39,NonFight,0.000006
primary,val/Val_NonFight/kApoSGPK_0.avi,4,32,47,NonFight,0.000002
primary,val/Val_NonFight/kApoSGPK_0.avi,5,40,55,NonFight,0.000004
primary,val/Val_NonFight/kApoSGPK_0.avi,6,48,63,NonFight,0.000002
primary,val/Val_NonFight/kApoSGPK_0.avi,7,56,71,NonFight,0.000008
primary,val/Val_NonFight/kApoSGPK_0.avi,8,64,79,NonFight,0.000010
primary,val/Val_NonFight/kApoSGPK_0.avi,9,72,87,NonFight,0.000006
primary,val/Val_NonFight/kApoSGPK_0.avi,10,80,95,NonFight,0.000006
primary,val/Val_NonFight/kApoSGPK_0.avi,11,88,103,NonFight,0.000010
primary,val/Val_NonFight/kApoSGPK_0.avi,12,96,111,NonFight,0.000024
primary,val/Val_NonFight/kApoSGPK_0.avi,13,104,119,NonFight,0.000006
primary,val/Val_NonFight/kApoSGPK_0.avi,14,112,127,NonFight,0.000005
primary,val/Val_NonFight/kApoSGPK_0.avi,15,120,135,NonFight,0.000013
primary,val/Val_NonFight/kApoSGPK_0.avi,16,128,143,NonFight,0.000008
primary,val/Val_NonFight/kMgCk8Ku_0.avi,0,0,15,NonFight,0.023577
primary,val/Val_NonFight/kMgCk8Ku_0.avi,1,8,23,NonFight,0.016549
primary,val/Val_NonFight/kMgCk8Ku_0.avi,2,16,31,NonFight,0.028361
primary,val/Val_NonFight/kMgCk8Ku_0.avi,3,24,39,NonFight,0.053327
primary,val/Val_NonFight/kMgCk8Ku_0.avi,4,32,47,NonFight,0.042487
primary,val/Val_NonFight/kMgCk8Ku_0.avi,5,40,55,NonFight,0.013211
primary,val/Val_NonFight/kMgCk8Ku_0.avi,6,48,63,NonFight,0.013128
primary,val/Val_NonFight/kMgCk8Ku_0.avi,7,56,71,NonFight,0.013606
primary,val/Val_NonFight/kMgCk8Ku_0.avi,8,64,79,NonFight,0.013390
primary,val/Val_NonFight/kMgCk8Ku_0.avi,9,72,87,NonFight,0.022969
primary,val/Val_NonFight/kMgCk8Ku_0.avi,10,80,95,NonFight,0.021469
primary,val/Val_NonFight/kMgCk8Ku_0.avi,11,88,103,NonFight,0.020348
primary,val/Val_NonFight/kMgCk8Ku_0.avi,12,96,111,NonFight,0.011684
primary,val/Val_NonFight/kMgCk8Ku_0.avi,13,104,119,NonFight,0.008715
primary,val/Val_NonFight/kMgCk8Ku_0.avi,14,112,127,NonFight,0.014366
primary,val/Val_NonFight/kMgCk8Ku_0.avi,15,120,135,NonFight,0.009743
primary,val/Val_NonFight/kMgCk8Ku_0.avi,16,128,143,NonFight,0.007898
primary,val/Val_NonFight/l82NDOvk_0.avi,0,0,15,NonFight,0.025967
primary,val/Val_NonFight/l82NDOvk_0.avi,1,8,23,NonFight,0.025472
primary,val/Val_NonFight/l82NDOvk_0.avi,2,16,31,NonFight,0.020453
primary,val/Val_NonFight/l82NDOvk_0.avi,3,24,39,NonFight,0.024211
primary,val/Val_NonFight/l82NDOvk_0.avi,4,32,47,NonFight,0.023237
primary,val/Val_NonFight/l82NDOvk_0.avi,5,40,55,NonFight,0.023158
primary,val/Val_NonFight/l82NDOvk_0.avi,6,48,63,NonFight,0.026631
primary,val/Val_NonFight/l82NDOvk_0.avi,7,56,71,NonFight,0.023898
primary,val/Val_NonFight/l82NDOvk_0.avi,8,64,79,NonFight,0.025927
primary,val/Val_NonFight/l82NDOvk_0.avi,9,72,87,NonFight,0.021965
primary,val/Val_NonFight/l82NDOvk_0.avi,10,80,95,NonFight,0.020735
primary,val/Val_NonFight/l82NDOvk_0.avi,11,88,103,NonFight,0.021065
primary,val/Val_NonFight/l82NDOvk_0.avi,12,96,111,NonFight,0.019138
primary,val/Val_NonFight/l82NDOvk_0.avi,13,104,119,NonFight,0.020843
primary,val/Val_NonFight/l82NDOvk_0.avi,14,112,127,NonFight,0.018282
primary,val/Val_NonFight/l82NDOvk_0.avi,15,120,135,NonFight,0.021964
primary,val/Val_NonFight/l82NDOvk_0.avi,16,128,143,NonFight,0.018607
primary,val/Val_NonFight/mwuiYEBdkJs_0.avi,0,0,15,NonFight,0.020451
primary,val/Val_NonFight/mwuiYEBdkJs_0.avi,1,8,23,NonFight,0.003399
primary,val/Val_NonFight/mwuiYEBdkJs_0.avi,2,16,31,NonFight,0.000509
primary,val/Val_NonFight/mwuiYEBdkJs_0.avi,3,24,39,NonFight,0.000547
primary,val/Val_NonFight/mwuiYEBdkJs_0.avi,4,32,47,NonFight,0.000245
primary,val/Val_NonFight/mwuiYEBdkJs_0.avi,5,40,55,NonFight,0.000444
primary,val/Val_NonFight/mwuiYEBdkJs_0.avi,6,48,63,NonFight,0.001757
primary,val/Val_NonFight/mwuiYEBdkJs_0.avi,7,56,71,NonFight,0.003405
primary,val/Val_NonFight/mwuiYEBdkJs_0.avi,8,64,79,NonFight,0.001520
primary,val/Val_NonFight/mwuiYEBdkJs_0.avi,9,72,87,NonFight,0.004699
primary,val/Val_NonFight/mwuiYEBdkJs_0.avi,10,80,95,NonFight,0.006702
primary,val/Val_NonFight/mwuiYEBdkJs_0.avi,11,88,103,NonFight,0.001082
primary,val/Val_NonFight/mwuiYEBdkJs_0.avi,12,96,111,NonFight,0.001210
primary,val/Val_NonFight/mwuiYEBdkJs_0.avi,13,104,119,NonFight,0.001250
primary,val/Val_NonFight/mwuiYEBdkJs_0.avi,14,112,127,NonFight,0.001674
primary,val/Val_NonFight/mwuiYEBdkJs_0.avi,15,120,135,NonFight,0.001025
primary,val/Val_NonFight/mwuiYEBdkJs_0.avi,16,128,143,NonFight,0.001026
primary,val/Val_NonFight/mwuiYEBdkJs_1.avi,0,0,15,NonFight,0.013406
primary,val/Val_NonFight/mwuiYEBdkJs_1.avi,1,8,23,NonFight,0.009562
primary,val/Val_NonFight/mwuiYEBdkJs_1.avi,2,16,31,NonFight,0.005252
primary,val/Val_NonFight/mwuiYEBdkJs_1.avi,3,24,39,NonFight,0.001605
primary,val/Val_NonFight/mwuiYEBdkJs_1.avi,4,32,47,NonFight,0.000871
primary,val/Val_NonFight/mwuiYEBdkJs_1.avi,5,40,55,NonFight,0.001832
primary,val/Val_NonFight/mwuiYEBdkJs_1.avi,6,48,63,NonFight,0.009067
primary,val/Val_NonFight/mwuiYEBdkJs_1.avi,7,56,71,NonFight,0.007866
primary,val/Val_NonFight/mwuiYEBdkJs_1.avi,8,64,79,NonFight,0.008478
primary,val/Val_NonFight/mwuiYEBdkJs_1.avi,9,72,87,NonFight,0.027219
primary,val/Val_NonFight/mwuiYEBdkJs_1.avi,10,80,95,NonFight,0.018787
primary,val/Val_NonFight/mwuiYEBdkJs_1.avi,11,88,103,NonFight,0.005231
primary,val/Val_NonFight/mwuiYEBdkJs_1.avi,12,96,111,NonFight,0.003059
primary,val/Val_NonFight/mwuiYEBdkJs_1.avi,13,104,119,NonFight,0.004451
primary,val/Val_NonFight/mwuiYEBdkJs_1.avi,14,112,127,NonFight,0.006934
primary,val/Val_NonFight/mwuiYEBdkJs_1.avi,15,120,135,NonFight,0.018624
primary,val/Val_NonFight/mwuiYEBdkJs_1.avi,16,128,143,NonFight,0.024640
primary,val/Val_NonFight/myaBOqJ3_0.avi,0,0,15,NonFight,0.000209
primary,val/Val_NonFight/myaBOqJ3_0.avi,1,8,23,NonFight,0.000264
primary,val/Val_NonFight/myaBOqJ3_0.avi,2,16,31,NonFight,0.001397
primary,val/Val_NonFight/myaBOqJ3_0.avi,3,24,39,NonFight,0.001262
primary,val/Val_NonFight/myaBOqJ3_0.avi,4,32,47,NonFight,0.002780
primary,val/Val_NonFight/myaBOqJ3_0.avi,5,40,55,NonFight,0.001375
primary,val/Val_NonFight/myaBOqJ3_0.avi,6,48,63,NonFight,0.000585
primary,val/Val_NonFight/myaBOqJ3_0.avi,7,56,71,NonFight,0.000619
primary,val/Val_NonFight/myaBOqJ3_0.avi,8,64,79,NonFight,0.000594
primary,val/Val_NonFight/myaBOqJ3_0.avi,9,72,87,NonFight,0.000394
primary,val/Val_NonFight/myaBOqJ3_0.avi,10,80,95,NonFight,0.000607
primary,val/Val_NonFight/myaBOqJ3_0.avi,11,88,103,NonFight,0.000356
primary,val/Val_NonFight/myaBOqJ3_0.avi,12,96,111,NonFight,0.000193
primary,val/Val_NonFight/myaBOqJ3_0.avi,13,104,119,NonFight,0.000542
primary,val/Val_NonFight/myaBOqJ3_0.avi,14,112,127,NonFight,0.000451
primary,val/Val_NonFight/myaBOqJ3_0.avi,15,120,135,NonFight,0.000596
primary,val/Val_NonFight/myaBOqJ3_0.avi,16,128,143,NonFight,0.000405
primary,val/Val_NonFight/nTsOksk7_0.avi,0,0,15,NonFight,0.031973
primary,val/Val_NonFight/nTsOksk7_0.avi,1,8,23,NonFight,0.027367
primary,val/Val_NonFight/nTsOksk7_0.avi,2,16,31,NonFight,0.021634
primary,val/Val_NonFight/nTsOksk7_0.avi,3,24,39,NonFight,0.026009
primary,val/Val_NonFight/nTsOksk7_0.avi,4,32,47,NonFight,0.028672
primary,val/Val_NonFight/nTsOksk7_0.avi,5,40,55,NonFight,0.031960
primary,val/Val_NonFight/nTsOksk7_0.avi,6,48,63,NonFight,0.024624
primary,val/Val_NonFight/nTsOksk7_0.avi,7,56,71,NonFight,0.020451
primary,val/Val_NonFight/nTsOksk7_0.avi,8,64,79,NonFight,0.021674
primary,val/Val_NonFight/nTsOksk7_0.avi,9,72,87,NonFight,0.022117
primary,val/Val_NonFight/nTsOksk7_0.avi,10,80,95,NonFight,0.026769
primary,val/Val_NonFight/nTsOksk7_0.avi,11,88,103,NonFight,0.033351
primary,val/Val_NonFight/nTsOksk7_0.avi,12,96,111,NonFight,0.026337
primary,val/Val_NonFight/nTsOksk7_0.avi,13,104,119,NonFight,0.026544
primary,val/Val_NonFight/nTsOksk7_0.avi,14,112,127,NonFight,0.032823
primary,val/Val_NonFight/nTsOksk7_0.avi,15,120,135,NonFight,0.036381
primary,val/Val_NonFight/nTsOksk7_0.avi,16,128,143,NonFight,0.034678
primary,val/Val_NonFight/nVdn1krnTCQ_0.avi,0,0,15,NonFight,0.015841
primary,val/Val_NonFight/nVdn1krnTCQ_0.avi,1,8,23,NonFight,0.016108
primary,val/Val_NonFight/nVdn1krnTCQ_0.avi,2,16,31,NonFight,0.041148
primary,val/Val_NonFight/nVdn1krnTCQ_0.avi,3,24,39,NonFight,0.015590
primary,val/Val_NonFight/nVdn1krnTCQ_0.avi,4,32,47,NonFight,0.009551
primary,val/Val_NonFight/nVdn1krnTCQ_0.avi,5,40,55,NonFight,0.015757
primary,val/Val_NonFight/nVdn1krnTCQ_0.avi,6,48,63,NonFight,0.012848
primary,val/Val_NonFight/nVdn1krnTCQ_0.avi,7,56,71,NonFight,0.013109
primary,val/Val_NonFight/nVdn1krnTCQ_0.avi,8,64,79,NonFight,0.002843
primary,val/Val_NonFight/nVdn1krnTCQ_0.avi,9,72,87,NonFight,0.012196
primary,val/Val_NonFight/nVdn1krnTCQ_0.avi,10,80,95,NonFight,0.009717
primary,val/Val_NonFight/nVdn1krnTCQ_0.avi,11,88,103,NonFight,0.001660
primary,val/Val_NonFight/nVdn1krnTCQ_0.avi,12,96,111,NonFight,0.001700
primary,val/Val_NonFight/nVdn1krnTCQ_0.avi,13,104,119,NonFight,0.000250
primary,val/Val_NonFight/nVdn1krnTCQ_0.avi,14,112,127,NonFight,0.000129
primary,val/Val_NonFight/nVdn1krnTCQ_0.avi,15,120,135,NonFight,0.000055
primary,val/Val_NonFight/nVdn1krnTCQ_0.avi,16,128,143,NonFight,0.000127
primary,val/Val_NonFight/nVdn1krnTCQ_1.avi,0,0,15,NonFight,0.009170
primary,val/Val_NonFight/nVdn1krnTCQ_1.avi,1,8,23,NonFight,0.008309
primary,val/Val_NonFight/nVdn1krnTCQ_1.avi,2,16,31,NonFight,0.004320
primary,val/Val_NonFight/nVdn1krnTCQ_1.avi,3,24,39,NonFight,0.004412
primary,val/Val_NonFight/nVdn1krnTCQ_1.avi,4,32,47,NonFight,0.005417
primary,val/Val_NonFight/nVdn1krnTCQ_1.avi,5,40,55,NonFight,0.005874
primary,val/Val_NonFight/nVdn1krnTCQ_1.avi,6,48,63,NonFight,0.005781
primary,val/Val_NonFight/nVdn1krnTCQ_1.avi,7,56,71,NonFight,0.002072
primary,val/Val_NonFight/nVdn1krnTCQ_1.avi,8,64,79,NonFight,0.005094
primary,val/Val_NonFight/nVdn1krnTCQ_1.avi,9,72,87,NonFight,0.005753
primary,val/Val_NonFight/nVdn1krnTCQ_1.avi,10,80,95,NonFight,0.006779
primary,val/Val_NonFight/nVdn1krnTCQ_1.avi,11,88,103,NonFight,0.008843
primary,val/Val_NonFight/nVdn1krnTCQ_1.avi,12,96,111,NonFight,0.004067
primary,val/Val_NonFight/nVdn1krnTCQ_1.avi,13,104,119,NonFight,0.005066
primary,val/Val_NonFight/nVdn1krnTCQ_1.avi,14,112,127,NonFight,0.005787
primary,val/Val_NonFight/nVdn1krnTCQ_1.avi,15,120,135,NonFight,0.004483
primary,val/Val_NonFight/nVdn1krnTCQ_1.avi,16,128,143,NonFight,0.005972
primary,val/Val_NonFight/nVdn1krnTCQ_2.avi,0,0,15,NonFight,0.017851
primary,val/Val_NonFight/nVdn1krnTCQ_2.avi,1,8,23,NonFight,0.015400
primary,val/Val_NonFight/nVdn1krnTCQ_2.avi,2,16,31,NonFight,0.023628
primary,val/Val_NonFight/nVdn1krnTCQ_2.avi,3,24,39,NonFight,0.025509
primary,val/Val_NonFight/nVdn1krnTCQ_2.avi,4,32,47,NonFight,0.015939
primary,val/Val_NonFight/nVdn1krnTCQ_2.avi,5,40,55,NonFight,0.017453
primary,val/Val_NonFight/nVdn1krnTCQ_2.avi,6,48,63,NonFight,0.011865
primary,val/Val_NonFight/nVdn1krnTCQ_2.avi,7,56,71,NonFight,0.010204
primary,val/Val_NonFight/nVdn1krnTCQ_2.avi,8,64,79,NonFight,0.012427
primary,val/Val_NonFight/nVdn1krnTCQ_2.avi,9,72,87,NonFight,0.008712
primary,val/Val_NonFight/nVdn1krnTCQ_2.avi,10,80,95,NonFight,0.006948
primary,val/Val_NonFight/nVdn1krnTCQ_2.avi,11,88,103,NonFight,0.011372
primary,val/Val_NonFight/nVdn1krnTCQ_2.avi,12,96,111,NonFight,0.013876
primary,val/Val_NonFight/nVdn1krnTCQ_2.avi,13,104,119,NonFight,0.064639
primary,val/Val_NonFight/nVdn1krnTCQ_2.avi,14,112,127,NonFight,0.022186
primary,val/Val_NonFight/nVdn1krnTCQ_2.avi,15,120,135,NonFight,0.011647
primary,val/Val_NonFight/nVdn1krnTCQ_2.avi,16,128,143,NonFight,0.025747
primary,val/Val_NonFight/ngv36FBY_0.avi,0,0,15,NonFight,0.001900
primary,val/Val_NonFight/ngv36FBY_0.avi,1,8,23,NonFight,0.001526
primary,val/Val_NonFight/ngv36FBY_0.avi,2,16,31,NonFight,0.002798
primary,val/Val_NonFight/ngv36FBY_0.avi,3,24,39,NonFight,0.002837
primary,val/Val_NonFight/ngv36FBY_0.avi,4,32,47,NonFight,0.006217
primary,val/Val_NonFight/ngv36FBY_0.avi,5,40,55,NonFight,0.003038
primary,val/Val_NonFight/ngv36FBY_0.avi,6,48,63,NonFight,0.000100
primary,val/Val_NonFight/ngv36FBY_0.avi,7,56,71,NonFight,0.000577
primary,val/Val_NonFight/ngv36FBY_0.avi,8,64,79,NonFight,0.001135
primary,val/Val_NonFight/ngv36FBY_0.avi,9,72,87,NonFight,0.004320
primary,val/Val_NonFight/ngv36FBY_0.avi,10,80,95,NonFight,0.008264
primary,val/Val_NonFight/ngv36FBY_0.avi,11,88,103,NonFight,0.002335
primary,val/Val_NonFight/ngv36FBY_0.avi,12,96,111,NonFight,0.011022
primary,val/Val_NonFight/ngv36FBY_0.avi,13,104,119,NonFight,0.047817
primary,val/Val_NonFight/ngv36FBY_0.avi,14,112,127,NonFight,0.043293
primary,val/Val_NonFight/ngv36FBY_0.avi,15,120,135,NonFight,0.007252
primary,val/Val_NonFight/ngv36FBY_0.avi,16,128,143,NonFight,0.161618
primary,val/Val_NonFight/nuf-d5GugL0_0.avi,0,0,15,NonFight,0.021639
primary,val/Val_NonFight/nuf-d5GugL0_0.avi,1,8,23,NonFight,0.007276
primary,val/Val_NonFight/nuf-d5GugL0_0.avi,2,16,31,NonFight,0.013662
primary,val/Val_NonFight/nuf-d5GugL0_0.avi,3,24,39,NonFight,0.012549
primary,val/Val_NonFight/nuf-d5GugL0_0.avi,4,32,47,NonFight,0.029100
primary,val/Val_NonFight/nuf-d5GugL0_0.avi,5,40,55,NonFight,0.048043
primary,val/Val_NonFight/nuf-d5GugL0_0.avi,6,48,63,NonFight,0.060317
primary,val/Val_NonFight/nuf-d5GugL0_0.avi,7,56,71,NonFight,0.052766
primary,val/Val_NonFight/nuf-d5GugL0_0.avi,8,64,79,NonFight,0.022219
primary,val/Val_NonFight/nuf-d5GugL0_0.avi,9,72,87,NonFight,0.034061
primary,val/Val_NonFight/nuf-d5GugL0_0.avi,10,80,95,NonFight,0.061581
primary,val/Val_NonFight/nuf-d5GugL0_0.avi,11,88,103,NonFight,0.072631
primary,val/Val_NonFight/nuf-d5GugL0_0.avi,12,96,111,NonFight,0.202745
primary,val/Val_NonFight/nuf-d5GugL0_0.avi,13,104,119,NonFight,0.302447
primary,val/Val_NonFight/nuf-d5GugL0_0.avi,14,112,127,NonFight,0.062919
primary,val/Val_NonFight/nuf-d5GugL0_0.avi,15,120,135,NonFight,0.011924
primary,val/Val_NonFight/nuf-d5GugL0_0.avi,16,128,143,NonFight,0.015056
primary,val/Val_NonFight/nuf-d5GugL0_1.avi,0,0,15,NonFight,0.006774
primary,val/Val_NonFight/nuf-d5GugL0_1.avi,1,8,23,NonFight,0.002558
primary,val/Val_NonFight/nuf-d5GugL0_1.avi,2,16,31,NonFight,0.002932
primary,val/Val_NonFight/nuf-d5GugL0_1.avi,3,24,39,NonFight,0.003084
primary,val/Val_NonFight/nuf-d5GugL0_1.avi,4,32,47,NonFight,0.002692
primary,val/Val_NonFight/nuf-d5GugL0_1.avi,5,40,55,NonFight,0.012970
primary,val/Val_NonFight/nuf-d5GugL0_1.avi,6,48,63,NonFight,0.009589
primary,val/Val_NonFight/nuf-d5GugL0_1.avi,7,56,71,NonFight,0.009799
primary,val/Val_NonFight/nuf-d5GugL0_1.avi,8,64,79,NonFight,0.012929
primary,val/Val_NonFight/nuf-d5GugL0_1.avi,9,72,87,NonFight,0.008661
primary,val/Val_NonFight/nuf-d5GugL0_1.avi,10,80,95,NonFight,0.013430
primary,val/Val_NonFight/nuf-d5GugL0_1.avi,11,88,103,NonFight,0.035651
primary,val/Val_NonFight/nuf-d5GugL0_1.avi,12,96,111,NonFight,0.006480
primary,val/Val_NonFight/nuf-d5GugL0_1.avi,13,104,119,NonFight,0.006179
primary,val/Val_NonFight/nuf-d5GugL0_1.avi,14,112,127,NonFight,0.063993
primary,val/Val_NonFight/nuf-d5GugL0_1.avi,15,120,135,NonFight,0.125868
primary,val/Val_NonFight/nuf-d5GugL0_1.avi,16,128,143,NonFight,0.631424
primary,val/Val_NonFight/nuf-d5GugL0_2.avi,0,0,15,NonFight,0.008382
primary,val/Val_NonFight/nuf-d5GugL0_2.avi,1,8,23,NonFight,0.009644
primary,val/Val_NonFight/nuf-d5GugL0_2.avi,2,16,31,NonFight,0.027243
primary,val/Val_NonFight/nuf-d5GugL0_2.avi,3,24,39,NonFight,0.020546
primary,val/Val_NonFight/nuf-d5GugL0_2.avi,4,32,47,NonFight,0.007668
primary,val/Val_NonFight/nuf-d5GugL0_2.avi,5,40,55,NonFight,0.004471
primary,val/Val_NonFight/nuf-d5GugL0_2.avi,6,48,63,NonFight,0.013966
primary,val/Val_NonFight/nuf-d5GugL0_2.avi,7,56,71,NonFight,0.023423
primary,val/Val_NonFight/nuf-d5GugL0_2.avi,8,64,79,NonFight,0.043049
primary,val/Val_NonFight/nuf-d5GugL0_2.avi,9,72,87,NonFight,0.139241
primary,val/Val_NonFight/nuf-d5GugL0_2.avi,10,80,95,NonFight,0.396279
primary,val/Val_NonFight/nuf-d5GugL0_2.avi,11,88,103,NonFight,0.724628
primary,val/Val_NonFight/nuf-d5GugL0_2.avi,12,96,111,NonFight,0.361958
primary,val/Val_NonFight/nuf-d5GugL0_2.avi,13,104,119,NonFight,0.020079
primary,val/Val_NonFight/nuf-d5GugL0_2.avi,14,112,127,NonFight,0.074872
primary,val/Val_NonFight/nuf-d5GugL0_2.avi,15,120,135,NonFight,0.734862
primary,val/Val_NonFight/nuf-d5GugL0_2.avi,16,128,143,NonFight,0.779240
primary,val/Val_NonFight/oXeSTCLT_0.avi,0,0,15,NonFight,0.000688
primary,val/Val_NonFight/oXeSTCLT_0.avi,1,8,23,NonFight,0.000624
primary,val/Val_NonFight/oXeSTCLT_0.avi,2,16,31,NonFight,0.000315
primary,val/Val_NonFight/oXeSTCLT_0.avi,3,24,39,NonFight,0.000739
primary,val/Val_NonFight/oXeSTCLT_0.avi,4,32,47,NonFight,0.000761
primary,val/Val_NonFight/oXeSTCLT_0.avi,5,40,55,NonFight,0.000820
primary,val/Val_NonFight/oXeSTCLT_0.avi,6,48,63,NonFight,0.001342
primary,val/Val_NonFight/oXeSTCLT_0.avi,7,56,71,NonFight,0.001712
primary,val/Val_NonFight/oXeSTCLT_0.avi,8,64,79,NonFight,0.002491
primary,val/Val_NonFight/oXeSTCLT_0.avi,9,72,87,NonFight,0.002887
primary,val/Val_NonFight/oXeSTCLT_0.avi,10,80,95,NonFight,0.003905
primary,val/Val_NonFight/oXeSTCLT_0.avi,11,88,103,NonFight,0.004916
primary,val/Val_NonFight/oXeSTCLT_0.avi,12,96,111,NonFight,0.004080
primary,val/Val_NonFight/oXeSTCLT_0.avi,13,104,119,NonFight,0.003989
primary,val/Val_NonFight/oXeSTCLT_0.avi,14,112,127,NonFight,0.004829
primary,val/Val_NonFight/oXeSTCLT_0.avi,15,120,135,NonFight,0.005243
primary,val/Val_NonFight/oXeSTCLT_0.avi,16,128,143,NonFight,0.006685
primary,val/Val_NonFight/ojZVUz7i_0.avi,0,0,15,NonFight,0.001144
primary,val/Val_NonFight/ojZVUz7i_0.avi,1,8,23,NonFight,0.000867
primary,val/Val_NonFight/ojZVUz7i_0.avi,2,16,31,NonFight,0.000642
primary,val/Val_NonFight/ojZVUz7i_0.avi,3,24,39,NonFight,0.000573
primary,val/Val_NonFight/ojZVUz7i_0.avi,4,32,47,NonFight,0.000676
primary,val/Val_NonFight/ojZVUz7i_0.avi,5,40,55,NonFight,0.000657
primary,val/Val_NonFight/ojZVUz7i_0.avi,6,48,63,NonFight,0.000575
primary,val/Val_NonFight/ojZVUz7i_0.avi,7,56,71,NonFight,0.000565
primary,val/Val_NonFight/ojZVUz7i_0.avi,8,64,79,NonFight,0.000666
primary,val/Val_NonFight/ojZVUz7i_0.avi,9,72,87,NonFight,0.000641
primary,val/Val_NonFight/ojZVUz7i_0.avi,10,80,95,NonFight,0.000496
primary,val/Val_NonFight/ojZVUz7i_0.avi,11,88,103,NonFight,0.000534
primary,val/Val_NonFight/ojZVUz7i_0.avi,12,96,111,NonFight,0.000495
primary,val/Val_NonFight/ojZVUz7i_0.avi,13,104,119,NonFight,0.000377
primary,val/Val_NonFight/ojZVUz7i_0.avi,14,112,127,NonFight,0.000443
primary,val/Val_NonFight/ojZVUz7i_0.avi,15,120,135,NonFight,0.000508
primary,val/Val_NonFight/ojZVUz7i_0.avi,16,128,143,NonFight,0.000574
primary,val/Val_NonFight/q4jlVJRb_0.avi,0,0,15,NonFight,0.000056
primary,val/Val_NonFight/q4jlVJRb_0.avi,1,8,23,NonFight,0.000026
primary,val/Val_NonFight/q4jlVJRb_0.avi,2,16,31,NonFight,0.000018
primary,val/Val_NonFight/q4jlVJRb_0.avi,3,24,39,NonFight,0.000028
primary,val/Val_NonFight/q4jlVJRb_0.avi,4,32,47,NonFight,0.000018
primary,val/Val_NonFight/q4jlVJRb_0.avi,5,40,55,NonFight,0.000021
primary,val/Val_NonFight/q4jlVJRb_0.avi,6,48,63,NonFight,0.000024
primary,val/Val_NonFight/q4jlVJRb_0.avi,7,56,71,NonFight,0.000023
primary,val/Val_NonFight/q4jlVJRb_0.avi,8,64,79,NonFight,0.000012
primary,val/Val_NonFight/q4jlVJRb_0.avi,9,72,87,NonFight,0.000011
primary,val/Val_NonFight/q4jlVJRb_0.avi,10,80,95,NonFight,0.000005
primary,val/Val_NonFight/q4jlVJRb_0.avi,11,88,103,NonFight,0.000007
primary,val/Val_NonFight/q4jlVJRb_0.avi,12,96,111,NonFight,0.000005
primary,val/Val_NonFight/q4jlVJRb_0.avi,13,104,119,NonFight,0.000010
primary,val/Val_NonFight/q4jlVJRb_0.avi,14,112,127,NonFight,0.000005
primary,val/Val_NonFight/q4jlVJRb_0.avi,15,120,135,NonFight,0.000008
primary,val/Val_NonFight/q4jlVJRb_0.avi,16,128,143,NonFight,0.000032
primary,val/Val_NonFight/qFfqTQm0_0.avi,0,0,15,NonFight,0.001692
primary,val/Val_NonFight/qFfqTQm0_0.avi,1,8,23,NonFight,0.001875
primary,val/Val_NonFight/qFfqTQm0_0.avi,2,16,31,NonFight,0.001536
primary,val/Val_NonFight/qFfqTQm0_0.avi,3,24,39,NonFight,0.001362
primary,val/Val_NonFight/qFfqTQm0_0.avi,4,32,47,NonFight,0.001765
primary,val/Val_NonFight/qFfqTQm0_0.avi,5,40,55,NonFight,0.002048
primary,val/Val_NonFight/qFfqTQm0_0.avi,6,48,63,NonFight,0.001876
primary,val/Val_NonFight/qFfqTQm0_0.avi,7,56,71,NonFight,0.002039
primary,val/Val_NonFight/qFfqTQm0_0.avi,8,64,79,NonFight,0.001753
primary,val/Val_NonFight/qFfqTQm0_0.avi,9,72,87,NonFight,0.001390
primary,val/Val_NonFight/qFfqTQm0_0.avi,10,80,95,NonFight,0.001225
primary,val/Val_NonFight/qFfqTQm0_0.avi,11,88,103,NonFight,0.001617
primary,val/Val_NonFight/qFfqTQm0_0.avi,12,96,111,NonFight,0.001354
primary,val/Val_NonFight/qFfqTQm0_0.avi,13,104,119,NonFight,0.001124
primary,val/Val_NonFight/qFfqTQm0_0.avi,14,112,127,NonFight,0.001062
primary,val/Val_NonFight/qFfqTQm0_0.avi,15,120,135,NonFight,0.000999
primary,val/Val_NonFight/qFfqTQm0_0.avi,16,128,143,NonFight,0.000742
primary,val/Val_NonFight/qaAclucigpY_0.avi,0,0,15,NonFight,0.177382
primary,val/Val_NonFight/qaAclucigpY_0.avi,1,8,23,NonFight,0.157213
primary,val/Val_NonFight/qaAclucigpY_0.avi,2,16,31,NonFight,0.149333
primary,val/Val_NonFight/qaAclucigpY_0.avi,3,24,39,NonFight,0.106319
primary,val/Val_NonFight/qaAclucigpY_0.avi,4,32,47,NonFight,0.067618
primary,val/Val_NonFight/qaAclucigpY_0.avi,5,40,55,NonFight,0.060436
primary,val/Val_NonFight/qaAclucigpY_0.avi,6,48,63,NonFight,0.088707
primary,val/Val_NonFight/qaAclucigpY_0.avi,7,56,71,NonFight,0.081278
primary,val/Val_NonFight/qaAclucigpY_0.avi,8,64,79,NonFight,0.067101
primary,val/Val_NonFight/qaAclucigpY_0.avi,9,72,87,NonFight,0.070432
primary,val/Val_NonFight/qaAclucigpY_0.avi,10,80,95,NonFight,0.096127
primary,val/Val_NonFight/qaAclucigpY_0.avi,11,88,103,NonFight,0.054890
primary,val/Val_NonFight/qaAclucigpY_0.avi,12,96,111,NonFight,0.053530
primary,val/Val_NonFight/qaAclucigpY_0.avi,13,104,119,NonFight,0.051343
primary,val/Val_NonFight/qaAclucigpY_0.avi,14,112,127,NonFight,0.046841
primary,val/Val_NonFight/qaAclucigpY_0.avi,15,120,135,NonFight,0.141058
primary,val/Val_NonFight/qaAclucigpY_0.avi,16,128,143,NonFight,0.142481
primary,val/Val_NonFight/qaAclucigpY_1.avi,0,0,15,NonFight,0.001839
primary,val/Val_NonFight/qaAclucigpY_1.avi,1,8,23,NonFight,0.000819
primary,val/Val_NonFight/qaAclucigpY_1.avi,2,16,31,NonFight,0.000990
primary,val/Val_NonFight/qaAclucigpY_1.avi,3,24,39,NonFight,0.000678
primary,val/Val_NonFight/qaAclucigpY_1.avi,4,32,47,NonFight,0.001117
primary,val/Val_NonFight/qaAclucigpY_1.avi,5,40,55,NonFight,0.003650
primary,val/Val_NonFight/qaAclucigpY_1.avi,6,48,63,NonFight,0.009487
primary,val/Val_NonFight/qaAclucigpY_1.avi,7,56,71,NonFight,0.003153
primary,val/Val_NonFight/qaAclucigpY_1.avi,8,64,79,NonFight,0.002783
primary,val/Val_NonFight/qaAclucigpY_1.avi,9,72,87,NonFight,0.001303
primary,val/Val_NonFight/qaAclucigpY_1.avi,10,80,95,NonFight,0.001039
primary,val/Val_NonFight/qaAclucigpY_1.avi,11,88,103,NonFight,0.001444
primary,val/Val_NonFight/qaAclucigpY_1.avi,12,96,111,NonFight,0.000840
primary,val/Val_NonFight/qaAclucigpY_1.avi,13,104,119,NonFight,0.001479
primary,val/Val_NonFight/qaAclucigpY_1.avi,14,112,127,NonFight,0.002044
primary,val/Val_NonFight/qaAclucigpY_1.avi,15,120,135,NonFight,0.002815
primary,val/Val_NonFight/qaAclucigpY_1.avi,16,128,143,NonFight,0.001310
primary,val/Val_NonFight/qaAclucigpY_2.avi,0,0,15,NonFight,0.002804
primary,val/Val_NonFight/qaAclucigpY_2.avi,1,8,23,NonFight,0.006117
primary,val/Val_NonFight/qaAclucigpY_2.avi,2,16,31,NonFight,0.003722
primary,val/Val_NonFight/qaAclucigpY_2.avi,3,24,39,NonFight,0.001827
primary,val/Val_NonFight/qaAclucigpY_2.avi,4,32,47,NonFight,0.000993
primary,val/Val_NonFight/qaAclucigpY_2.avi,5,40,55,NonFight,0.001929
primary,val/Val_NonFight/qaAclucigpY_2.avi,6,48,63,NonFight,0.003001
primary,val/Val_NonFight/qaAclucigpY_2.avi,7,56,71,NonFight,0.007082
primary,val/Val_NonFight/qaAclucigpY_2.avi,8,64,79,NonFight,0.018335
primary,val/Val_NonFight/qaAclucigpY_2.avi,9,72,87,NonFight,0.017574
primary,val/Val_NonFight/qaAclucigpY_2.avi,10,80,95,NonFight,0.030136
primary,val/Val_NonFight/qaAclucigpY_2.avi,11,88,103,NonFight,0.081337
primary,val/Val_NonFight/qaAclucigpY_2.avi,12,96,111,NonFight,0.107358
primary,val/Val_NonFight/qaAclucigpY_2.avi,13,104,119,NonFight,0.150215
primary,val/Val_NonFight/qaAclucigpY_2.avi,14,112,127,NonFight,0.285578
primary,val/Val_NonFight/qaAclucigpY_2.avi,15,120,135,NonFight,0.251527
primary,val/Val_NonFight/qaAclucigpY_2.avi,16,128,143,NonFight,0.326423
primary,val/Val_NonFight/qyRJeYN5_0.avi,0,0,15,NonFight,0.000524
primary,val/Val_NonFight/qyRJeYN5_0.avi,1,8,23,NonFight,0.000600
primary,val/Val_NonFight/qyRJeYN5_0.avi,2,16,31,NonFight,0.000736
primary,val/Val_NonFight/qyRJeYN5_0.avi,3,24,39,NonFight,0.000731
primary,val/Val_NonFight/qyRJeYN5_0.avi,4,32,47,NonFight,0.000850
primary,val/Val_NonFight/qyRJeYN5_0.avi,5,40,55,NonFight,0.000736
primary,val/Val_NonFight/qyRJeYN5_0.avi,6,48,63,NonFight,0.000587
primary,val/Val_NonFight/qyRJeYN5_0.avi,7,56,71,NonFight,0.000635
primary,val/Val_NonFight/qyRJeYN5_0.avi,8,64,79,NonFight,0.000626
primary,val/Val_NonFight/qyRJeYN5_0.avi,9,72,87,NonFight,0.000555
primary,val/Val_NonFight/qyRJeYN5_0.avi,10,80,95,NonFight,0.000287
primary,val/Val_NonFight/qyRJeYN5_0.avi,11,88,103,NonFight,0.000169
primary,val/Val_NonFight/qyRJeYN5_0.avi,12,96,111,NonFight,0.000146
primary,val/Val_NonFight/qyRJeYN5_0.avi,13,104,119,NonFight,0.000211
primary,val/Val_NonFight/qyRJeYN5_0.avi,14,112,127,NonFight,0.000982
primary,val/Val_NonFight/qyRJeYN5_0.avi,15,120,135,NonFight,0.001543
primary,val/Val_NonFight/qyRJeYN5_0.avi,16,128,143,NonFight,0.000968
primary,val/Val_NonFight/r0mVR4J6_0.avi,0,0,15,NonFight,0.005411
primary,val/Val_NonFight/r0mVR4J6_0.avi,1,8,23,NonFight,0.003763
primary,val/Val_NonFight/r0mVR4J6_0.avi,2,16,31,NonFight,0.003589
primary,val/Val_NonFight/r0mVR4J6_0.avi,3,24,39,NonFight,0.002540
primary,val/Val_NonFight/r0mVR4J6_0.avi,4,32,47,NonFight,0.002062
primary,val/Val_NonFight/r0mVR4J6_0.avi,5,40,55,NonFight,0.004395
primary,val/Val_NonFight/r0mVR4J6_0.avi,6,48,63,NonFight,0.005781
primary,val/Val_NonFight/r0mVR4J6_0.avi,7,56,71,NonFight,0.004962
primary,val/Val_NonFight/r0mVR4J6_0.avi,8,64,79,NonFight,0.005233
primary,val/Val_NonFight/r0mVR4J6_0.avi,9,72,87,NonFight,0.006187
primary,val/Val_NonFight/r0mVR4J6_0.avi,10,80,95,NonFight,0.005699
primary,val/Val_NonFight/r0mVR4J6_0.avi,11,88,103,NonFight,0.004871
primary,val/Val_NonFight/r0mVR4J6_0.avi,12,96,111,NonFight,0.005993
primary,val/Val_NonFight/r0mVR4J6_0.avi,13,104,119,NonFight,0.005722
primary,val/Val_NonFight/r0mVR4J6_0.avi,14,112,127,NonFight,0.005678
primary,val/Val_NonFight/r0mVR4J6_0.avi,15,120,135,NonFight,0.005134
primary,val/Val_NonFight/r0mVR4J6_0.avi,16,128,143,NonFight,0.004340
primary,val/Val_NonFight/rJbh1niy_0.avi,0,0,15,NonFight,0.013480
primary,val/Val_NonFight/rJbh1niy_0.avi,1,8,23,NonFight,0.013483
primary,val/Val_NonFight/rJbh1niy_0.avi,2,16,31,NonFight,0.017853
primary,val/Val_NonFight/rJbh1niy_0.avi,3,24,39,NonFight,0.016229
primary,val/Val_NonFight/rJbh1niy_0.avi,4,32,47,NonFight,0.018608
primary,val/Val_NonFight/rJbh1niy_0.avi,5,40,55,NonFight,0.011043
primary,val/Val_NonFight/rJbh1niy_0.avi,6,48,63,NonFight,0.011412
primary,val/Val_NonFight/rJbh1niy_0.avi,7,56,71,NonFight,0.010111
primary,val/Val_NonFight/rJbh1niy_0.avi,8,64,79,NonFight,0.007288
primary,val/Val_NonFight/rJbh1niy_0.avi,9,72,87,NonFight,0.006972
primary,val/Val_NonFight/rJbh1niy_0.avi,10,80,95,NonFight,0.014029
primary,val/Val_NonFight/rJbh1niy_0.avi,11,88,103,NonFight,0.009396
primary,val/Val_NonFight/rJbh1niy_0.avi,12,96,111,NonFight,0.012966
primary,val/Val_NonFight/rJbh1niy_0.avi,13,104,119,NonFight,0.014324
primary,val/Val_NonFight/rJbh1niy_0.avi,14,112,127,NonFight,0.025437
primary,val/Val_NonFight/rJbh1niy_0.avi,15,120,135,NonFight,0.011817
primary,val/Val_NonFight/rJbh1niy_0.avi,16,128,143,NonFight,0.012269
primary,val/Val_NonFight/rtSWit6k_0.avi,0,0,15,NonFight,0.000001
primary,val/Val_NonFight/rtSWit6k_0.avi,1,8,23,NonFight,0.000003
primary,val/Val_NonFight/rtSWit6k_0.avi,2,16,31,NonFight,0.000001
primary,val/Val_NonFight/rtSWit6k_0.avi,3,24,39,NonFight,0.000000
primary,val/Val_NonFight/rtSWit6k_0.avi,4,32,47,NonFight,0.000001
primary,val/Val_NonFight/rtSWit6k_0.avi,5,40,55,NonFight,0.000001
primary,val/Val_NonFight/rtSWit6k_0.avi,6,48,63,NonFight,0.000000
primary,val/Val_NonFight/rtSWit6k_0.avi,7,56,71,NonFight,0.000000
primary,val/Val_NonFight/rtSWit6k_0.avi,8,64,79,NonFight,0.000001
primary,val/Val_NonFight/rtSWit6k_0.avi,9,72,87,NonFight,0.000002
primary,val/Val_NonFight/rtSWit6k_0.avi,10,80,95,NonFight,0.000002
primary,val/Val_NonFight/rtSWit6k_0.avi,11,88,103,NonFight,0.000000
primary,val/Val_NonFight/rtSWit6k_0.avi,12,96,111,NonFight,0.000000
primary,val/Val_NonFight/rtSWit6k_0.avi,13,104,119,NonFight,0.000000
primary,val/Val_NonFight/rtSWit6k_0.avi,14,112,127,NonFight,0.000000
primary,val/Val_NonFight/rtSWit6k_0.avi,15,120,135,NonFight,0.000000
primary,val/Val_NonFight/rtSWit6k_0.avi,16,128,143,NonFight,0.000000
primary,val/Val_NonFight/rwg8hp5X_0.avi,0,0,15,NonFight,0.000552
primary,val/Val_NonFight/rwg8hp5X_0.avi,1,8,23,NonFight,0.000143
primary,val/Val_NonFight/rwg8hp5X_0.avi,2,16,31,NonFight,0.000167
primary,val/Val_NonFight/rwg8hp5X_0.avi,3,24,39,NonFight,0.000230
primary,val/Val_NonFight/rwg8hp5X_0.avi,4,32,47,NonFight,0.000466
primary,val/Val_NonFight/rwg8hp5X_0.avi,5,40,55,NonFight,0.000474
primary,val/Val_NonFight/rwg8hp5X_0.avi,6,48,63,NonFight,0.000528
primary,val/Val_NonFight/rwg8hp5X_0.avi,7,56,71,NonFight,0.001379
primary,val/Val_NonFight/rwg8hp5X_0.avi,8,64,79,NonFight,0.000638
primary,val/Val_NonFight/rwg8hp5X_0.avi,9,72,87,NonFight,0.000507
primary,val/Val_NonFight/rwg8hp5X_0.avi,10,80,95,NonFight,0.000458
primary,val/Val_NonFight/rwg8hp5X_0.avi,11,88,103,NonFight,0.000592
primary,val/Val_NonFight/rwg8hp5X_0.avi,12,96,111,NonFight,0.001124
primary,val/Val_NonFight/rwg8hp5X_0.avi,13,104,119,NonFight,0.001621
primary,val/Val_NonFight/rwg8hp5X_0.avi,14,112,127,NonFight,0.002958
primary,val/Val_NonFight/rwg8hp5X_0.avi,15,120,135,NonFight,0.000625
primary,val/Val_NonFight/rwg8hp5X_0.avi,16,128,143,NonFight,0.000115
primary,val/Val_NonFight/scznszmE_0.avi,0,0,15,NonFight,0.001583
primary,val/Val_NonFight/scznszmE_0.avi,1,8,23,NonFight,0.000760
primary,val/Val_NonFight/scznszmE_0.avi,2,16,31,NonFight,0.000357
primary,val/Val_NonFight/scznszmE_0.avi,3,24,39,NonFight,0.000293
primary,val/Val_NonFight/scznszmE_0.avi,4,32,47,NonFight,0.000247
primary,val/Val_NonFight/scznszmE_0.avi,5,40,55,NonFight,0.000404
primary,val/Val_NonFight/scznszmE_0.avi,6,48,63,NonFight,0.000687
primary,val/Val_NonFight/scznszmE_0.avi,7,56,71,NonFight,0.000506
primary,val/Val_NonFight/scznszmE_0.avi,8,64,79,NonFight,0.000684
primary,val/Val_NonFight/scznszmE_0.avi,9,72,87,NonFight,0.000606
primary,val/Val_NonFight/scznszmE_0.avi,10,80,95,NonFight,0.000422
primary,val/Val_NonFight/scznszmE_0.avi,11,88,103,NonFight,0.000342
primary,val/Val_NonFight/scznszmE_0.avi,12,96,111,NonFight,0.000256
primary,val/Val_NonFight/scznszmE_0.avi,13,104,119,NonFight,0.000151
primary,val/Val_NonFight/scznszmE_0.avi,14,112,127,NonFight,0.000294
primary,val/Val_NonFight/scznszmE_0.avi,15,120,135,NonFight,0.000394
primary,val/Val_NonFight/scznszmE_0.avi,16,128,143,NonFight,0.000781
primary,val/Val_NonFight/tSk5CEXB_0.avi,0,0,15,NonFight,0.019903
primary,val/Val_NonFight/tSk5CEXB_0.avi,1,8,23,NonFight,0.022084
primary,val/Val_NonFight/tSk5CEXB_0.avi,2,16,31,NonFight,0.023420
primary,val/Val_NonFight/tSk5CEXB_0.avi,3,24,39,NonFight,0.030763
primary,val/Val_NonFight/tSk5CEXB_0.avi,4,32,47,NonFight,0.042242
primary,val/Val_NonFight/tSk5CEXB_0.avi,5,40,55,NonFight,0.042611
primary,val/Val_NonFight/tSk5CEXB_0.avi,6,48,63,NonFight,0.035999
primary,val/Val_NonFight/tSk5CEXB_0.avi,7,56,71,NonFight,0.035819
primary,val/Val_NonFight/tSk5CEXB_0.avi,8,64,79,NonFight,0.038809
primary,val/Val_NonFight/tSk5CEXB_0.avi,9,72,87,NonFight,0.057199
primary,val/Val_NonFight/tSk5CEXB_0.avi,10,80,95,NonFight,0.050581
primary,val/Val_NonFight/tSk5CEXB_0.avi,11,88,103,NonFight,0.043046
primary,val/Val_NonFight/tSk5CEXB_0.avi,12,96,111,NonFight,0.044549
primary,val/Val_NonFight/tSk5CEXB_0.avi,13,104,119,NonFight,0.029288
primary,val/Val_NonFight/tSk5CEXB_0.avi,14,112,127,NonFight,0.026721
primary,val/Val_NonFight/tSk5CEXB_0.avi,15,120,135,NonFight,0.014503
primary,val/Val_NonFight/tSk5CEXB_0.avi,16,128,143,NonFight,0.014086
primary,val/Val_NonFight/tf_X7GtOGyE_0.avi,0,0,15,NonFight,0.003081
primary,val/Val_NonFight/tf_X7GtOGyE_0.avi,1,8,23,NonFight,0.003780
primary,val/Val_NonFight/tf_X7GtOGyE_0.avi,2,16,31,NonFight,0.006118
primary,val/Val_NonFight/tf_X7GtOGyE_0.avi,3,24,39,NonFight,0.009794
primary,val/Val_NonFight/tf_X7GtOGyE_0.avi,4,32,47,NonFight,0.007195
primary,val/Val_NonFight/tf_X7GtOGyE_0.avi,5,40,55,NonFight,0.006330
primary,val/Val_NonFight/tf_X7GtOGyE_0.avi,6,48,63,NonFight,0.005715
primary,val/Val_NonFight/tf_X7GtOGyE_0.avi,7,56,71,NonFight,0.005800
primary,val/Val_NonFight/tf_X7GtOGyE_0.avi,8,64,79,NonFight,0.005252
primary,val/Val_NonFight/tf_X7GtOGyE_0.avi,9,72,87,NonFight,0.004450
primary,val/Val_NonFight/tf_X7GtOGyE_0.avi,10,80,95,NonFight,0.006703
primary,val/Val_NonFight/tf_X7GtOGyE_0.avi,11,88,103,NonFight,0.005474
primary,val/Val_NonFight/tf_X7GtOGyE_0.avi,12,96,111,NonFight,0.011166
primary,val/Val_NonFight/tf_X7GtOGyE_0.avi,13,104,119,NonFight,0.008985
primary,val/Val_NonFight/tf_X7GtOGyE_0.avi,14,112,127,NonFight,0.002890
primary,val/Val_NonFight/tf_X7GtOGyE_0.avi,15,120,135,NonFight,0.002730
primary,val/Val_NonFight/tf_X7GtOGyE_0.avi,16,128,143,NonFight,0.005777
primary,val/Val_NonFight/tf_X7GtOGyE_1.avi,0,0,15,NonFight,0.003706
primary,val/Val_NonFight/tf_X7GtOGyE_1.avi,1,8,23,NonFight,0.001872
primary,val/Val_NonFight/tf_X7GtOGyE_1.avi,2,16,31,NonFight,0.002510
primary,val/Val_NonFight/tf_X7GtOGyE_1.avi,3,24,39,NonFight,0.001524
primary,val/Val_NonFight/tf_X7GtOGyE_1.avi,4,32,47,NonFight,0.001756
primary,val/Val_NonFight/tf_X7GtOGyE_1.avi,5,40,55,NonFight,0.000751
primary,val/Val_NonFight/tf_X7GtOGyE_1.avi,6,48,63,NonFight,0.001258
primary,val/Val_NonFight/tf_X7GtOGyE_1.avi,7,56,71,NonFight,0.002799
primary,val/Val_NonFight/tf_X7GtOGyE_1.avi,8,64,79,NonFight,0.005189
primary,val/Val_NonFight/tf_X7GtOGyE_1.avi,9,72,87,NonFight,0.008255
primary,val/Val_NonFight/tf_X7GtOGyE_1.avi,10,80,95,NonFight,0.007994
primary,val/Val_NonFight/tf_X7GtOGyE_1.avi,11,88,103,NonFight,0.007591
primary,val/Val_NonFight/tf_X7GtOGyE_1.avi,12,96,111,NonFight,0.004379
primary,val/Val_NonFight/tf_X7GtOGyE_1.avi,13,104,119,NonFight,0.001488
primary,val/Val_NonFight/tf_X7GtOGyE_1.avi,14,112,127,NonFight,0.004653
primary,val/Val_NonFight/tf_X7GtOGyE_1.avi,15,120,135,NonFight,0.002747
primary,val/Val_NonFight/tf_X7GtOGyE_1.avi,16,128,143,NonFight,0.004765
primary,val/Val_NonFight/tf_X7GtOGyE_2.avi,0,0,15,NonFight,0.001178
primary,val/Val_NonFight/tf_X7GtOGyE_2.avi,1,8,23,NonFight,0.004528
primary,val/Val_NonFight/tf_X7GtOGyE_2.avi,2,16,31,NonFight,0.004074
primary,val/Val_NonFight/tf_X7GtOGyE_2.avi,3,24,39,NonFight,0.002708
primary,val/Val_NonFight/tf_X7GtOGyE_2.avi,4,32,47,NonFight,0.003030
primary,val/Val_NonFight/tf_X7GtOGyE_2.avi,5,40,55,NonFight,0.001650
primary,val/Val_NonFight/tf_X7GtOGyE_2.avi,6,48,63,NonFight,0.000665
primary,val/Val_NonFight/tf_X7GtOGyE_2.avi,7,56,71,NonFight,0.001268
primary,val/Val_NonFight/tf_X7GtOGyE_2.avi,8,64,79,NonFight,0.001419
primary,val/Val_NonFight/tf_X7GtOGyE_2.avi,9,72,87,NonFight,0.000505
primary,val/Val_NonFight/tf_X7GtOGyE_2.avi,10,80,95,NonFight,0.000656
primary,val/Val_NonFight/tf_X7GtOGyE_2.avi,11,88,103,NonFight,0.001256
primary,val/Val_NonFight/tf_X7GtOGyE_2.avi,12,96,111,NonFight,0.003450
primary,val/Val_NonFight/tf_X7GtOGyE_2.avi,13,104,119,NonFight,0.003978
primary,val/Val_NonFight/tf_X7GtOGyE_2.avi,14,112,127,NonFight,0.002022
primary,val/Val_NonFight/tf_X7GtOGyE_2.avi,15,120,135,NonFight,0.003293
primary,val/Val_NonFight/tf_X7GtOGyE_2.avi,16,128,143,NonFight,0.005387
primary,val/Val_NonFight/tivF4CAg_0.avi,0,0,15,NonFight,0.146919
primary,val/Val_NonFight/tivF4CAg_0.avi,1,8,23,NonFight,0.103795
primary,val/Val_NonFight/tivF4CAg_0.avi,2,16,31,NonFight,0.098415
primary,val/Val_NonFight/tivF4CAg_0.avi,3,24,39,NonFight,0.103382
primary,val/Val_NonFight/tivF4CAg_0.avi,4,32,47,NonFight,0.103183
primary,val/Val_NonFight/tivF4CAg_0.avi,5,40,55,NonFight,0.109357
primary,val/Val_NonFight/tivF4CAg_0.avi,6,48,63,NonFight,0.111374
primary,val/Val_NonFight/tivF4CAg_0.avi,7,56,71,NonFight,0.092425
primary,val/Val_NonFight/tivF4CAg_0.avi,8,64,79,NonFight,0.094715
primary,val/Val_NonFight/tivF4CAg_0.avi,9,72,87,NonFight,0.069780
primary,val/Val_NonFight/tivF4CAg_0.avi,10,80,95,NonFight,0.046248
primary,val/Val_NonFight/tivF4CAg_0.avi,11,88,103,NonFight,0.026984
primary,val/Val_NonFight/tivF4CAg_0.avi,12,96,111,NonFight,0.033380
primary,val/Val_NonFight/tivF4CAg_0.avi,13,104,119,NonFight,0.049570
primary,val/Val_NonFight/tivF4CAg_0.avi,14,112,127,NonFight,0.029673
primary,val/Val_NonFight/tivF4CAg_0.avi,15,120,135,NonFight,0.036652
primary,val/Val_NonFight/tivF4CAg_0.avi,16,128,143,NonFight,0.089897
primary,val/Val_NonFight/twBrsDhF_0.avi,0,0,15,NonFight,0.001297
primary,val/Val_NonFight/twBrsDhF_0.avi,1,8,23,NonFight,0.000747
primary,val/Val_NonFight/twBrsDhF_0.avi,2,16,31,NonFight,0.000936
primary,val/Val_NonFight/twBrsDhF_0.avi,3,24,39,NonFight,0.002011
primary,val/Val_NonFight/twBrsDhF_0.avi,4,32,47,NonFight,0.000362
primary,val/Val_NonFight/twBrsDhF_0.avi,5,40,55,NonFight,0.000122
primary,val/Val_NonFight/twBrsDhF_0.avi,6,48,63,NonFight,0.000114
primary,val/Val_NonFight/twBrsDhF_0.avi,7,56,71,NonFight,0.000107
primary,val/Val_NonFight/twBrsDhF_0.avi,8,64,79,NonFight,0.000332
primary,val/Val_NonFight/twBrsDhF_0.avi,9,72,87,NonFight,0.000379
primary,val/Val_NonFight/twBrsDhF_0.avi,10,80,95,NonFight,0.000517
primary,val/Val_NonFight/twBrsDhF_0.avi,11,88,103,NonFight,0.001248
primary,val/Val_NonFight/twBrsDhF_0.avi,12,96,111,NonFight,0.016939
primary,val/Val_NonFight/twBrsDhF_0.avi,13,104,119,NonFight,0.044042
primary,val/Val_NonFight/twBrsDhF_0.avi,14,112,127,NonFight,0.005747
primary,val/Val_NonFight/twBrsDhF_0.avi,15,120,135,NonFight,0.008593
primary,val/Val_NonFight/twBrsDhF_0.avi,16,128,143,NonFight,0.004395
primary,val/Val_NonFight/u-VcErKk6Qs_0.avi,0,0,15,NonFight,0.009700
primary,val/Val_NonFight/u-VcErKk6Qs_0.avi,1,8,23,NonFight,0.007054
primary,val/Val_NonFight/u-VcErKk6Qs_0.avi,2,16,31,NonFight,0.000620
primary,val/Val_NonFight/u-VcErKk6Qs_0.avi,3,24,39,NonFight,0.002137
primary,val/Val_NonFight/u-VcErKk6Qs_0.avi,4,32,47,NonFight,0.000517
primary,val/Val_NonFight/u-VcErKk6Qs_0.avi,5,40,55,NonFight,0.001044
primary,val/Val_NonFight/u-VcErKk6Qs_0.avi,6,48,63,NonFight,0.002498
primary,val/Val_NonFight/u-VcErKk6Qs_0.avi,7,56,71,NonFight,0.004520
primary,val/Val_NonFight/u-VcErKk6Qs_0.avi,8,64,79,NonFight,0.001993
primary,val/Val_NonFight/u-VcErKk6Qs_0.avi,9,72,87,NonFight,0.001823
primary,val/Val_NonFight/u-VcErKk6Qs_0.avi,10,80,95,NonFight,0.001418
primary,val/Val_NonFight/u-VcErKk6Qs_0.avi,11,88,103,NonFight,0.001278
primary,val/Val_NonFight/u-VcErKk6Qs_0.avi,12,96,111,NonFight,0.000588
primary,val/Val_NonFight/u-VcErKk6Qs_0.avi,13,104,119,NonFight,0.000542
primary,val/Val_NonFight/u-VcErKk6Qs_0.avi,14,112,127,NonFight,0.001705
primary,val/Val_NonFight/u-VcErKk6Qs_0.avi,15,120,135,NonFight,0.002723
primary,val/Val_NonFight/u-VcErKk6Qs_0.avi,16,128,143,NonFight,0.001407
primary,val/Val_NonFight/uZLLdl2P_0.avi,0,0,15,NonFight,0.002545
primary,val/Val_NonFight/uZLLdl2P_0.avi,1,8,23,NonFight,0.002995
primary,val/Val_NonFight/uZLLdl2P_0.avi,2,16,31,NonFight,0.002825
primary,val/Val_NonFight/uZLLdl2P_0.avi,3,24,39,NonFight,0.002796
primary,val/Val_NonFight/uZLLdl2P_0.avi,4,32,47,NonFight,0.003079
primary,val/Val_NonFight/uZLLdl2P_0.avi,5,40,55,NonFight,0.002739
primary,val/Val_NonFight/uZLLdl2P_0.avi,6,48,63,NonFight,0.002668
primary,val/Val_NonFight/uZLLdl2P_0.avi,7,56,71,NonFight,0.002536
primary,val/Val_NonFight/uZLLdl2P_0.avi,8,64,79,NonFight,0.002807
primary,val/Val_NonFight/uZLLdl2P_0.avi,9,72,87,NonFight,0.002086
primary,val/Val_NonFight/uZLLdl2P_0.avi,10,80,95,NonFight,0.001266
primary,val/Val_NonFight/uZLLdl2P_0.avi,11,88,103,NonFight,0.001214
primary,val/Val_NonFight/uZLLdl2P_0.avi,12,96,111,NonFight,0.001357
primary,val/Val_NonFight/uZLLdl2P_0.avi,13,104,119,NonFight,0.002009
primary,val/Val_NonFight/uZLLdl2P_0.avi,14,112,127,NonFight,0.003057
primary,val/Val_NonFight/uZLLdl2P_0.avi,15,120,135,NonFight,0.002437
primary,val/Val_NonFight/uZLLdl2P_0.avi,16,128,143,NonFight,0.002075
primary,val/Val_NonFight/utRmPckr_0.avi,0,0,15,NonFight,0.030173
primary,val/Val_NonFight/utRmPckr_0.avi,1,8,23,NonFight,0.024482
primary,val/Val_NonFight/utRmPckr_0.avi,2,16,31,NonFight,0.014278
primary,val/Val_NonFight/utRmPckr_0.avi,3,24,39,NonFight,0.022655
primary,val/Val_NonFight/utRmPckr_0.avi,4,32,47,NonFight,0.017279
primary,val/Val_NonFight/utRmPckr_0.avi,5,40,55,NonFight,0.018819
primary,val/Val_NonFight/utRmPckr_0.avi,6,48,63,NonFight,0.025347
primary,val/Val_NonFight/utRmPckr_0.avi,7,56,71,NonFight,0.022287
primary,val/Val_NonFight/utRmPckr_0.avi,8,64,79,NonFight,0.021847
primary,val/Val_NonFight/utRmPckr_0.avi,9,72,87,NonFight,0.020917
primary,val/Val_NonFight/utRmPckr_0.avi,10,80,95,NonFight,0.021691
primary,val/Val_NonFight/utRmPckr_0.avi,11,88,103,NonFight,0.026342
primary,val/Val_NonFight/utRmPckr_0.avi,12,96,111,NonFight,0.023986
primary,val/Val_NonFight/utRmPckr_0.avi,13,104,119,NonFight,0.014501
primary,val/Val_NonFight/utRmPckr_0.avi,14,112,127,NonFight,0.011963
primary,val/Val_NonFight/utRmPckr_0.avi,15,120,135,NonFight,0.007946
primary,val/Val_NonFight/utRmPckr_0.avi,16,128,143,NonFight,0.012792
primary,val/Val_NonFight/v1Sb6NhU_0.avi,0,0,15,NonFight,0.000195
primary,val/Val_NonFight/v1Sb6NhU_0.avi,1,8,23,NonFight,0.000212
primary,val/Val_NonFight/v1Sb6NhU_0.avi,2,16,31,NonFight,0.000139
primary,val/Val_NonFight/v1Sb6NhU_0.avi,3,24,39,NonFight,0.000192
primary,val/Val_NonFight/v1Sb6NhU_0.avi,4,32,47,NonFight,0.000186
primary,val/Val_NonFight/v1Sb6NhU_0.avi,5,40,55,NonFight,0.000152
primary,val/Val_NonFight/v1Sb6NhU_0.avi,6,48,63,NonFight,0.000164
primary,val/Val_NonFight/v1Sb6NhU_0.avi,7,56,71,NonFight,0.000066
primary,val/Val_NonFight/v1Sb6NhU_0.avi,8,64,79,NonFight,0.000066
primary,val/Val_NonFight/v1Sb6NhU_0.avi,9,72,87,NonFight,0.000088
primary,val/Val_NonFight/v1Sb6NhU_0.avi,10,80,95,NonFight,0.000084
primary,val/Val_NonFight/v1Sb6NhU_0.avi,11,88,103,NonFight,0.000093
primary,val/Val_NonFight/v1Sb6NhU_0.avi,12,96,111,NonFight,0.000075
primary,val/Val_NonFight/v1Sb6NhU_0.avi,13,104,119,NonFight,0.000084
primary,val/Val_NonFight/v1Sb6NhU_0.avi,14,112,127,NonFight,0.000111
primary,val/Val_NonFight/v1Sb6NhU_0.avi,15,120,135,NonFight,0.000082
primary,val/Val_NonFight/v1Sb6NhU_0.avi,16,128,143,NonFight,0.000111
primary,val/Val_NonFight/v4dhdnsxiX4_0.avi,0,0,15,NonFight,0.565383
primary,val/Val_NonFight/v4dhdnsxiX4_0.avi,1,8,23,NonFight,0.143073
primary,val/Val_NonFight/v4dhdnsxiX4_0.avi,2,16,31,NonFight,0.110202
primary,val/Val_NonFight/v4dhdnsxiX4_0.avi,3,24,39,NonFight,0.446088
primary,val/Val_NonFight/v4dhdnsxiX4_0.avi,4,32,47,NonFight,0.212167
primary,val/Val_NonFight/v4dhdnsxiX4_0.avi,5,40,55,NonFight,0.065610
primary,val/Val_NonFight/v4dhdnsxiX4_0.avi,6,48,63,NonFight,0.005837
primary,val/Val_NonFight/v4dhdnsxiX4_0.avi,7,56,71,NonFight,0.002959
primary,val/Val_NonFight/v4dhdnsxiX4_0.avi,8,64,79,NonFight,0.002313
primary,val/Val_NonFight/v4dhdnsxiX4_0.avi,9,72,87,NonFight,0.004214
primary,val/Val_NonFight/v4dhdnsxiX4_0.avi,10,80,95,NonFight,0.002569
primary,val/Val_NonFight/v4dhdnsxiX4_0.avi,11,88,103,NonFight,0.001557
primary,val/Val_NonFight/v4dhdnsxiX4_0.avi,12,96,111,NonFight,0.002703
primary,val/Val_NonFight/v4dhdnsxiX4_0.avi,13,104,119,NonFight,0.001930
primary,val/Val_NonFight/v4dhdnsxiX4_0.avi,14,112,127,NonFight,0.001009
primary,val/Val_NonFight/v4dhdnsxiX4_0.avi,15,120,135,NonFight,0.000305
primary,val/Val_NonFight/v4dhdnsxiX4_0.avi,16,128,143,NonFight,0.000282
primary,val/Val_NonFight/v4dhdnsxiX4_1.avi,0,0,15,NonFight,0.005969
primary,val/Val_NonFight/v4dhdnsxiX4_1.avi,1,8,23,NonFight,0.001589
primary,val/Val_NonFight/v4dhdnsxiX4_1.avi,2,16,31,NonFight,0.007867
primary,val/Val_NonFight/v4dhdnsxiX4_1.avi,3,24,39,NonFight,0.010581
primary,val/Val_NonFight/v4dhdnsxiX4_1.avi,4,32,47,NonFight,0.010988
primary,val/Val_NonFight/v4dhdnsxiX4_1.avi,5,40,55,NonFight,0.008122
primary,val/Val_NonFight/v4dhdnsxiX4_1.avi,6,48,63,NonFight,0.012343
primary,val/Val_NonFight/v4dhdnsxiX4_1.avi,7,56,71,NonFight,0.013934
primary,val/Val_NonFight/v4dhdnsxiX4_1.avi,8,64,79,NonFight,0.016036
primary,val/Val_NonFight/v4dhdnsxiX4_1.avi,9,72,87,NonFight,0.014517
primary,val/Val_NonFight/v4dhdnsxiX4_1.avi,10,80,95,NonFight,0.004305
primary,val/Val_NonFight/v4dhdnsxiX4_1.avi,11,88,103,NonFight,0.001690
primary,val/Val_NonFight/v4dhdnsxiX4_1.avi,12,96,111,NonFight,0.003593
primary,val/Val_NonFight/v4dhdnsxiX4_1.avi,13,104,119,NonFight,0.004550
primary,val/Val_NonFight/v4dhdnsxiX4_1.avi,14,112,127,NonFight,0.030751
primary,val/Val_NonFight/v4dhdnsxiX4_1.avi,15,120,135,NonFight,0.054321
primary,val/Val_NonFight/v4dhdnsxiX4_1.avi,16,128,143,NonFight,0.023885
primary,val/Val_NonFight/v4dhdnsxiX4_2.avi,0,0,15,NonFight,0.026548
primary,val/Val_NonFight/v4dhdnsxiX4_2.avi,1,8,23,NonFight,0.011657
primary,val/Val_NonFight/v4dhdnsxiX4_2.avi,2,16,31,NonFight,0.023487
primary,val/Val_NonFight/v4dhdnsxiX4_2.avi,3,24,39,NonFight,0.030726
primary,val/Val_NonFight/v4dhdnsxiX4_2.avi,4,32,47,NonFight,0.017395
primary,val/Val_NonFight/v4dhdnsxiX4_2.avi,5,40,55,NonFight,0.004773
primary,val/Val_NonFight/v4dhdnsxiX4_2.avi,6,48,63,NonFight,0.007319
primary,val/Val_NonFight/v4dhdnsxiX4_2.avi,7,56,71,NonFight,0.004528
primary,val/Val_NonFight/v4dhdnsxiX4_2.avi,8,64,79,NonFight,0.013450
primary,val/Val_NonFight/v4dhdnsxiX4_2.avi,9,72,87,NonFight,0.006487
primary,val/Val_NonFight/v4dhdnsxiX4_2.avi,10,80,95,NonFight,0.009275
primary,val/Val_NonFight/v4dhdnsxiX4_2.avi,11,88,103,NonFight,0.002264
primary,val/Val_NonFight/v4dhdnsxiX4_2.avi,12,96,111,NonFight,0.008462
primary,val/Val_NonFight/v4dhdnsxiX4_2.avi,13,104,119,NonFight,0.020134
primary,val/Val_NonFight/v4dhdnsxiX4_2.avi,14,112,127,NonFight,0.023242
primary,val/Val_NonFight/v4dhdnsxiX4_2.avi,15,120,135,NonFight,0.021113
primary,val/Val_NonFight/v4dhdnsxiX4_2.avi,16,128,143,NonFight,0.022469
primary,val/Val_NonFight/vAV3vIGr_0.avi,0,0,15,NonFight,0.001573
primary,val/Val_NonFight/vAV3vIGr_0.avi,1,8,23,NonFight,0.002125
primary,val/Val_NonFight/vAV3vIGr_0.avi,2,16,31,NonFight,0.002306
primary,val/Val_NonFight/vAV3vIGr_0.avi,3,24,39,NonFight,0.002711
primary,val/Val_NonFight/vAV3vIGr_0.avi,4,32,47,NonFight,0.003011
primary,val/Val_NonFight/vAV3vIGr_0.avi,5,40,55,NonFight,0.002282
primary,val/Val_NonFight/vAV3vIGr_0.avi,6,48,63,NonFight,0.001205
primary,val/Val_NonFight/vAV3vIGr_0.avi,7,56,71,NonFight,0.001733
primary,val/Val_NonFight/vAV3vIGr_0.avi,8,64,79,NonFight,0.002149
primary,val/Val_NonFight/vAV3vIGr_0.avi,9,72,87,NonFight,0.002459
primary,val/Val_NonFight/vAV3vIGr_0.avi,10,80,95,NonFight,0.002088
primary,val/Val_NonFight/vAV3vIGr_0.avi,11,88,103,NonFight,0.001932
primary,val/Val_NonFight/vAV3vIGr_0.avi,12,96,111,NonFight,0.001771
primary,val/Val_NonFight/vAV3vIGr_0.avi,13,104,119,NonFight,0.002125
primary,val/Val_NonFight/vAV3vIGr_0.avi,14,112,127,NonFight,0.001889
primary,val/Val_NonFight/vAV3vIGr_0.avi,15,120,135,NonFight,0.001623
primary,val/Val_NonFight/vAV3vIGr_0.avi,16,128,143,NonFight,0.001554
primary,val/Val_NonFight/vDeu44Su_0.avi,0,0,15,NonFight,0.004573
primary,val/Val_NonFight/vDeu44Su_0.avi,1,8,23,NonFight,0.003734
primary,val/Val_NonFight/vDeu44Su_0.avi,2,16,31,NonFight,0.012508
primary,val/Val_NonFight/vDeu44Su_0.avi,3,24,39,NonFight,0.041544
primary,val/Val_NonFight/vDeu44Su_0.avi,4,32,47,NonFight,0.051878
primary,val/Val_NonFight/vDeu44Su_0.avi,5,40,55,NonFight,0.049532
primary,val/Val_NonFight/vDeu44Su_0.avi,6,48,63,NonFight,0.052688
primary,val/Val_NonFight/vDeu44Su_0.avi,7,56,71,NonFight,0.056631
primary,val/Val_NonFight/vDeu44Su_0.avi,8,64,79,NonFight,0.051585
primary,val/Val_NonFight/vDeu44Su_0.avi,9,72,87,NonFight,0.057104
primary,val/Val_NonFight/vDeu44Su_0.avi,10,80,95,NonFight,0.057041
primary,val/Val_NonFight/vDeu44Su_0.avi,11,88,103,NonFight,0.052639
primary,val/Val_NonFight/vDeu44Su_0.avi,12,96,111,NonFight,0.049817
primary,val/Val_NonFight/vDeu44Su_0.avi,13,104,119,NonFight,0.046537
primary,val/Val_NonFight/vDeu44Su_0.avi,14,112,127,NonFight,0.046836
primary,val/Val_NonFight/vDeu44Su_0.avi,15,120,135,NonFight,0.043929
primary,val/Val_NonFight/vDeu44Su_0.avi,16,128,143,NonFight,0.048513
primary,val/Val_NonFight/vKUjLaXO_0.avi,0,0,15,NonFight,0.000435
primary,val/Val_NonFight/vKUjLaXO_0.avi,1,8,23,NonFight,0.000372
primary,val/Val_NonFight/vKUjLaXO_0.avi,2,16,31,NonFight,0.000392
primary,val/Val_NonFight/vKUjLaXO_0.avi,3,24,39,NonFight,0.000429
primary,val/Val_NonFight/vKUjLaXO_0.avi,4,32,47,NonFight,0.000445
primary,val/Val_NonFight/vKUjLaXO_0.avi,5,40,55,NonFight,0.000519
primary,val/Val_NonFight/vKUjLaXO_0.avi,6,48,63,NonFight,0.000508
primary,val/Val_NonFight/vKUjLaXO_0.avi,7,56,71,NonFight,0.000454
primary,val/Val_NonFight/vKUjLaXO_0.avi,8,64,79,NonFight,0.000417
primary,val/Val_NonFight/vKUjLaXO_0.avi,9,72,87,NonFight,0.000215
primary,val/Val_NonFight/vKUjLaXO_0.avi,10,80,95,NonFight,0.000180
primary,val/Val_NonFight/vKUjLaXO_0.avi,11,88,103,NonFight,0.000143
primary,val/Val_NonFight/vKUjLaXO_0.avi,12,96,111,NonFight,0.000275
primary,val/Val_NonFight/vKUjLaXO_0.avi,13,104,119,NonFight,0.000241
primary,val/Val_NonFight/vKUjLaXO_0.avi,14,112,127,NonFight,0.000255
primary,val/Val_NonFight/vKUjLaXO_0.avi,15,120,135,NonFight,0.000172
primary,val/Val_NonFight/vKUjLaXO_0.avi,16,128,143,NonFight,0.000245
primary,val/Val_NonFight/vXGRa5D6_0.avi,0,0,15,NonFight,0.011295
primary,val/Val_NonFight/vXGRa5D6_0.avi,1,8,23,NonFight,0.013476
primary,val/Val_NonFight/vXGRa5D6_0.avi,2,16,31,NonFight,0.011910
primary,val/Val_NonFight/vXGRa5D6_0.avi,3,24,39,NonFight,0.011968
primary,val/Val_NonFight/vXGRa5D6_0.avi,4,32,47,NonFight,0.012897
primary,val/Val_NonFight/vXGRa5D6_0.avi,5,40,55,NonFight,0.006364
primary,val/Val_NonFight/vXGRa5D6_0.avi,6,48,63,NonFight,0.005592
primary,val/Val_NonFight/vXGRa5D6_0.avi,7,56,71,NonFight,0.006306
primary,val/Val_NonFight/vXGRa5D6_0.avi,8,64,79,NonFight,0.005691
primary,val/Val_NonFight/vXGRa5D6_0.avi,9,72,87,NonFight,0.006502
primary,val/Val_NonFight/vXGRa5D6_0.avi,10,80,95,NonFight,0.010677
primary,val/Val_NonFight/vXGRa5D6_0.avi,11,88,103,NonFight,0.040567
primary,val/Val_NonFight/vXGRa5D6_0.avi,12,96,111,NonFight,0.030598
primary,val/Val_NonFight/vXGRa5D6_0.avi,13,104,119,NonFight,0.032727
primary,val/Val_NonFight/vXGRa5D6_0.avi,14,112,127,NonFight,0.014686
primary,val/Val_NonFight/vXGRa5D6_0.avi,15,120,135,NonFight,0.013207
primary,val/Val_NonFight/vXGRa5D6_0.avi,16,128,143,NonFight,0.013104
primary,val/Val_NonFight/w6VytllR_0.avi,0,0,15,NonFight,0.000008
primary,val/Val_NonFight/w6VytllR_0.avi,1,8,23,NonFight,0.000006
primary,val/Val_NonFight/w6VytllR_0.avi,2,16,31,NonFight,0.000022
primary,val/Val_NonFight/w6VytllR_0.avi,3,24,39,NonFight,0.000062
primary,val/Val_NonFight/w6VytllR_0.avi,4,32,47,NonFight,0.000310
primary,val/Val_NonFight/w6VytllR_0.avi,5,40,55,NonFight,0.000551
primary,val/Val_NonFight/w6VytllR_0.avi,6,48,63,NonFight,0.000410
primary,val/Val_NonFight/w6VytllR_0.avi,7,56,71,NonFight,0.000648
primary,val/Val_NonFight/w6VytllR_0.avi,8,64,79,NonFight,0.000853
primary,val/Val_NonFight/w6VytllR_0.avi,9,72,87,NonFight,0.000950
primary,val/Val_NonFight/w6VytllR_0.avi,10,80,95,NonFight,0.000939
primary,val/Val_NonFight/w6VytllR_0.avi,11,88,103,NonFight,0.000814
primary,val/Val_NonFight/w6VytllR_0.avi,12,96,111,NonFight,0.000823
primary,val/Val_NonFight/w6VytllR_0.avi,13,104,119,NonFight,0.000803
primary,val/Val_NonFight/w6VytllR_0.avi,14,112,127,NonFight,0.000689
primary,val/Val_NonFight/w6VytllR_0.avi,15,120,135,NonFight,0.000408
primary,val/Val_NonFight/w6VytllR_0.avi,16,128,143,NonFight,0.000327
primary,val/Val_NonFight/wMcODEtzJIA_0.avi,0,0,15,NonFight,0.006837
primary,val/Val_NonFight/wMcODEtzJIA_0.avi,1,8,23,NonFight,0.003164
primary,val/Val_NonFight/wMcODEtzJIA_0.avi,2,16,31,NonFight,0.006193
primary,val/Val_NonFight/wMcODEtzJIA_0.avi,3,24,39,NonFight,0.009967
primary,val/Val_NonFight/wMcODEtzJIA_0.avi,4,32,47,NonFight,0.034914
primary,val/Val_NonFight/wMcODEtzJIA_0.avi,5,40,55,NonFight,0.049504
primary,val/Val_NonFight/wMcODEtzJIA_0.avi,6,48,63,NonFight,0.075733
primary,val/Val_NonFight/wMcODEtzJIA_0.avi,7,56,71,NonFight,0.306889
primary,val/Val_NonFight/wMcODEtzJIA_0.avi,8,64,79,NonFight,0.021521
primary,val/Val_NonFight/wMcODEtzJIA_0.avi,9,72,87,NonFight,0.020383
primary,val/Val_NonFight/wMcODEtzJIA_0.avi,10,80,95,NonFight,0.005493
primary,val/Val_NonFight/wMcODEtzJIA_0.avi,11,88,103,NonFight,0.042914
primary,val/Val_NonFight/wMcODEtzJIA_0.avi,12,96,111,NonFight,0.316212
primary,val/Val_NonFight/wMcODEtzJIA_0.avi,13,104,119,NonFight,0.023802
primary,val/Val_NonFight/wMcODEtzJIA_0.avi,14,112,127,NonFight,0.010176
primary,val/Val_NonFight/wMcODEtzJIA_0.avi,15,120,135,NonFight,0.004558
primary,val/Val_NonFight/wMcODEtzJIA_0.avi,16,128,143,NonFight,0.001370
primary,val/Val_NonFight/wMcODEtzJIA_1.avi,0,0,15,NonFight,0.004248
primary,val/Val_NonFight/wMcODEtzJIA_1.avi,1,8,23,NonFight,0.003640
primary,val/Val_NonFight/wMcODEtzJIA_1.avi,2,16,31,NonFight,0.003891
primary,val/Val_NonFight/wMcODEtzJIA_1.avi,3,24,39,NonFight,0.002643
primary,val/Val_NonFight/wMcODEtzJIA_1.avi,4,32,47,NonFight,0.002454
primary,val/Val_NonFight/wMcODEtzJIA_1.avi,5,40,55,NonFight,0.004371
primary,val/Val_NonFight/wMcODEtzJIA_1.avi,6,48,63,NonFight,0.005001
primary,val/Val_NonFight/wMcODEtzJIA_1.avi,7,56,71,NonFight,0.002515
primary,val/Val_NonFight/wMcODEtzJIA_1.avi,8,64,79,NonFight,0.005122
primary,val/Val_NonFight/wMcODEtzJIA_1.avi,9,72,87,NonFight,0.005566
primary,val/Val_NonFight/wMcODEtzJIA_1.avi,10,80,95,NonFight,0.003692
primary,val/Val_NonFight/wMcODEtzJIA_1.avi,11,88,103,NonFight,0.011975
primary,val/Val_NonFight/wMcODEtzJIA_1.avi,12,96,111,NonFight,0.007454
primary,val/Val_NonFight/wMcODEtzJIA_1.avi,13,104,119,NonFight,0.003601
primary,val/Val_NonFight/wMcODEtzJIA_1.avi,14,112,127,NonFight,0.006875
primary,val/Val_NonFight/wMcODEtzJIA_1.avi,15,120,135,NonFight,0.012027
primary,val/Val_NonFight/wMcODEtzJIA_1.avi,16,128,143,NonFight,0.011839
primary,val/Val_NonFight/wyLoweAn_9Q_0.avi,0,0,15,NonFight,0.000181
primary,val/Val_NonFight/wyLoweAn_9Q_0.avi,1,8,23,NonFight,0.000362
primary,val/Val_NonFight/wyLoweAn_9Q_0.avi,2,16,31,NonFight,0.000232
primary,val/Val_NonFight/wyLoweAn_9Q_0.avi,3,24,39,NonFight,0.000426
primary,val/Val_NonFight/wyLoweAn_9Q_0.avi,4,32,47,NonFight,0.001196
primary,val/Val_NonFight/wyLoweAn_9Q_0.avi,5,40,55,NonFight,0.000099
primary,val/Val_NonFight/wyLoweAn_9Q_0.avi,6,48,63,NonFight,0.000144
primary,val/Val_NonFight/wyLoweAn_9Q_0.avi,7,56,71,NonFight,0.000403
primary,val/Val_NonFight/wyLoweAn_9Q_0.avi,8,64,79,NonFight,0.000137
primary,val/Val_NonFight/wyLoweAn_9Q_0.avi,9,72,87,NonFight,0.000150
primary,val/Val_NonFight/wyLoweAn_9Q_0.avi,10,80,95,NonFight,0.000297
primary,val/Val_NonFight/wyLoweAn_9Q_0.avi,11,88,103,NonFight,0.000141
primary,val/Val_NonFight/wyLoweAn_9Q_0.avi,12,96,111,NonFight,0.000396
primary,val/Val_NonFight/wyLoweAn_9Q_0.avi,13,104,119,NonFight,0.000213
primary,val/Val_NonFight/wyLoweAn_9Q_0.avi,14,112,127,NonFight,0.000133
primary,val/Val_NonFight/wyLoweAn_9Q_0.avi,15,120,135,NonFight,0.000617
primary,val/Val_NonFight/wyLoweAn_9Q_0.avi,16,128,143,NonFight,0.000122
primary,val/Val_NonFight/wyLoweAn_9Q_1.avi,0,0,15,NonFight,0.001185
primary,val/Val_NonFight/wyLoweAn_9Q_1.avi,1,8,23,NonFight,0.003599
primary,val/Val_NonFight/wyLoweAn_9Q_1.avi,2,16,31,NonFight,0.005427
primary,val/Val_NonFight/wyLoweAn_9Q_1.avi,3,24,39,NonFight,0.003248
primary,val/Val_NonFight/wyLoweAn_9Q_1.avi,4,32,47,NonFight,0.003270
primary,val/Val_NonFight/wyLoweAn_9Q_1.avi,5,40,55,NonFight,0.000394
primary,val/Val_NonFight/wyLoweAn_9Q_1.avi,6,48,63,NonFight,0.008201
primary,val/Val_NonFight/wyLoweAn_9Q_1.avi,7,56,71,NonFight,0.012099
primary,val/Val_NonFight/wyLoweAn_9Q_1.avi,8,64,79,NonFight,0.000736
primary,val/Val_NonFight/wyLoweAn_9Q_1.avi,9,72,87,NonFight,0.018359
primary,val/Val_NonFight/wyLoweAn_9Q_1.avi,10,80,95,NonFight,0.091848
primary,val/Val_NonFight/wyLoweAn_9Q_1.avi,11,88,103,NonFight,0.016446
primary,val/Val_NonFight/wyLoweAn_9Q_1.avi,12,96,111,NonFight,0.054947
primary,val/Val_NonFight/wyLoweAn_9Q_1.avi,13,104,119,NonFight,0.057349
primary,val/Val_NonFight/wyLoweAn_9Q_1.avi,14,112,127,NonFight,0.015604
primary,val/Val_NonFight/wyLoweAn_9Q_1.avi,15,120,135,NonFight,0.054742
primary,val/Val_NonFight/wyLoweAn_9Q_1.avi,16,128,143,NonFight,0.029311
primary,val/Val_NonFight/xRbCHA5YTi8_0.avi,0,0,15,NonFight,0.150793
primary,val/Val_NonFight/xRbCHA5YTi8_0.avi,1,8,23,NonFight,0.483890
primary,val/Val_NonFight/xRbCHA5YTi8_0.avi,2,16,31,NonFight,0.268004
primary,val/Val_NonFight/xRbCHA5YTi8_0.avi,3,24,39,NonFight,0.083015
primary,val/Val_NonFight/xRbCHA5YTi8_0.avi,4,32,47,NonFight,0.141871
primary,val/Val_NonFight/xRbCHA5YTi8_0.avi,5,40,55,NonFight,0.074925
primary,val/Val_NonFight/xRbCHA5YTi8_0.avi,6,48,63,NonFight,0.039298
primary,val/Val_NonFight/xRbCHA5YTi8_0.avi,7,56,71,NonFight,0.001448
primary,val/Val_NonFight/xRbCHA5YTi8_0.avi,8,64,79,NonFight,0.000445
primary,val/Val_NonFight/xRbCHA5YTi8_0.avi,9,72,87,NonFight,0.000518
primary,val/Val_NonFight/xRbCHA5YTi8_0.avi,10,80,95,NonFight,0.004417
primary,val/Val_NonFight/xRbCHA5YTi8_0.avi,11,88,103,NonFight,0.001168
primary,val/Val_NonFight/xRbCHA5YTi8_0.avi,12,96,111,NonFight,0.000597
primary,val/Val_NonFight/xRbCHA5YTi8_0.avi,13,104,119,NonFight,0.000411
primary,val/Val_NonFight/xRbCHA5YTi8_0.avi,14,112,127,NonFight,0.000868
primary,val/Val_NonFight/xRbCHA5YTi8_0.avi,15,120,135,NonFight,0.001388
primary,val/Val_NonFight/xRbCHA5YTi8_0.avi,16,128,143,NonFight,0.000629
primary,val/Val_NonFight/y2pGPMqikJg_0.avi,0,0,15,NonFight,0.002694
primary,val/Val_NonFight/y2pGPMqikJg_0.avi,1,8,23,NonFight,0.003193
primary,val/Val_NonFight/y2pGPMqikJg_0.avi,2,16,31,NonFight,0.005182
primary,val/Val_NonFight/y2pGPMqikJg_0.avi,3,24,39,NonFight,0.006569
primary,val/Val_NonFight/y2pGPMqikJg_0.avi,4,32,47,NonFight,0.014976
primary,val/Val_NonFight/y2pGPMqikJg_0.avi,5,40,55,NonFight,0.012295
primary,val/Val_NonFight/y2pGPMqikJg_0.avi,6,48,63,NonFight,0.004619
primary,val/Val_NonFight/y2pGPMqikJg_0.avi,7,56,71,NonFight,0.005142
primary,val/Val_NonFight/y2pGPMqikJg_0.avi,8,64,79,NonFight,0.005982
primary,val/Val_NonFight/y2pGPMqikJg_0.avi,9,72,87,NonFight,0.003842
primary,val/Val_NonFight/y2pGPMqikJg_0.avi,10,80,95,NonFight,0.004734
primary,val/Val_NonFight/y2pGPMqikJg_0.avi,11,88,103,NonFight,0.003646
primary,val/Val_NonFight/y2pGPMqikJg_0.avi,12,96,111,NonFight,0.001792
primary,val/Val_NonFight/y2pGPMqikJg_0.avi,13,104,119,NonFight,0.005360
primary,val/Val_NonFight/y2pGPMqikJg_0.avi,14,112,127,NonFight,0.008480
primary,val/Val_NonFight/y2pGPMqikJg_0.avi,15,120,135,NonFight,0.004540
primary,val/Val_NonFight/y2pGPMqikJg_0.avi,16,128,143,NonFight,0.010347
primary,val/Val_NonFight/y2pGPMqikJg_1.avi,0,0,15,NonFight,0.035957
primary,val/Val_NonFight/y2pGPMqikJg_1.avi,1,8,23,NonFight,0.019531
primary,val/Val_NonFight/y2pGPMqikJg_1.avi,2,16,31,NonFight,0.008450
primary,val/Val_NonFight/y2pGPMqikJg_1.avi,3,24,39,NonFight,0.063250
primary,val/Val_NonFight/y2pGPMqikJg_1.avi,4,32,47,NonFight,0.043662
primary,val/Val_NonFight/y2pGPMqikJg_1.avi,5,40,55,NonFight,0.014579
primary,val/Val_NonFight/y2pGPMqikJg_1.avi,6,48,63,NonFight,0.005689
primary,val/Val_NonFight/y2pGPMqikJg_1.avi,7,56,71,NonFight,0.006572
primary,val/Val_NonFight/y2pGPMqikJg_1.avi,8,64,79,NonFight,0.009910
primary,val/Val_NonFight/y2pGPMqikJg_1.avi,9,72,87,NonFight,0.008469
primary,val/Val_NonFight/y2pGPMqikJg_1.avi,10,80,95,NonFight,0.008225
primary,val/Val_NonFight/y2pGPMqikJg_1.avi,11,88,103,NonFight,0.008014
primary,val/Val_NonFight/y2pGPMqikJg_1.avi,12,96,111,NonFight,0.006189
primary,val/Val_NonFight/y2pGPMqikJg_1.avi,13,104,119,NonFight,0.006524
primary,val/Val_NonFight/y2pGPMqikJg_1.avi,14,112,127,NonFight,0.005416
primary,val/Val_NonFight/y2pGPMqikJg_1.avi,15,120,135,NonFight,0.004679
primary,val/Val_NonFight/y2pGPMqikJg_1.avi,16,128,143,NonFight,0.006345
primary,val/Val_NonFight/yFaADLZw_0.avi,0,0,15,NonFight,0.022613
primary,val/Val_NonFight/yFaADLZw_0.avi,1,8,23,NonFight,0.040847
primary,val/Val_NonFight/yFaADLZw_0.avi,2,16,31,NonFight,0.043323
primary,val/Val_NonFight/yFaADLZw_0.avi,3,24,39,NonFight,0.044700
primary,val/Val_NonFight/yFaADLZw_0.avi,4,32,47,NonFight,0.041647
primary,val/Val_NonFight/yFaADLZw_0.avi,5,40,55,NonFight,0.055946
primary,val/Val_NonFight/yFaADLZw_0.avi,6,48,63,NonFight,0.048185
primary,val/Val_NonFight/yFaADLZw_0.avi,7,56,71,NonFight,0.041344
primary,val/Val_NonFight/yFaADLZw_0.avi,8,64,79,NonFight,0.060745
primary,val/Val_NonFight/yFaADLZw_0.avi,9,72,87,NonFight,0.049353
primary,val/Val_NonFight/yFaADLZw_0.avi,10,80,95,NonFight,0.055821
primary,val/Val_NonFight/yFaADLZw_0.avi,11,88,103,NonFight,0.079990
primary,val/Val_NonFight/yFaADLZw_0.avi,12,96,111,NonFight,0.079569
primary,val/Val_NonFight/yFaADLZw_0.avi,13,104,119,NonFight,0.071167
primary,val/Val_NonFight/yFaADLZw_0.avi,14,112,127,NonFight,0.062616
primary,val/Val_NonFight/yFaADLZw_0.avi,15,120,135,NonFight,0.045729
primary,val/Val_NonFight/yFaADLZw_0.avi,16,128,143,NonFight,0.043298
primary,val/Val_NonFight/yN11pFfP_0.avi,0,0,15,NonFight,0.000352
primary,val/Val_NonFight/yN11pFfP_0.avi,1,8,23,NonFight,0.000444
primary,val/Val_NonFight/yN11pFfP_0.avi,2,16,31,NonFight,0.000305
primary,val/Val_NonFight/yN11pFfP_0.avi,3,24,39,NonFight,0.000250
primary,val/Val_NonFight/yN11pFfP_0.avi,4,32,47,NonFight,0.000232
primary,val/Val_NonFight/yN11pFfP_0.avi,5,40,55,NonFight,0.000371
primary,val/Val_NonFight/yN11pFfP_0.avi,6,48,63,NonFight,0.000387
primary,val/Val_NonFight/yN11pFfP_0.avi,7,56,71,NonFight,0.000292
primary,val/Val_NonFight/yN11pFfP_0.avi,8,64,79,NonFight,0.000591
primary,val/Val_NonFight/yN11pFfP_0.avi,9,72,87,NonFight,0.000716
primary,val/Val_NonFight/yN11pFfP_0.avi,10,80,95,NonFight,0.000754
primary,val/Val_NonFight/yN11pFfP_0.avi,11,88,103,NonFight,0.000647
primary,val/Val_NonFight/yN11pFfP_0.avi,12,96,111,NonFight,0.000610
primary,val/Val_NonFight/yN11pFfP_0.avi,13,104,119,NonFight,0.000613
primary,val/Val_NonFight/yN11pFfP_0.avi,14,112,127,NonFight,0.000646
primary,val/Val_NonFight/yN11pFfP_0.avi,15,120,135,NonFight,0.000542
primary,val/Val_NonFight/yN11pFfP_0.avi,16,128,143,NonFight,0.000293
primary,val/Val_NonFight/zGBzk5SeJOw_0.avi,0,0,15,NonFight,0.031376
primary,val/Val_NonFight/zGBzk5SeJOw_0.avi,1,8,23,NonFight,0.014537
primary,val/Val_NonFight/zGBzk5SeJOw_0.avi,2,16,31,NonFight,0.021931
primary,val/Val_NonFight/zGBzk5SeJOw_0.avi,3,24,39,NonFight,0.052877
primary,val/Val_NonFight/zGBzk5SeJOw_0.avi,4,32,47,NonFight,0.043900
primary,val/Val_NonFight/zGBzk5SeJOw_0.avi,5,40,55,NonFight,0.017900
primary,val/Val_NonFight/zGBzk5SeJOw_0.avi,6,48,63,NonFight,0.018897
primary,val/Val_NonFight/zGBzk5SeJOw_0.avi,7,56,71,NonFight,0.020694
primary,val/Val_NonFight/zGBzk5SeJOw_0.avi,8,64,79,NonFight,0.022633
primary,val/Val_NonFight/zGBzk5SeJOw_0.avi,9,72,87,NonFight,0.029992
primary,val/Val_NonFight/zGBzk5SeJOw_0.avi,10,80,95,NonFight,0.051745
primary,val/Val_NonFight/zGBzk5SeJOw_0.avi,11,88,103,NonFight,0.015971
primary,val/Val_NonFight/zGBzk5SeJOw_0.avi,12,96,111,NonFight,0.095602
primary,val/Val_NonFight/zGBzk5SeJOw_0.avi,13,104,119,NonFight,0.079778
primary,val/Val_NonFight/zGBzk5SeJOw_0.avi,14,112,127,NonFight,0.088214
primary,val/Val_NonFight/zGBzk5SeJOw_0.avi,15,120,135,NonFight,0.060343
primary,val/Val_NonFight/zGBzk5SeJOw_0.avi,16,128,143,NonFight,0.172974
primary,val/Val_NonFight/zGBzk5SeJOw_1.avi,0,0,15,NonFight,0.038000
primary,val/Val_NonFight/zGBzk5SeJOw_1.avi,1,8,23,NonFight,0.007317
primary,val/Val_NonFight/zGBzk5SeJOw_1.avi,2,16,31,NonFight,0.008232
primary,val/Val_NonFight/zGBzk5SeJOw_1.avi,3,24,39,NonFight,0.007217
primary,val/Val_NonFight/zGBzk5SeJOw_1.avi,4,32,47,NonFight,0.001990
primary,val/Val_NonFight/zGBzk5SeJOw_1.avi,5,40,55,NonFight,0.009242
primary,val/Val_NonFight/zGBzk5SeJOw_1.avi,6,48,63,NonFight,0.004085
primary,val/Val_NonFight/zGBzk5SeJOw_1.avi,7,56,71,NonFight,0.003334
primary,val/Val_NonFight/zGBzk5SeJOw_1.avi,8,64,79,NonFight,0.001396
primary,val/Val_NonFight/zGBzk5SeJOw_1.avi,9,72,87,NonFight,0.002757
primary,val/Val_NonFight/zGBzk5SeJOw_1.avi,10,80,95,NonFight,0.005034
primary,val/Val_NonFight/zGBzk5SeJOw_1.avi,11,88,103,NonFight,0.015795
primary,val/Val_NonFight/zGBzk5SeJOw_1.avi,12,96,111,NonFight,0.016680
primary,val/Val_NonFight/zGBzk5SeJOw_1.avi,13,104,119,NonFight,0.022215
primary,val/Val_NonFight/zGBzk5SeJOw_1.avi,14,112,127,NonFight,0.027163
primary,val/Val_NonFight/zGBzk5SeJOw_1.avi,15,120,135,NonFight,0.034457
primary,val/Val_NonFight/zGBzk5SeJOw_1.avi,16,128,143,NonFight,0.017320
primary,val/Val_NonFight/zMbmPG71_0.avi,0,0,15,NonFight,0.010242
primary,val/Val_NonFight/zMbmPG71_0.avi,1,8,23,NonFight,0.009013
primary,val/Val_NonFight/zMbmPG71_0.avi,2,16,31,NonFight,0.008175
primary,val/Val_NonFight/zMbmPG71_0.avi,3,24,39,NonFight,0.007705
primary,val/Val_NonFight/zMbmPG71_0.avi,4,32,47,NonFight,0.007360
primary,val/Val_NonFight/zMbmPG71_0.avi,5,40,55,NonFight,0.007327
primary,val/Val_NonFight/zMbmPG71_0.avi,6,48,63,NonFight,0.009358
primary,val/Val_NonFight/zMbmPG71_0.avi,7,56,71,NonFight,0.010418
primary,val/Val_NonFight/zMbmPG71_0.avi,8,64,79,NonFight,0.010355
primary,val/Val_NonFight/zMbmPG71_0.avi,9,72,87,NonFight,0.010658
primary,val/Val_NonFight/zMbmPG71_0.avi,10,80,95,NonFight,0.009609
primary,val/Val_NonFight/zMbmPG71_0.avi,11,88,103,NonFight,0.008959
primary,val/Val_NonFight/zMbmPG71_0.avi,12,96,111,NonFight,0.009304
primary,val/Val_NonFight/zMbmPG71_0.avi,13,104,119,NonFight,0.009848
primary,val/Val_NonFight/zMbmPG71_0.avi,14,112,127,NonFight,0.009927
primary,val/Val_NonFight/zMbmPG71_0.avi,15,120,135,NonFight,0.012445
primary,val/Val_NonFight/zMbmPG71_0.avi,16,128,143,NonFight,0.012099
primary,val/Val_NonFight/zOqs7Oh9oDM_0.avi,0,0,15,NonFight,0.139018
primary,val/Val_NonFight/zOqs7Oh9oDM_0.avi,1,8,23,NonFight,0.003549
primary,val/Val_NonFight/zOqs7Oh9oDM_0.avi,2,16,31,NonFight,0.003493
primary,val/Val_NonFight/zOqs7Oh9oDM_0.avi,3,24,39,NonFight,0.001551
primary,val/Val_NonFight/zOqs7Oh9oDM_0.avi,4,32,47,NonFight,0.002086
primary,val/Val_NonFight/zOqs7Oh9oDM_0.avi,5,40,55,NonFight,0.001438
primary,val/Val_NonFight/zOqs7Oh9oDM_0.avi,6,48,63,NonFight,0.000829
primary,val/Val_NonFight/zOqs7Oh9oDM_0.avi,7,56,71,NonFight,0.001387
primary,val/Val_NonFight/zOqs7Oh9oDM_0.avi,8,64,79,NonFight,0.004092
primary,val/Val_NonFight/zOqs7Oh9oDM_0.avi,9,72,87,NonFight,0.005234
primary,val/Val_NonFight/zOqs7Oh9oDM_0.avi,10,80,95,NonFight,0.009152
primary,val/Val_NonFight/zOqs7Oh9oDM_0.avi,11,88,103,NonFight,0.012990
primary,val/Val_NonFight/zOqs7Oh9oDM_0.avi,12,96,111,NonFight,0.012088
primary,val/Val_NonFight/zOqs7Oh9oDM_0.avi,13,104,119,NonFight,0.008921
primary,val/Val_NonFight/zOqs7Oh9oDM_0.avi,14,112,127,NonFight,0.016131
primary,val/Val_NonFight/zOqs7Oh9oDM_0.avi,15,120,135,NonFight,0.018160
primary,val/Val_NonFight/zOqs7Oh9oDM_0.avi,16,128,143,NonFight,0.012140
primary,val/Val_NonFight/zWevuNTR_0.avi,0,0,15,NonFight,0.001342
primary,val/Val_NonFight/zWevuNTR_0.avi,1,8,23,NonFight,0.001292
primary,val/Val_NonFight/zWevuNTR_0.avi,2,16,31,NonFight,0.001308
primary,val/Val_NonFight/zWevuNTR_0.avi,3,24,39,NonFight,0.001070
primary,val/Val_NonFight/zWevuNTR_0.avi,4,32,47,NonFight,0.001259
primary,val/Val_NonFight/zWevuNTR_0.avi,5,40,55,NonFight,0.001295
primary,val/Val_NonFight/zWevuNTR_0.avi,6,48,63,NonFight,0.001311
primary,val/Val_NonFight/zWevuNTR_0.avi,7,56,71,NonFight,0.001164
primary,val/Val_NonFight/zWevuNTR_0.avi,8,64,79,NonFight,0.001056
primary,val/Val_NonFight/zWevuNTR_0.avi,9,72,87,NonFight,0.001129
primary,val/Val_NonFight/zWevuNTR_0.avi,10,80,95,NonFight,0.001145
primary,val/Val_NonFight/zWevuNTR_0.avi,11,88,103,NonFight,0.001154
primary,val/Val_NonFight/zWevuNTR_0.avi,12,96,111,NonFight,0.001163
primary,val/Val_NonFight/zWevuNTR_0.avi,13,104,119,NonFight,0.000969
primary,val/Val_NonFight/zWevuNTR_0.avi,14,112,127,NonFight,0.001004
primary,val/Val_NonFight/zWevuNTR_0.avi,15,120,135,NonFight,0.000990
primary,val/Val_NonFight/zWevuNTR_0.avi,16,128,143,NonFight,0.001188
primary,val/Val_NonFight/zsvJyWXp_0.avi,0,0,15,NonFight,0.000155
primary,val/Val_NonFight/zsvJyWXp_0.avi,1,8,23,NonFight,0.000355
primary,val/Val_NonFight/zsvJyWXp_0.avi,2,16,31,NonFight,0.000606
primary,val/Val_NonFight/zsvJyWXp_0.avi,3,24,39,NonFight,0.000501
primary,val/Val_NonFight/zsvJyWXp_0.avi,4,32,47,NonFight,0.001033
primary,val/Val_NonFight/zsvJyWXp_0.avi,5,40,55,NonFight,0.000545
primary,val/Val_NonFight/zsvJyWXp_0.avi,6,48,63,NonFight,0.000456
primary,val/Val_NonFight/zsvJyWXp_0.avi,7,56,71,NonFight,0.000504
primary,val/Val_NonFight/zsvJyWXp_0.avi,8,64,79,NonFight,0.000096
primary,val/Val_NonFight/zsvJyWXp_0.avi,9,72,87,NonFight,0.000075
primary,val/Val_NonFight/zsvJyWXp_0.avi,10,80,95,NonFight,0.000451
primary,val/Val_NonFight/zsvJyWXp_0.avi,11,88,103,NonFight,0.000287
primary,val/Val_NonFight/zsvJyWXp_0.avi,12,96,111,NonFight,0.000240
primary,val/Val_NonFight/zsvJyWXp_0.avi,13,104,119,NonFight,0.000323
primary,val/Val_NonFight/zsvJyWXp_0.avi,14,112,127,NonFight,0.000479
primary,val/Val_NonFight/zsvJyWXp_0.avi,15,120,135,NonFight,0.000129
primary,val/Val_NonFight/zsvJyWXp_0.avi,16,128,143,NonFight,0.000034
